<?xml version="1.0" encoding="UTF-8"?><rtc_cm:WorkItemTemplate  xmlns:dc="http://purl.org/dc/terms/"  xmlns:rtc_cm="http://jazz.net/xmlns/prod/jazz/rtc/cm/1.0/"  xmlns:rdf="http://www.w3.org/1999/02/22-rdf-syntax-ns#"><!--#RMC#process.name=hi_fi_modelingprocess.guid=_4vJEUbw5Ed-eitZNR_0_Rgconfiguration.name=zdefault_for_practice.real_time.base-ibmconfiguration.guid=_FetVgLB5Ed-_-u_W99sqSA#RMC#--><dc:identifier>esw_hifi_modeling</dc:identifier><dc:title>ESW: Hi-Fi Modeling</dc:title><dc:description></dc:description><rtc_cm:workItems><rtc_cm:task rdf:ID="item0"><dc:title>High-Fidelity Modeling</dc:title><dc:description>&#13;&#10;&#13;&#10;See &lt;a href=&quot;../../../ESW/process.real_time.base-ibm/capabilitypatterns/hi_fi_modeling_6294D12E.html&quot;&gt;detailed description&lt;/a&gt;.</dc:description><rtc_cm:filedAgainst rdf:resource="${filedAgainst:Category}"/><rtc_cm:plannedFor rdf:resource="${plannedFor:Iteration}"/></rtc_cm:task></rtc_cm:workItems></rtc_cm:WorkItemTemplate>