<?xml version="1.0" encoding="UTF-8"?><rtc_cm:WorkItemTemplate  xmlns:dc="http://purl.org/dc/terms/"  xmlns:rtc_cm="http://jazz.net/xmlns/prod/jazz/rtc/cm/1.0/"  xmlns:rdf="http://www.w3.org/1999/02/22-rdf-syntax-ns#"><!--#RMC#process.name=elab_srsprocess.guid=_xPSq8WG0Ed6ByZ91UzrddQconfiguration.name=zdefault_for_practice.real_time.base-ibmconfiguration.guid=_FetVgLB5Ed-_-u_W99sqSA#RMC#--><dc:identifier>esw_elab_srs</dc:identifier><dc:title>ESW: Elaborate SRS</dc:title><dc:description></dc:description><rtc_cm:workItems><rtc_cm:task rdf:ID="item0"><dc:title>Elaborate System Requirements Specification</dc:title><dc:description>&#13;&#10;&#13;&#10;See &lt;a href=&quot;../../../ESW/practice.tech.syseng.elab_draft_srs.base-ibm/capabilitypatterns/elab_srs_B9253AA5.html&quot;&gt;detailed description&lt;/a&gt;.</dc:description><rtc_cm:filedAgainst rdf:resource="${filedAgainst:Category}"/><rtc_cm:plannedFor rdf:resource="${plannedFor:Iteration}"/></rtc_cm:task><rtc_cm:task rdf:ID="item1"><dc:title>Analyze and Refine Stakeholder Requirements</dc:title><dc:description>This task captures and describes the stakeholder requirements for the &quot;system to be&quot;.&#13;&#10;&#13;&#10;See &lt;a href=&quot;../../../ESW/practice.tech.syseng.elab_draft_srs.base-ibm/capabilitypatterns/an_stk_reqs_EF0DD1D1.html&quot;&gt;detailed description&lt;/a&gt;.</dc:description><rtc_cm:filedAgainst rdf:resource="${filedAgainst:Category}"/><rtc_cm:plannedFor rdf:resource="${plannedFor:Iteration}"/><rtc_cm:com.ibm.team.workitem.linktype.parentworkitem.parent rdf:resource="#item0"/></rtc_cm:task><rtc_cm:task rdf:ID="item2"><dc:title>Identify System Use Cases</dc:title><dc:description>This task describes the steps performed during the identification of the system use cases.&#13;&#10;&#13;&#10;See &lt;a href=&quot;../../../ESW/practice.tech.syseng.elab_draft_srs.base-ibm/capabilitypatterns/id_sys_uc_5725F1F3.html&quot;&gt;detailed description&lt;/a&gt;.</dc:description><rtc_cm:filedAgainst rdf:resource="${filedAgainst:Category}"/><rtc_cm:plannedFor rdf:resource="${plannedFor:Iteration}"/><rtc_cm:com.ibm.team.workitem.linktype.parentworkitem.parent rdf:resource="#item0"/><rtc_cm:com.ibm.team.workitem.linktype.blocksworkitem.dependsOn rdf:resource="#item3"/><rtc_cm:com.ibm.team.workitem.linktype.blocksworkitem.dependsOn rdf:resource="#item5"/></rtc_cm:task><rtc_cm:task rdf:ID="item3"><dc:title>Generate System Requirements</dc:title><dc:description>This task generates the system requirements for the &quot;system to be&quot; from the stakeholder requirements.&#13;&#10;&#13;&#10;See &lt;a href=&quot;../../../ESW/practice.tech.syseng.elab_draft_srs.base-ibm/capabilitypatterns/gen_sys_reqs_8E2DA3C.html&quot;&gt;detailed description&lt;/a&gt;.</dc:description><rtc_cm:filedAgainst rdf:resource="${filedAgainst:Category}"/><rtc_cm:plannedFor rdf:resource="${plannedFor:Iteration}"/><rtc_cm:com.ibm.team.workitem.linktype.parentworkitem.parent rdf:resource="#item0"/><rtc_cm:com.ibm.team.workitem.linktype.blocksworkitem.dependsOn rdf:resource="#item1"/></rtc_cm:task><rtc_cm:task rdf:ID="item4"><dc:title>Trace Use Cases to System Requirements</dc:title><dc:description>This task establishes traceability from use cases to the relevant system requirements.&#13;&#10;&#13;&#10;See &lt;a href=&quot;../../../ESW/practice.tech.syseng.elab_draft_srs.base-ibm/capabilitypatterns/trace_uc_reqs_DCF91A52.html&quot;&gt;detailed description&lt;/a&gt;.</dc:description><rtc_cm:filedAgainst rdf:resource="${filedAgainst:Category}"/><rtc_cm:plannedFor rdf:resource="${plannedFor:Iteration}"/><rtc_cm:com.ibm.team.workitem.linktype.parentworkitem.parent rdf:resource="#item0"/><rtc_cm:com.ibm.team.workitem.linktype.blocksworkitem.dependsOn rdf:resource="#item2"/></rtc_cm:task><rtc_cm:task rdf:ID="item5"><dc:title>Link Stakeholder Requirements to System Requirements</dc:title><dc:description>This task presents some of the key aspects of maintaining the traceability between the stakeholder requirements and the system requirements.&#13;&#10;&#13;&#10;See &lt;a href=&quot;../../../ESW/practice.tech.syseng.elab_draft_srs.base-ibm/capabilitypatterns/link_reqs_DD18066B.html&quot;&gt;detailed description&lt;/a&gt;.</dc:description><rtc_cm:filedAgainst rdf:resource="${filedAgainst:Category}"/><rtc_cm:plannedFor rdf:resource="${plannedFor:Iteration}"/><rtc_cm:com.ibm.team.workitem.linktype.parentworkitem.parent rdf:resource="#item0"/><rtc_cm:com.ibm.team.workitem.linktype.blocksworkitem.dependsOn rdf:resource="#item1"/></rtc_cm:task><rtc_cm:task rdf:ID="item6"><dc:title>Prioritize and Partition Use Cases</dc:title><dc:description>This task is where the system use cases are prioritized, so that their order of development can be decided and the architecturally-significant system use cases are identified and prioritized.&#13;&#10;&#13;&#10;See &lt;a href=&quot;../../../ESW/practice.tech.syseng.elab_draft_srs.base-ibm/capabilitypatterns/pri_part_uc_A832A446.html&quot;&gt;detailed description&lt;/a&gt;.</dc:description><rtc_cm:filedAgainst rdf:resource="${filedAgainst:Category}"/><rtc_cm:plannedFor rdf:resource="${plannedFor:Iteration}"/><rtc_cm:com.ibm.team.workitem.linktype.parentworkitem.parent rdf:resource="#item0"/></rtc_cm:task></rtc_cm:workItems></rtc_cm:WorkItemTemplate>