<?xml version="1.0" encoding="UTF-8"?><rtc_cm:WorkItemTemplate  xmlns:dc="http://purl.org/dc/terms/"  xmlns:rtc_cm="http://jazz.net/xmlns/prod/jazz/rtc/cm/1.0/"  xmlns:rdf="http://www.w3.org/1999/02/22-rdf-syntax-ns#"><!--#RMC#process.name=mech_dsgn_rtprocess.guid=_k6ra0bFCEd-mOKCs6c0xZQconfiguration.name=zdefault_for_practice.real_time.base-ibmconfiguration.guid=_FetVgLB5Ed-_-u_W99sqSA#RMC#--><dc:identifier>esw_collab_dsgn</dc:identifier><dc:title>ESW: Collaboration Design</dc:title><dc:description></dc:description><rtc_cm:workItems><rtc_cm:task rdf:ID="item0"><dc:title>Collaboration Design - RT</dc:title><dc:description>&#13;&#10;&#13;&#10;See &lt;a href=&quot;../../../ESW/process.real_time.base-ibm/capabilitypatterns/mech_dsgn_rt_603447DF.html&quot;&gt;detailed description&lt;/a&gt;.</dc:description><rtc_cm:filedAgainst rdf:resource="${filedAgainst:Category}"/><rtc_cm:plannedFor rdf:resource="${plannedFor:Iteration}"/></rtc_cm:task><rtc_cm:task rdf:ID="item1"><dc:title>Define Criteria and Scope</dc:title><dc:description>&#13;&#10;&#13;&#10;See &lt;a href=&quot;../../../ESW/process.real_time.base-ibm/capabilitypatterns/def_criteria_scope_5F8046F4.html&quot;&gt;detailed description&lt;/a&gt;.</dc:description><rtc_cm:filedAgainst rdf:resource="${filedAgainst:Category}"/><rtc_cm:plannedFor rdf:resource="${plannedFor:Iteration}"/><rtc_cm:com.ibm.team.workitem.linktype.parentworkitem.parent rdf:resource="#item0"/></rtc_cm:task><rtc_cm:task rdf:ID="item2"><dc:title>Design and Optimize - Collaboration Level</dc:title><dc:description>&#13;&#10;&#13;&#10;See &lt;a href=&quot;../../../ESW/process.real_time.base-ibm/capabilitypatterns/mech_dsgn_opt_rt_AFCC8E3D.html&quot;&gt;detailed description&lt;/a&gt;.</dc:description><rtc_cm:filedAgainst rdf:resource="${filedAgainst:Category}"/><rtc_cm:plannedFor rdf:resource="${plannedFor:Iteration}"/><rtc_cm:com.ibm.team.workitem.linktype.parentworkitem.parent rdf:resource="#item0"/><rtc_cm:com.ibm.team.workitem.linktype.blocksworkitem.dependsOn rdf:resource="#item1"/></rtc_cm:task><rtc_cm:task rdf:ID="item3"><dc:title>Translate and Validate - Collaboration Level</dc:title><dc:description>&#13;&#10;&#13;&#10;See &lt;a href=&quot;../../../ESW/process.real_time.base-ibm/capabilitypatterns/trans_val_mech_9894EF89.html&quot;&gt;detailed description&lt;/a&gt;.</dc:description><rtc_cm:filedAgainst rdf:resource="${filedAgainst:Category}"/><rtc_cm:plannedFor rdf:resource="${plannedFor:Iteration}"/><rtc_cm:com.ibm.team.workitem.linktype.parentworkitem.parent rdf:resource="#item0"/><rtc_cm:com.ibm.team.workitem.linktype.blocksworkitem.dependsOn rdf:resource="#item2"/></rtc_cm:task></rtc_cm:workItems></rtc_cm:WorkItemTemplate>