<?xml version="1.0" encoding="UTF-8"?><rtc_cm:WorkItemTemplate  xmlns:dc="http://purl.org/dc/terms/"  xmlns:rtc_cm="http://jazz.net/xmlns/prod/jazz/rtc/cm/1.0/"  xmlns:rdf="http://www.w3.org/1999/02/22-rdf-syntax-ns#"><!--#RMC#process.name=val_uc_seqprocess.guid=_FWr3QXItEd6TqoTvu90UgAconfiguration.name=zdefault_for_practice.real_time.base-ibmconfiguration.guid=_FetVgLB5Ed-_-u_W99sqSA#RMC#--><dc:identifier>esw_build_val_ucs_seq</dc:identifier><dc:title>ESW: Build and Validate UCs</dc:title><dc:description></dc:description><rtc_cm:workItems><rtc_cm:task rdf:ID="item0"><dc:title>Build and Validate Use Cases [Scenario Driven]</dc:title><dc:description>Scenario-driven.&#13;&#10;&#13;&#10;See &lt;a href=&quot;../../../ESW/practice.tech.syseng.build_validate_uc.base-ibm/capabilitypatterns/val_uc_seq_95FC6A43.html&quot;&gt;detailed description&lt;/a&gt;.</dc:description><rtc_cm:filedAgainst rdf:resource="${filedAgainst:Category}"/><rtc_cm:plannedFor rdf:resource="${plannedFor:Iteration}"/></rtc_cm:task><rtc_cm:task rdf:ID="item1"><dc:title>Define Use-Case System Context</dc:title><dc:description>This task translates a use case and its associated actors into relevant blocks in a SysML structure diagram (Internal Block Diagram).&#13;&#10;&#13;&#10;See &lt;a href=&quot;../../../ESW/practice.tech.syseng.build_validate_uc.base-ibm/capabilitypatterns/define_uc_sys_context_24DFD461.html&quot;&gt;detailed description&lt;/a&gt;.</dc:description><rtc_cm:filedAgainst rdf:resource="${filedAgainst:Category}"/><rtc_cm:plannedFor rdf:resource="${plannedFor:Iteration}"/><rtc_cm:com.ibm.team.workitem.linktype.parentworkitem.parent rdf:resource="#item0"/></rtc_cm:task><rtc_cm:task rdf:ID="item2"><dc:title>Define Use-Case Scenarios</dc:title><dc:description>This task describes how to define the main use-case scenarios.&#13;&#10;&#13;&#10;See &lt;a href=&quot;../../../ESW/practice.tech.syseng.build_validate_uc.base-ibm/capabilitypatterns/define_uc_scenarios_DE8A6F90.html&quot;&gt;detailed description&lt;/a&gt;.</dc:description><rtc_cm:filedAgainst rdf:resource="${filedAgainst:Category}"/><rtc_cm:plannedFor rdf:resource="${plannedFor:Iteration}"/><rtc_cm:com.ibm.team.workitem.linktype.parentworkitem.parent rdf:resource="#item0"/><rtc_cm:com.ibm.team.workitem.linktype.blocksworkitem.dependsOn rdf:resource="#item1"/></rtc_cm:task><rtc_cm:task rdf:ID="item3"><dc:title>Derive Use-Case Functional Flow</dc:title><dc:description>This task describes how to merge all defined scenarios into a common workflow.&#13;&#10;&#13;&#10;See &lt;a href=&quot;../../../ESW/practice.tech.syseng.build_validate_uc.base-ibm/capabilitypatterns/derive_uc_func_flow_A0B3662F.html&quot;&gt;detailed description&lt;/a&gt;.</dc:description><rtc_cm:filedAgainst rdf:resource="${filedAgainst:Category}"/><rtc_cm:plannedFor rdf:resource="${plannedFor:Iteration}"/><rtc_cm:com.ibm.team.workitem.linktype.parentworkitem.parent rdf:resource="#item0"/><rtc_cm:com.ibm.team.workitem.linktype.blocksworkitem.dependsOn rdf:resource="#item2"/></rtc_cm:task><rtc_cm:task rdf:ID="item4"><dc:title>Define Ports and Interfaces</dc:title><dc:description>This task focuses on defining the communication between the use-case block and its actor(s) via UML/SysML standard ports.&#13;&#10;&#13;&#10;See &lt;a href=&quot;../../../ESW/practice.tech.syseng.build_validate_uc.base-ibm/capabilitypatterns/define_ports_intfcs_49DBFE0F.html&quot;&gt;detailed description&lt;/a&gt;.</dc:description><rtc_cm:filedAgainst rdf:resource="${filedAgainst:Category}"/><rtc_cm:plannedFor rdf:resource="${plannedFor:Iteration}"/><rtc_cm:com.ibm.team.workitem.linktype.parentworkitem.parent rdf:resource="#item0"/><rtc_cm:com.ibm.team.workitem.linktype.blocksworkitem.dependsOn rdf:resource="#item3"/></rtc_cm:task><rtc_cm:task rdf:ID="item5"><dc:title>Derive Use-Case State Behavior</dc:title><dc:description>This task defines the state-based behavior for a use-case block.&#13;&#10;&#13;&#10;See &lt;a href=&quot;../../../ESW/practice.tech.syseng.build_validate_uc.base-ibm/capabilitypatterns/derive_uc_state_behavior_EA0663F4.html&quot;&gt;detailed description&lt;/a&gt;.</dc:description><rtc_cm:filedAgainst rdf:resource="${filedAgainst:Category}"/><rtc_cm:plannedFor rdf:resource="${plannedFor:Iteration}"/><rtc_cm:com.ibm.team.workitem.linktype.parentworkitem.parent rdf:resource="#item0"/><rtc_cm:com.ibm.team.workitem.linktype.blocksworkitem.dependsOn rdf:resource="#item4"/></rtc_cm:task><rtc_cm:task rdf:ID="item6"><dc:title>Verify and Validate Functional Requirements</dc:title><dc:description>This task verifies and validates the model through model execution on the basis of the associated scenarios. The correctness and compeletness analysis is based on the visual inspection of the model behavior.&#13;&#10;&#13;&#10;See &lt;a href=&quot;../../../ESW/practice.tech.syseng.build_validate_uc.base-ibm/capabilitypatterns/ver_val_func_reqs_5E6D1B83.html&quot;&gt;detailed description&lt;/a&gt;.</dc:description><rtc_cm:filedAgainst rdf:resource="${filedAgainst:Category}"/><rtc_cm:plannedFor rdf:resource="${plannedFor:Iteration}"/><rtc_cm:com.ibm.team.workitem.linktype.parentworkitem.parent rdf:resource="#item0"/><rtc_cm:com.ibm.team.workitem.linktype.blocksworkitem.dependsOn rdf:resource="#item5"/></rtc_cm:task><rtc_cm:task rdf:ID="item7"><dc:title>Perform Rainy-Day Analysis</dc:title><dc:description>This task focuses on the identification of system error / fail behavior that was not covered in the initial set of requirements.&#13;&#10;&#13;&#10;See &lt;a href=&quot;../../../ESW/practice.tech.syseng.build_validate_uc.base-ibm/capabilitypatterns/perform_rainy_day_analysis_BDAFA3AA.html&quot;&gt;detailed description&lt;/a&gt;.</dc:description><rtc_cm:filedAgainst rdf:resource="${filedAgainst:Category}"/><rtc_cm:plannedFor rdf:resource="${plannedFor:Iteration}"/><rtc_cm:com.ibm.team.workitem.linktype.parentworkitem.parent rdf:resource="#item0"/><rtc_cm:com.ibm.team.workitem.linktype.blocksworkitem.dependsOn rdf:resource="#item6"/></rtc_cm:task><rtc_cm:task rdf:ID="item8"><dc:title>Update and Maintain Requirements</dc:title><dc:description>This task establishes traceability from the Use-Case block properties to the relevant system requirements.&#13;&#10;&#13;&#10;See &lt;a href=&quot;../../../ESW/practice.tech.syseng.build_validate_uc.base-ibm/capabilitypatterns/update_maintain_reqs_B452CA45.html&quot;&gt;detailed description&lt;/a&gt;.</dc:description><rtc_cm:filedAgainst rdf:resource="${filedAgainst:Category}"/><rtc_cm:plannedFor rdf:resource="${plannedFor:Iteration}"/><rtc_cm:com.ibm.team.workitem.linktype.parentworkitem.parent rdf:resource="#item0"/></rtc_cm:task></rtc_cm:workItems></rtc_cm:WorkItemTemplate>