<?xml version='1.0' encoding='UTF-8'?>
<!-- This document was created with Syntext Serna Free. -->
<rtc_cm:WorkItemTemplate xmlns:dc="http://purl.org/dc/terms/" xmlns:rtc_cm="http://jazz.net/xmlns/prod/jazz/rtc/cm/1.0/" xmlns:rdf="http://www.w3.org/1999/02/22-rdf-syntax-ns#">
<!--#RMC#process.name=2 Management of functional safetyprocess.guid=_3Emw4YenEeCn6qzj2PKcxgconfiguration.name=configuration.guid=_AdKhoM73EeC7WZs2TvSOIQ#RMC#-->  <dc:identifier>25_man_ov_safty</dc:identifier>
  <dc:title>2.5 Management of Overall Safety</dc:title>
  <dc:description>Ensures that the organization is capable of complying to ISO 26262, by requiring that the organization has the correct culture and resources in place. It also sets out the initial plans for the development of an ISO 26262 item.</dc:description>
  <rtc_cm:workItems>
    <rtc_cm:task rdf:ID="_9oviIM8KEeC7WZs2TvSOIQ">
      <dc:title>2.5 Management of overall safety</dc:title>
      <dc:description>Ensures that the organization is capable of complying to ISO 26262, by requiring that the organization has the correct culture and resources in place. It also sets out the initial plans for the development of an ISO 26262 item. See &lt;a href=&quot;../../../iso26262/process.compliance.iso26262.base-ibm/capabilitypatterns/2.5%20Management%20of%20overall%20safety_20236EB4.html&quot;&gt;detailed description&lt;/a&gt;.</dc:description>
      <rtc_cm:filedAgainst rdf:resource="${filedAgainst:Category}"/>
      <rtc_cm:plannedFor rdf:resource="${plannedFor:Iteration}"/>
    </rtc_cm:task>
    <rtc_cm:task rdf:ID="_9oviIc8KEeC7WZs2TvSOIQ">
      <dc:title>Capture organizational rules and process for functional safety</dc:title>
      <dc:description>Examine the overall governance of the local processes and rules and ensure a safety culture is already in place. See &lt;a href=&quot;../../../iso26262/process.compliance.iso26262.base-ibm/capabilitypatterns/Capture%20organisational%20rules%20and%20process%20for%20functional%20safety_125283D9.html&quot;&gt;detailed description&lt;/a&gt;.</dc:description>
      <rtc_cm:filedAgainst rdf:resource="${filedAgainst:Category}"/>
      <rtc_cm:plannedFor rdf:resource="${plannedFor:Iteration}"/>
      <rtc_cm:com.ibm.team.workitem.linktype.parentworkitem.parent rdf:resource="#_9oviIM8KEeC7WZs2TvSOIQ"/>
    </rtc_cm:task>
    <rtc_cm:task rdf:ID="_9oviIs8KEeC7WZs2TvSOIQ">
      <dc:title>Gather evidence that a quality management system is in place</dc:title>
      <dc:description>The organizations involved in the item development must be compliant with a quality standard such as ISO TS 16949 or ISO 9001 or there equivalents prior to starting work. See &lt;a href=&quot;../../../iso26262/process.compliance.iso26262.base-ibm/capabilitypatterns/Gather%20evidence%20that%20a%20quality%20management%20system%20is%20in%20place_619A2763.html&quot;&gt;detailed description&lt;/a&gt;.</dc:description>
      <rtc_cm:filedAgainst rdf:resource="${filedAgainst:Category}"/>
      <rtc_cm:plannedFor rdf:resource="${plannedFor:Iteration}"/>
      <rtc_cm:com.ibm.team.workitem.linktype.parentworkitem.parent rdf:resource="#_9oviIM8KEeC7WZs2TvSOIQ"/>
    </rtc_cm:task>
  </rtc_cm:workItems>
</rtc_cm:WorkItemTemplate>
