<?xml version='1.0' encoding='UTF-8'?>
<!-- This document was created with Syntext Serna Free. -->
<rtc_cm:WorkItemTemplate xmlns:dc="http://purl.org/dc/terms/" xmlns:rdf="http://www.w3.org/1999/02/22-rdf-syntax-ns#" xmlns:rtc_cm="http://jazz.net/xmlns/prod/jazz/rtc/cm/1.0/">
  <dc:identifier>com.ibm.team.workitem.template1</dc:identifier>
  <dc:title>2.5.1 Gather Evidence of Staff Qualifications and Experience</dc:title>
  <dc:description>Ongoing task carried out repeatedly through the safety lifecycle to ensure all staff are properly trained and experienced in the roles around functional safety.</dc:description>
  <rtc_cm:workItems>
    <rtc_cm:task rdf:ID="_F7pB4M8KEeC7WZs2TvSOIQ">
      <dc:title>Gather evidence staff safety related competencies</dc:title>
      <dc:description>Ensure that people have sufficient skills to carry out development of safety related items. This is an ongoing task due to the churn of employees as they join or leave the project. See &lt;a href=&quot;../../../iso26262/process.compliance.iso26262.base-ibm/capabilitypatterns/Evidence%20of%20staff%20safety%20related%20competencies_93A3CA79.html&quot;&gt;detailed description&lt;/a&gt;.</dc:description>
      <rtc_cm:filedAgainst rdf:resource="${filedAgainst:Category}"/>
      <rtc_cm:plannedFor rdf:resource="${plannedFor:Iteration}"/>
    </rtc_cm:task>
  </rtc_cm:workItems>
</rtc_cm:WorkItemTemplate>
