<?xml version='1.0' encoding='UTF-8'?>
<!-- This document was created with Syntext Serna Free. -->
<rtc_cm:WorkItemTemplate xmlns:dc="http://purl.org/dc/terms/" xmlns:rtc_cm="http://jazz.net/xmlns/prod/jazz/rtc/cm/1.0/" xmlns:rdf="http://www.w3.org/1999/02/22-rdf-syntax-ns#">
<!--#RMC#process.name=2 Management of functional safetyprocess.guid=_3Emw4YenEeCn6qzj2PKcxgconfiguration.name=configuration.guid=_AdKhoM73EeC7WZs2TvSOIQ#RMC#-->  <dc:identifier>26_dev_safty_man</dc:identifier>
  <dc:title>2.6 Safety Management through the development phase</dc:title>
  <dc:description>Deals with the planning task for the development phase of the project. It covers the Concept Phase, Systems Engineering and Integration, and hardware and software development.</dc:description>
  <rtc_cm:workItems>
    <rtc_cm:task rdf:ID="_U3SFUM8LEeC7WZs2TvSOIQ">
      <dc:title>2.6 Development Safety Management</dc:title>
      <dc:description>Deals with the planning task for the development phase of the project. It covers the Concept Phase, Systems Engineering and Integration, and hardware and software development. See &lt;a href=&quot;../../../iso26262/process.compliance.iso26262.base-ibm/capabilitypatterns/2.6%20Development%20Safety%20Management_8B0619BE.html&quot;&gt;detailed description&lt;/a&gt;.</dc:description>
      <rtc_cm:filedAgainst rdf:resource="${filedAgainst:Category}"/>
      <rtc_cm:plannedFor rdf:resource="${plannedFor:Iteration}"/>
    </rtc_cm:task>
    <rtc_cm:task rdf:ID="_U3SFUc8LEeC7WZs2TvSOIQ">
      <dc:title>Assign Project Manager</dc:title>
      <dc:description>Assign a suitably qualified person who has overall responsibility and authority to ensure that the safety activities are performed and compliance with ISO 26262 achieved. See &lt;a href=&quot;../../../iso26262/process.compliance.iso26262.base-ibm/capabilitypatterns/Assign%20Project%20Manager_677F16CF.html&quot;&gt;detailed description&lt;/a&gt;.</dc:description>
      <rtc_cm:filedAgainst rdf:resource="${filedAgainst:Category}"/>
      <rtc_cm:plannedFor rdf:resource="${plannedFor:Iteration}"/>
      <rtc_cm:com.ibm.team.workitem.linktype.parentworkitem.parent rdf:resource="#_U3SFUM8LEeC7WZs2TvSOIQ"/>
    </rtc_cm:task>
    <rtc_cm:task rdf:ID="_U3SFUs8LEeC7WZs2TvSOIQ">
      <dc:title>Assign Safety Manager</dc:title>
      <dc:description>Assign a suitable qualified person to be responsible for functional safety management during the item development. See &lt;a href=&quot;../../../iso26262/process.compliance.iso26262.base-ibm/capabilitypatterns/Assign%20Safety%20Manager_89B943B3.html&quot;&gt;detailed description&lt;/a&gt;.</dc:description>
      <rtc_cm:filedAgainst rdf:resource="${filedAgainst:Category}"/>
      <rtc_cm:plannedFor rdf:resource="${plannedFor:Iteration}"/>
      <rtc_cm:com.ibm.team.workitem.linktype.parentworkitem.parent rdf:resource="#_U3SFUM8LEeC7WZs2TvSOIQ"/>
      <rtc_cm:com.ibm.team.workitem.linktype.blocksworkitem.dependsOn rdf:resource="#_U3SFUc8LEeC7WZs2TvSOIQ"/>
    </rtc_cm:task>
    <rtc_cm:task rdf:ID="_U3SFU88LEeC7WZs2TvSOIQ">
      <dc:title>Organise Process and Tools Team</dc:title>
      <dc:description>Most companies will have a department that deals with the setup and administration of tools and process. The intent of this task is to give this team responsibility for setting up the various tools to be used by the project and supporting documentation environment. See &lt;a href=&quot;../../../iso26262/process.compliance.iso26262.base-ibm/capabilitypatterns/Organise%20Process%20and%20Tools%20Team_CFF57742.html&quot;&gt;detailed description&lt;/a&gt;.</dc:description>
      <rtc_cm:filedAgainst rdf:resource="${filedAgainst:Category}"/>
      <rtc_cm:plannedFor rdf:resource="${plannedFor:Iteration}"/>
      <rtc_cm:com.ibm.team.workitem.linktype.parentworkitem.parent rdf:resource="#_U3SFUM8LEeC7WZs2TvSOIQ"/>
      <rtc_cm:com.ibm.team.workitem.linktype.blocksworkitem.dependsOn rdf:resource="#_U3SFUs8LEeC7WZs2TvSOIQ"/>
    </rtc_cm:task>
    <rtc_cm:task rdf:ID="_U3SFVM8LEeC7WZs2TvSOIQ">
      <dc:title>Develop functional safety assessment plan</dc:title>
      <dc:description>The planning task around the functional safety assessment,it is recommended for items with a safety goal ASIL of B and a requirement for ASILs C and D. See &lt;a href=&quot;../../../iso26262/process.compliance.iso26262.base-ibm/capabilitypatterns/Develop%20functional%20safety%20asessment%20plan_7DFAB7D5.html&quot;&gt;detailed description&lt;/a&gt;.</dc:description>
      <rtc_cm:filedAgainst rdf:resource="${filedAgainst:Category}"/>
      <rtc_cm:plannedFor rdf:resource="${plannedFor:Iteration}"/>
      <rtc_cm:com.ibm.team.workitem.linktype.parentworkitem.parent rdf:resource="#_U3SFUM8LEeC7WZs2TvSOIQ"/>
      <rtc_cm:com.ibm.team.workitem.linktype.blocksworkitem.dependsOn rdf:resource="#_U3SFVc8LEeC7WZs2TvSOIQ"/>
    </rtc_cm:task>
    <rtc_cm:task rdf:ID="_U3SFVc8LEeC7WZs2TvSOIQ">
      <dc:title>Determine confirmation measures</dc:title>
      <dc:description>Confirmation measures capture the means of assessing how the ISO 26262 requirements are met. They are detailed in the complete clause 6.4.6, ISO 26262 Vol 2 and appendix C of this document. Particular notice should be taken of Tables 1 and 2 in this section and section 6.4.6.4 which describes the levels of independent review required by the standard. See &lt;a href=&quot;../../../iso26262/process.compliance.iso26262.base-ibm/capabilitypatterns/Determine%20confirmation%20measures_50FAF799.html&quot;&gt;detailed description&lt;/a&gt;.</dc:description>
      <rtc_cm:filedAgainst rdf:resource="${filedAgainst:Category}"/>
      <rtc_cm:plannedFor rdf:resource="${plannedFor:Iteration}"/>
      <rtc_cm:com.ibm.team.workitem.linktype.parentworkitem.parent rdf:resource="#_U3SFUM8LEeC7WZs2TvSOIQ"/>
      <rtc_cm:com.ibm.team.workitem.linktype.blocksworkitem.dependsOn rdf:resource="#_U3SFUs8LEeC7WZs2TvSOIQ"/>
    </rtc_cm:task>
    <rtc_cm:task rdf:ID="_U3SFVs8LEeC7WZs2TvSOIQ">
      <dc:title>Develop confirmation plan</dc:title>
      <dc:description>The confirmation plan details the scheduling or general planning of the safety assessment, with more details being given in the functional safety assessment plan. See &lt;a href=&quot;../../../iso26262/process.compliance.iso26262.base-ibm/capabilitypatterns/Develop%20confirmation%20plan_4C8BFFA9.html&quot;&gt;detailed description&lt;/a&gt;.</dc:description>
      <rtc_cm:filedAgainst rdf:resource="${filedAgainst:Category}"/>
      <rtc_cm:plannedFor rdf:resource="${plannedFor:Iteration}"/>
      <rtc_cm:com.ibm.team.workitem.linktype.parentworkitem.parent rdf:resource="#_U3SFUM8LEeC7WZs2TvSOIQ"/>
      <rtc_cm:com.ibm.team.workitem.linktype.blocksworkitem.dependsOn rdf:resource="#_U3SFUs8LEeC7WZs2TvSOIQ"/>
    </rtc_cm:task>
    <rtc_cm:task rdf:ID="_U3SFV88LEeC7WZs2TvSOIQ">
      <dc:title>Organize and ensure sufficient qualified resources are available for the project</dc:title>
      <dc:description>This is a joint responsibility of the organisation, human resources and the project manager. See &lt;a href=&quot;../../../iso26262/process.compliance.iso26262.base-ibm/capabilitypatterns/Organise%20and%20ensure%20sufficient%20qualified%20resources%20are%20available_74CC1421.html&quot;&gt;detailed description&lt;/a&gt;.</dc:description>
      <rtc_cm:filedAgainst rdf:resource="${filedAgainst:Category}"/>
      <rtc_cm:plannedFor rdf:resource="${plannedFor:Iteration}"/>
      <rtc_cm:com.ibm.team.workitem.linktype.parentworkitem.parent rdf:resource="#_U3SFUM8LEeC7WZs2TvSOIQ"/>
      <rtc_cm:com.ibm.team.workitem.linktype.blocksworkitem.dependsOn rdf:resource="#_U3SFUs8LEeC7WZs2TvSOIQ"/>
    </rtc_cm:task>
    <rtc_cm:task rdf:ID="_U3SFWM8LEeC7WZs2TvSOIQ">
      <dc:title>Develop safety case</dc:title>
      <dc:description>The safety case is applicable to items that have at least one safety goal with an ASIL of B, C and D, and recommended for items with an ASIL of A. It is compiled throughout the safety lifecycle and consists of of the work products that are generated as a result of the activities that support the safety lifecycle. See &lt;a href=&quot;../../../iso26262/process.compliance.iso26262.base-ibm/capabilitypatterns/Develop%20safety%20case_FB69B65.html&quot;&gt;detailed description&lt;/a&gt;.</dc:description>
      <rtc_cm:filedAgainst rdf:resource="${filedAgainst:Category}"/>
      <rtc_cm:plannedFor rdf:resource="${plannedFor:Iteration}"/>
      <rtc_cm:com.ibm.team.workitem.linktype.parentworkitem.parent rdf:resource="#_U3SFUM8LEeC7WZs2TvSOIQ"/>
      <rtc_cm:com.ibm.team.workitem.linktype.blocksworkitem.dependsOn rdf:resource="#_U3SFWc8LEeC7WZs2TvSOIQ"/>
    </rtc_cm:task>
    <rtc_cm:task rdf:ID="_U3SFWc8LEeC7WZs2TvSOIQ">
      <dc:title>Develop safety plan</dc:title>
      <dc:description>The task of safety planning is applicable to any item that has at least one safety goal with an ASIL of A,B,C or D. The safety plan is a live set of documents that gets refined throughout the safety lifecycle. It references numerous parts of ISO 26262, these are further detailed in the guidance. See &lt;a href=&quot;../../../iso26262/process.compliance.iso26262.base-ibm/capabilitypatterns/Develop%20safety%20plan_FBFEE6D4.html&quot;&gt;detailed description&lt;/a&gt;.</dc:description>
      <rtc_cm:filedAgainst rdf:resource="${filedAgainst:Category}"/>
      <rtc_cm:plannedFor rdf:resource="${plannedFor:Iteration}"/>
      <rtc_cm:com.ibm.team.workitem.linktype.parentworkitem.parent rdf:resource="#_U3SFUM8LEeC7WZs2TvSOIQ"/>
      <rtc_cm:com.ibm.team.workitem.linktype.blocksworkitem.dependsOn rdf:resource="#_U3SFV88LEeC7WZs2TvSOIQ"/>
      <rtc_cm:com.ibm.team.workitem.linktype.blocksworkitem.dependsOn rdf:resource="#_U3SFVs8LEeC7WZs2TvSOIQ"/>
      <rtc_cm:com.ibm.team.workitem.linktype.blocksworkitem.dependsOn rdf:resource="#_U3SFVM8LEeC7WZs2TvSOIQ"/>
      <rtc_cm:com.ibm.team.workitem.linktype.blocksworkitem.dependsOn rdf:resource="#_U3SFWs8LEeC7WZs2TvSOIQ"/>
      <rtc_cm:com.ibm.team.workitem.linktype.blocksworkitem.dependsOn rdf:resource="#_U3SFW88LEeC7WZs2TvSOIQ"/>
    </rtc_cm:task>
    <rtc_cm:task rdf:ID="_U3SFWs8LEeC7WZs2TvSOIQ">
      <dc:title>Tool Environment Setup</dc:title>
      <dc:description> See &lt;a href=&quot;../../../iso26262/process.compliance.iso26262.base-ibm/capabilitypatterns/Tool%20Environment%20Setup_5133EC86.html&quot;&gt;detailed description&lt;/a&gt;.</dc:description>
      <rtc_cm:filedAgainst rdf:resource="${filedAgainst:Category}"/>
      <rtc_cm:plannedFor rdf:resource="${plannedFor:Iteration}"/>
      <rtc_cm:com.ibm.team.workitem.linktype.parentworkitem.parent rdf:resource="#_U3SFUM8LEeC7WZs2TvSOIQ"/>
      <rtc_cm:com.ibm.team.workitem.linktype.blocksworkitem.dependsOn rdf:resource="#_U3SFU88LEeC7WZs2TvSOIQ"/>
    </rtc_cm:task>
    <rtc_cm:task rdf:ID="_U3SFW88LEeC7WZs2TvSOIQ">
      <dc:title>Project independent tailoring of the safety cycle</dc:title>
      <dc:description>The process of tailoring the safety lifecycle to fit in with the methods and practices of the organization providing certain conditions are met given in ISO 26262 Vol 2, clause 5.4.5 See &lt;a href=&quot;../../../iso26262/process.compliance.iso26262.base-ibm/capabilitypatterns/Project%20independant%20tailoring%20of%20the%20safety%20cycle_F1FE3998.html&quot;&gt;detailed description&lt;/a&gt;.</dc:description>
      <rtc_cm:filedAgainst rdf:resource="${filedAgainst:Category}"/>
      <rtc_cm:plannedFor rdf:resource="${plannedFor:Iteration}"/>
      <rtc_cm:com.ibm.team.workitem.linktype.parentworkitem.parent rdf:resource="#_U3SFUM8LEeC7WZs2TvSOIQ"/>
    </rtc_cm:task>
  </rtc_cm:workItems>
</rtc_cm:WorkItemTemplate>
