<?xml version='1.0' encoding='UTF-8'?>
<!-- This document was created with Syntext Serna Free. -->
<rtc_cm:WorkItemTemplate xmlns:dc="http://purl.org/dc/terms/" xmlns:rtc_cm="http://jazz.net/xmlns/prod/jazz/rtc/cm/1.0/" xmlns:rdf="http://www.w3.org/1999/02/22-rdf-syntax-ns#">
<!--#RMC#process.name=3 Concept Phaseprocess.guid=_aVsC4ZXgEeCbdJb0WnOTDQconfiguration.name=configuration.guid=_BP_FsM73EeC7WZs2TvSOIQ#RMC#-->  <dc:identifier>3_con_phs</dc:identifier>
  <dc:title>3 Concept Phase</dc:title>
  <dc:description>The concept phase deals with the initial development of the item. It details the initial description of the item, capturing its functionality, interfaces, environmental operating conditions and constraints, legal requirements and potential hazards. Once the item definition has been developed an analysis performed to determine whether this is a new development or a modification of the an existing product, depending upon the outcome of the task the safety lifecycle maybe tailored or not.A hazard and risk analysis carried out to determine the possible failure modes, ASIL levels and safety goals of the item. From this analysis a functional safety concept is developed. This is based upon the preliminary architectural assumptions and provides the basis for the functional safety requirements which are allocated to elements of the system.</dc:description>
  <rtc_cm:workItems>
    <rtc_cm:task rdf:ID="_BapbkM8NEeC7WZs2TvSOIQ">
      <dc:title>3 Concept Phase</dc:title>
      <dc:description>The concept phase deals with the initial development of the item. It details the initial description of the item, capturing its functionality, interfaces, environmental operating conditions and constraints, legal requirements and potential hazards. Once the item definition has been developed an analysis performed to determine whether this is a new development or a modification of the an existing product, depending upon the outcome of the task the safety lifecycle maybe tailored or not. A hazard and risk analysis carried out to determine the possible failure modes, ASIL levels and safety goals of the item. From this analysis a functional safety concept is developed. This is based upon the preliminary architectural assumptions and provides the basis for the functional safety requirements which are allocated to elements of the system. See &lt;a href=&quot;../../../iso26262/process.compliance.iso26262.base-ibm/capabilitypatterns/3%20Concept%20Phase_288A0375.html&quot;&gt;detailed description&lt;/a&gt;.</dc:description>
      <rtc_cm:filedAgainst rdf:resource="${filedAgainst:Category}"/>
      <rtc_cm:plannedFor rdf:resource="${plannedFor:Iteration}"/>
    </rtc_cm:task>
    <rtc_cm:task rdf:ID="_Bapbkc8NEeC7WZs2TvSOIQ">
      <dc:title>3.5 Item Definition</dc:title>
      <dc:description>The item definition stage relates to the gathering of information about the item and the organization of the information as a set of requirements See &lt;a href=&quot;../../../iso26262/process.compliance.iso26262.base-ibm/capabilitypatterns/3.5%20Item%20Definition_9960AEB.html&quot;&gt;detailed description&lt;/a&gt;.</dc:description>
      <rtc_cm:filedAgainst rdf:resource="${filedAgainst:Category}"/>
      <rtc_cm:plannedFor rdf:resource="${plannedFor:Iteration}"/>
      <rtc_cm:com.ibm.team.workitem.linktype.parentworkitem.parent rdf:resource="#_BapbkM8NEeC7WZs2TvSOIQ"/>
    </rtc_cm:task>
    <rtc_cm:task rdf:ID="_Bapbks8NEeC7WZs2TvSOIQ">
      <dc:title>Gather prexisting information</dc:title>
      <dc:description>Brings together information of value to the development team. See &lt;a href=&quot;../../../iso26262/process.compliance.iso26262.base-ibm/capabilitypatterns/Gather%20prexisting%20information_E2831098.html&quot;&gt;detailed description&lt;/a&gt;.</dc:description>
      <rtc_cm:filedAgainst rdf:resource="${filedAgainst:Category}"/>
      <rtc_cm:plannedFor rdf:resource="${plannedFor:Iteration}"/>
      <rtc_cm:com.ibm.team.workitem.linktype.parentworkitem.parent rdf:resource="#_Bapbkc8NEeC7WZs2TvSOIQ"/>
    </rtc_cm:task>
    <rtc_cm:task rdf:ID="_Bapbk88NEeC7WZs2TvSOIQ">
      <dc:title>Create Item definition</dc:title>
      <dc:description>Capture information relevant to the item such as to support an adequate understanding of the items intended behavior. See &lt;a href=&quot;../../../iso26262/process.compliance.iso26262.base-ibm/capabilitypatterns/Create%20Item%20definition_A714F2B7.html&quot;&gt;detailed description&lt;/a&gt;.</dc:description>
      <rtc_cm:filedAgainst rdf:resource="${filedAgainst:Category}"/>
      <rtc_cm:plannedFor rdf:resource="${plannedFor:Iteration}"/>
      <rtc_cm:com.ibm.team.workitem.linktype.parentworkitem.parent rdf:resource="#_Bapbkc8NEeC7WZs2TvSOIQ"/>
      <rtc_cm:com.ibm.team.workitem.linktype.blocksworkitem.dependsOn rdf:resource="#_Bapbks8NEeC7WZs2TvSOIQ"/>
    </rtc_cm:task>
    <rtc_cm:task rdf:ID="_BapblM8NEeC7WZs2TvSOIQ">
      <dc:title>Create requirements hierarchy</dc:title>
      <dc:description>The task of organizing the requirements in a logical manner. See &lt;a href=&quot;../../../iso26262/process.compliance.iso26262.base-ibm/capabilitypatterns/Create%20requirements%20hierarchy_CE27ED0A.html&quot;&gt;detailed description&lt;/a&gt;.</dc:description>
      <rtc_cm:filedAgainst rdf:resource="${filedAgainst:Category}"/>
      <rtc_cm:plannedFor rdf:resource="${plannedFor:Iteration}"/>
      <rtc_cm:com.ibm.team.workitem.linktype.parentworkitem.parent rdf:resource="#_Bapbkc8NEeC7WZs2TvSOIQ"/>
    </rtc_cm:task>
    <rtc_cm:task rdf:ID="_Bapblc8NEeC7WZs2TvSOIQ">
      <dc:title>Populate requirements hierarchy</dc:title>
      <dc:description>The task of loading the requirements into the requirements database. See &lt;a href=&quot;../../../iso26262/process.compliance.iso26262.base-ibm/capabilitypatterns/Populate%20requirements%20heirarchy_3E3B1CF2.html&quot;&gt;detailed description&lt;/a&gt;.</dc:description>
      <rtc_cm:filedAgainst rdf:resource="${filedAgainst:Category}"/>
      <rtc_cm:plannedFor rdf:resource="${plannedFor:Iteration}"/>
      <rtc_cm:com.ibm.team.workitem.linktype.parentworkitem.parent rdf:resource="#_Bapbkc8NEeC7WZs2TvSOIQ"/>
      <rtc_cm:com.ibm.team.workitem.linktype.blocksworkitem.dependsOn rdf:resource="#_BapblM8NEeC7WZs2TvSOIQ"/>
    </rtc_cm:task>
    <rtc_cm:task rdf:ID="_Bapbls8NEeC7WZs2TvSOIQ">
      <dc:title>3.6 Initiate Safety Lifecycle</dc:title>
      <dc:description>The initiation of the safety lifecycle concerns the determination of the type of product to be developed (i.e. based upon existing product or a new product) and based upon this tailoring of the safety lifecycle. It provides the rationale for the tailoring. See &lt;a href=&quot;../../../iso26262/process.compliance.iso26262.base-ibm/capabilitypatterns/3.6%20Initiate%20Safety%20Lifecycle_2D1AFD2B.html&quot;&gt;detailed description&lt;/a&gt;.</dc:description>
      <rtc_cm:filedAgainst rdf:resource="${filedAgainst:Category}"/>
      <rtc_cm:plannedFor rdf:resource="${plannedFor:Iteration}"/>
      <rtc_cm:com.ibm.team.workitem.linktype.parentworkitem.parent rdf:resource="#_BapbkM8NEeC7WZs2TvSOIQ"/>
      <rtc_cm:com.ibm.team.workitem.linktype.blocksworkitem.dependsOn rdf:resource="#_Bapbkc8NEeC7WZs2TvSOIQ"/>
    </rtc_cm:task>
    <rtc_cm:task rdf:ID="_Bapbl88NEeC7WZs2TvSOIQ">
      <dc:title>Determine Development Category</dc:title>
      <dc:description>Understand the scope of the work to be carried out. See &lt;a href=&quot;../../../iso26262/process.compliance.iso26262.base-ibm/capabilitypatterns/Determine%20Development%20Category_F64463B7.html&quot;&gt;detailed description&lt;/a&gt;.</dc:description>
      <rtc_cm:filedAgainst rdf:resource="${filedAgainst:Category}"/>
      <rtc_cm:plannedFor rdf:resource="${plannedFor:Iteration}"/>
      <rtc_cm:com.ibm.team.workitem.linktype.parentworkitem.parent rdf:resource="#_Bapbls8NEeC7WZs2TvSOIQ"/>
    </rtc_cm:task>
    <rtc_cm:task rdf:ID="_BapbmM8NEeC7WZs2TvSOIQ">
      <dc:title>Apply entire safety lifecycle</dc:title>
      <dc:description>Refine planning of the complete safety lifecycle according to the item definition. See &lt;a href=&quot;../../../iso26262/process.compliance.iso26262.base-ibm/capabilitypatterns/Apply%20entire%20safety%20lifecycle_FFAF4547.html&quot;&gt;detailed description&lt;/a&gt;.</dc:description>
      <rtc_cm:filedAgainst rdf:resource="${filedAgainst:Category}"/>
      <rtc_cm:plannedFor rdf:resource="${plannedFor:Iteration}"/>
      <rtc_cm:com.ibm.team.workitem.linktype.parentworkitem.parent rdf:resource="#_Bapbls8NEeC7WZs2TvSOIQ"/>
    </rtc_cm:task>
    <rtc_cm:task rdf:ID="_Bapbmc8NEeC7WZs2TvSOIQ">
      <dc:title>Determine relevant sub-phases of lifecycle</dc:title>
      <dc:description>Determine the scope of the development project based upon how much modification is required and if (for example) the project is solely Hardware or Software based. This affects the sub-phases of the safety lifecycle that need to be carried out. See &lt;a href=&quot;../../../iso26262/process.compliance.iso26262.base-ibm/capabilitypatterns/Determine%20relevant%20subphases%20of%20lifecycle_4C844F12.html&quot;&gt;detailed description&lt;/a&gt;.</dc:description>
      <rtc_cm:filedAgainst rdf:resource="${filedAgainst:Category}"/>
      <rtc_cm:plannedFor rdf:resource="${plannedFor:Iteration}"/>
      <rtc_cm:com.ibm.team.workitem.linktype.parentworkitem.parent rdf:resource="#_Bapbls8NEeC7WZs2TvSOIQ"/>
      <rtc_cm:com.ibm.team.workitem.linktype.blocksworkitem.dependsOn rdf:resource="#_Bapbms8NEeC7WZs2TvSOIQ"/>
    </rtc_cm:task>
    <rtc_cm:task rdf:ID="_Bapbms8NEeC7WZs2TvSOIQ">
      <dc:title>Carry out impact analysis</dc:title>
      <dc:description>Analysis to understand the modification and the impact that the intended modifications will have on the item and its environment. A detailed understanding of the sort of modifications that can be applied to an item and the sort of analysis that needs to be carried out can be found in ISO 26262 Vol 3 clause 6.4.2. See &lt;a href=&quot;../../../iso26262/process.compliance.iso26262.base-ibm/capabilitypatterns/Carry%20out%20impact%20analysis_D5A81350.html&quot;&gt;detailed description&lt;/a&gt;.</dc:description>
      <rtc_cm:filedAgainst rdf:resource="${filedAgainst:Category}"/>
      <rtc_cm:plannedFor rdf:resource="${plannedFor:Iteration}"/>
      <rtc_cm:com.ibm.team.workitem.linktype.parentworkitem.parent rdf:resource="#_Bapbls8NEeC7WZs2TvSOIQ"/>
    </rtc_cm:task>
    <rtc_cm:task rdf:ID="_Bapbm88NEeC7WZs2TvSOIQ">
      <dc:title>Tailor safety lifecycle</dc:title>
      <dc:description>The process of adapting the safety lifecycle to met the type of development required by the item and still be compliant with ISO 26262. See &lt;a href=&quot;../../../iso26262/process.compliance.iso26262.base-ibm/capabilitypatterns/Tailor%20safety%20lifecycle_9ED179DC.html&quot;&gt;detailed description&lt;/a&gt;.</dc:description>
      <rtc_cm:filedAgainst rdf:resource="${filedAgainst:Category}"/>
      <rtc_cm:plannedFor rdf:resource="${plannedFor:Iteration}"/>
      <rtc_cm:com.ibm.team.workitem.linktype.parentworkitem.parent rdf:resource="#_Bapbls8NEeC7WZs2TvSOIQ"/>
      <rtc_cm:com.ibm.team.workitem.linktype.blocksworkitem.dependsOn rdf:resource="#_Bapbmc8NEeC7WZs2TvSOIQ"/>
    </rtc_cm:task>
    <rtc_cm:task rdf:ID="_BapbnM8NEeC7WZs2TvSOIQ">
      <dc:title>Refine Safety Plan and other documents</dc:title>
      <dc:description>Update of the safety plan and other relevant documents such as the confirmation and validation plan plus any others that are affected that by modifications to the safety lifecycle. See &lt;a href=&quot;../../../iso26262/process.compliance.iso26262.base-ibm/capabilitypatterns/Refine%20Safety%20Plan%20and%20other%20documents_41E66F02.html&quot;&gt;detailed description&lt;/a&gt;.</dc:description>
      <rtc_cm:filedAgainst rdf:resource="${filedAgainst:Category}"/>
      <rtc_cm:plannedFor rdf:resource="${plannedFor:Iteration}"/>
      <rtc_cm:com.ibm.team.workitem.linktype.parentworkitem.parent rdf:resource="#_Bapbls8NEeC7WZs2TvSOIQ"/>
      <rtc_cm:com.ibm.team.workitem.linktype.blocksworkitem.dependsOn rdf:resource="#_Bapbm88NEeC7WZs2TvSOIQ"/>
      <rtc_cm:com.ibm.team.workitem.linktype.blocksworkitem.dependsOn rdf:resource="#_BapbmM8NEeC7WZs2TvSOIQ"/>
    </rtc_cm:task>
    <rtc_cm:task rdf:ID="_Bapbnc8NEeC7WZs2TvSOIQ">
      <dc:title>3.7 Hazard analysis and risk assessment</dc:title>
      <dc:description>The hazard analysis and risk assessment phase is used to identify potential failure modes and faults that could occur in the item to be developed and from this information the ASILs and safety goals of the item are determined. See &lt;a href=&quot;../../../iso26262/process.compliance.iso26262.base-ibm/capabilitypatterns/3.7%20Hazard%20analysis%20and%20risk%20assessment_37BF0C6B.html&quot;&gt;detailed description&lt;/a&gt;.</dc:description>
      <rtc_cm:filedAgainst rdf:resource="${filedAgainst:Category}"/>
      <rtc_cm:plannedFor rdf:resource="${plannedFor:Iteration}"/>
      <rtc_cm:com.ibm.team.workitem.linktype.parentworkitem.parent rdf:resource="#_BapbkM8NEeC7WZs2TvSOIQ"/>
      <rtc_cm:com.ibm.team.workitem.linktype.blocksworkitem.dependsOn rdf:resource="#_Bapbls8NEeC7WZs2TvSOIQ"/>
    </rtc_cm:task>
    <rtc_cm:task rdf:ID="_Bapbns8NEeC7WZs2TvSOIQ">
      <dc:title>Situation analysis and hazard identification</dc:title>
      <dc:description>The task of determining the situations and operating modes and behaviours that can lead to a hazard or risk. See &lt;a href=&quot;../../../iso26262/process.compliance.iso26262.base-ibm/capabilitypatterns/Situation%20analysis%20and%20hazard%20identification_5CFF53E4.html&quot;&gt;detailed description&lt;/a&gt;.</dc:description>
      <rtc_cm:filedAgainst rdf:resource="${filedAgainst:Category}"/>
      <rtc_cm:plannedFor rdf:resource="${plannedFor:Iteration}"/>
      <rtc_cm:com.ibm.team.workitem.linktype.parentworkitem.parent rdf:resource="#_Bapbnc8NEeC7WZs2TvSOIQ"/>
    </rtc_cm:task>
    <rtc_cm:task rdf:ID="_Bapbn88NEeC7WZs2TvSOIQ">
      <dc:title>Hazard and risk classification</dc:title>
      <dc:description>The task of determining the Severity, Probability and Controllability of an identified hazard or risk See &lt;a href=&quot;../../../iso26262/process.compliance.iso26262.base-ibm/capabilitypatterns/Hazard%20and%20risk%20classification_F4257E1F.html&quot;&gt;detailed description&lt;/a&gt;.</dc:description>
      <rtc_cm:filedAgainst rdf:resource="${filedAgainst:Category}"/>
      <rtc_cm:plannedFor rdf:resource="${plannedFor:Iteration}"/>
      <rtc_cm:com.ibm.team.workitem.linktype.parentworkitem.parent rdf:resource="#_Bapbnc8NEeC7WZs2TvSOIQ"/>
      <rtc_cm:com.ibm.team.workitem.linktype.blocksworkitem.dependsOn rdf:resource="#_Bapbns8NEeC7WZs2TvSOIQ"/>
    </rtc_cm:task>
    <rtc_cm:task rdf:ID="_BapboM8NEeC7WZs2TvSOIQ">
      <dc:title>ASIL determination</dc:title>
      <dc:description>Determine the Automotive Safety Integrity Level of the item under development. See &lt;a href=&quot;../../../iso26262/process.compliance.iso26262.base-ibm/capabilitypatterns/ASIL%20determination_FAEE89F9.html&quot;&gt;detailed description&lt;/a&gt;.</dc:description>
      <rtc_cm:filedAgainst rdf:resource="${filedAgainst:Category}"/>
      <rtc_cm:plannedFor rdf:resource="${plannedFor:Iteration}"/>
      <rtc_cm:com.ibm.team.workitem.linktype.parentworkitem.parent rdf:resource="#_Bapbnc8NEeC7WZs2TvSOIQ"/>
      <rtc_cm:com.ibm.team.workitem.linktype.blocksworkitem.dependsOn rdf:resource="#_Bapbn88NEeC7WZs2TvSOIQ"/>
    </rtc_cm:task>
    <rtc_cm:task rdf:ID="_Bapboc8NEeC7WZs2TvSOIQ">
      <dc:title>Determine safety goals</dc:title>
      <dc:description>Development of the top-level safety requirements. See &lt;a href=&quot;../../../iso26262/process.compliance.iso26262.base-ibm/capabilitypatterns/Determine%20safety%20goals_58C6A09.html&quot;&gt;detailed description&lt;/a&gt;.</dc:description>
      <rtc_cm:filedAgainst rdf:resource="${filedAgainst:Category}"/>
      <rtc_cm:plannedFor rdf:resource="${plannedFor:Iteration}"/>
      <rtc_cm:com.ibm.team.workitem.linktype.parentworkitem.parent rdf:resource="#_Bapbnc8NEeC7WZs2TvSOIQ"/>
      <rtc_cm:com.ibm.team.workitem.linktype.blocksworkitem.dependsOn rdf:resource="#_BapboM8NEeC7WZs2TvSOIQ"/>
    </rtc_cm:task>
    <rtc_cm:task rdf:ID="_Bapbos8NEeC7WZs2TvSOIQ">
      <dc:title>Verification Review of hazard analysis, risk assessment and safety goals</dc:title>
      <dc:description>Review to ensure correctness and completeness of the hazard analysis, risk assessment and safety goals. See &lt;a href=&quot;../../../iso26262/process.compliance.iso26262.base-ibm/capabilitypatterns/Verification%20Review%20of%20hazard%20analysis,%20risk%20assessment%20and%20safe_BF806C18.html&quot;&gt;detailed description&lt;/a&gt;.</dc:description>
      <rtc_cm:filedAgainst rdf:resource="${filedAgainst:Category}"/>
      <rtc_cm:plannedFor rdf:resource="${plannedFor:Iteration}"/>
      <rtc_cm:com.ibm.team.workitem.linktype.parentworkitem.parent rdf:resource="#_Bapbnc8NEeC7WZs2TvSOIQ"/>
      <rtc_cm:com.ibm.team.workitem.linktype.blocksworkitem.dependsOn rdf:resource="#_Bapboc8NEeC7WZs2TvSOIQ"/>
    </rtc_cm:task>
    <rtc_cm:task rdf:ID="_Bapbo88NEeC7WZs2TvSOIQ">
      <dc:title>Carry out confirmation review of hazard analysis, risk assessment and safety goals</dc:title>
      <dc:description>The confirmation review formally checks whether the performed hazard analysis and risk assessment procedure complies with the requirements of ISO 26262, vol 3, Clause 7, and is part of the confirmation measures indicated in ISO 26262, vol clause 6.4.6.2 See &lt;a href=&quot;../../../iso26262/process.compliance.iso26262.base-ibm/capabilitypatterns/Carry%20out%20confirmation%20review%20of%20hazard%20analysis,%20risk%20assessmen_85306A24.html&quot;&gt;detailed description&lt;/a&gt;.</dc:description>
      <rtc_cm:filedAgainst rdf:resource="${filedAgainst:Category}"/>
      <rtc_cm:plannedFor rdf:resource="${plannedFor:Iteration}"/>
      <rtc_cm:com.ibm.team.workitem.linktype.parentworkitem.parent rdf:resource="#_Bapbnc8NEeC7WZs2TvSOIQ"/>
      <rtc_cm:com.ibm.team.workitem.linktype.blocksworkitem.dependsOn rdf:resource="#_Bapbos8NEeC7WZs2TvSOIQ"/>
    </rtc_cm:task>
    <rtc_cm:task rdf:ID="_BapbpM8NEeC7WZs2TvSOIQ">
      <dc:title>3.8 Functional Safety Concept</dc:title>
      <dc:description>The functional safety concept is derived from the initial hazard analysis and proposes an initial set of concepts that can be applied to improve the functional safety of the item under development. See &lt;a href=&quot;../../../iso26262/process.compliance.iso26262.base-ibm/capabilitypatterns/3.8%20Functional%20Safety%20Concept_4511D460.html&quot;&gt;detailed description&lt;/a&gt;.</dc:description>
      <rtc_cm:filedAgainst rdf:resource="${filedAgainst:Category}"/>
      <rtc_cm:plannedFor rdf:resource="${plannedFor:Iteration}"/>
      <rtc_cm:com.ibm.team.workitem.linktype.parentworkitem.parent rdf:resource="#_BapbkM8NEeC7WZs2TvSOIQ"/>
      <rtc_cm:com.ibm.team.workitem.linktype.blocksworkitem.dependsOn rdf:resource="#_Bapbnc8NEeC7WZs2TvSOIQ"/>
    </rtc_cm:task>
    <rtc_cm:task rdf:ID="_Bapbpc8NEeC7WZs2TvSOIQ">
      <dc:title>Derivation of functional safety requirements</dc:title>
      <dc:description>Derives the functional safety requirements from the safety goals. See &lt;a href=&quot;../../../iso26262/process.compliance.iso26262.base-ibm/capabilitypatterns/Derivation%20of%20functional%20safety%20requirements_C31006AA.html&quot;&gt;detailed description&lt;/a&gt;.</dc:description>
      <rtc_cm:filedAgainst rdf:resource="${filedAgainst:Category}"/>
      <rtc_cm:plannedFor rdf:resource="${plannedFor:Iteration}"/>
      <rtc_cm:com.ibm.team.workitem.linktype.parentworkitem.parent rdf:resource="#_BapbpM8NEeC7WZs2TvSOIQ"/>
    </rtc_cm:task>
    <rtc_cm:task rdf:ID="_Bapbps8NEeC7WZs2TvSOIQ">
      <dc:title>Allocation of functional safety requirements</dc:title>
      <dc:description>The task of allocating functional safety requirements to subsystems on the basis of the functional concept and architectural assumptions, which provide the conceptual safety architecture. See &lt;a href=&quot;../../../iso26262/process.compliance.iso26262.base-ibm/capabilitypatterns/Allocation%20of%20functional%20safety%20requirements_B872269A.html&quot;&gt;detailed description&lt;/a&gt;.</dc:description>
      <rtc_cm:filedAgainst rdf:resource="${filedAgainst:Category}"/>
      <rtc_cm:plannedFor rdf:resource="${plannedFor:Iteration}"/>
      <rtc_cm:com.ibm.team.workitem.linktype.parentworkitem.parent rdf:resource="#_BapbpM8NEeC7WZs2TvSOIQ"/>
      <rtc_cm:com.ibm.team.workitem.linktype.blocksworkitem.dependsOn rdf:resource="#_Bapbpc8NEeC7WZs2TvSOIQ"/>
    </rtc_cm:task>
    <rtc_cm:task rdf:ID="_Bapbp88NEeC7WZs2TvSOIQ">
      <dc:title>Verification of functional safety concept</dc:title>
      <dc:description>Verification task to ensure that the functional safety concept is consistent and compliant with the safety goals. This task needs to be carried out in accordance with ISO 26262, vol 8, clause 9 See &lt;a href=&quot;../../../iso26262/process.compliance.iso26262.base-ibm/capabilitypatterns/Verification%20of%20functional%20safety%20concept_C81B00D2.html&quot;&gt;detailed description&lt;/a&gt;.</dc:description>
      <rtc_cm:filedAgainst rdf:resource="${filedAgainst:Category}"/>
      <rtc_cm:plannedFor rdf:resource="${plannedFor:Iteration}"/>
      <rtc_cm:com.ibm.team.workitem.linktype.parentworkitem.parent rdf:resource="#_BapbpM8NEeC7WZs2TvSOIQ"/>
      <rtc_cm:com.ibm.team.workitem.linktype.blocksworkitem.dependsOn rdf:resource="#_Bapbps8NEeC7WZs2TvSOIQ"/>
    </rtc_cm:task>
    <rtc_cm:task rdf:ID="_BapbqM8NEeC7WZs2TvSOIQ">
      <dc:title>Evaluation of functional safety requirements</dc:title>
      <dc:description>This is a test of the effectiveness of the proposed safety requirements See &lt;a href=&quot;../../../iso26262/process.compliance.iso26262.base-ibm/capabilitypatterns/Evaluation%20of%20functional%20safety%20requirements_B1A91AC0.html&quot;&gt;detailed description&lt;/a&gt;.</dc:description>
      <rtc_cm:filedAgainst rdf:resource="${filedAgainst:Category}"/>
      <rtc_cm:plannedFor rdf:resource="${plannedFor:Iteration}"/>
      <rtc_cm:com.ibm.team.workitem.linktype.parentworkitem.parent rdf:resource="#_BapbpM8NEeC7WZs2TvSOIQ"/>
      <rtc_cm:com.ibm.team.workitem.linktype.blocksworkitem.dependsOn rdf:resource="#_Bapbp88NEeC7WZs2TvSOIQ"/>
    </rtc_cm:task>
    <rtc_cm:task rdf:ID="_Bapbqc8NEeC7WZs2TvSOIQ">
      <dc:title>Specify the criteria for the safety validation of the item</dc:title>
      <dc:description>Defines what measures will be used to validate that the item has met its safety criteria. See &lt;a href=&quot;../../../iso26262/process.compliance.iso26262.base-ibm/capabilitypatterns/Specify%20the%20criteria%20for%20the%20safety%20validation%20of%20the%20item_7D0408B9.html&quot;&gt;detailed description&lt;/a&gt;.</dc:description>
      <rtc_cm:filedAgainst rdf:resource="${filedAgainst:Category}"/>
      <rtc_cm:plannedFor rdf:resource="${plannedFor:Iteration}"/>
      <rtc_cm:com.ibm.team.workitem.linktype.parentworkitem.parent rdf:resource="#_BapbpM8NEeC7WZs2TvSOIQ"/>
      <rtc_cm:com.ibm.team.workitem.linktype.blocksworkitem.dependsOn rdf:resource="#_BapbqM8NEeC7WZs2TvSOIQ"/>
    </rtc_cm:task>
    <rtc_cm:task rdf:ID="_Bapbqs8NEeC7WZs2TvSOIQ">
      <dc:title>Review of functional safety requirements</dc:title>
      <dc:description>The review provides the rationale that the functional safety requirements comply with the safety goals. See &lt;a href=&quot;../../../iso26262/process.compliance.iso26262.base-ibm/capabilitypatterns/Review%20of%20functional%20safety%20requirements_1A82F085.html&quot;&gt;detailed description&lt;/a&gt;.</dc:description>
      <rtc_cm:filedAgainst rdf:resource="${filedAgainst:Category}"/>
      <rtc_cm:plannedFor rdf:resource="${plannedFor:Iteration}"/>
      <rtc_cm:com.ibm.team.workitem.linktype.parentworkitem.parent rdf:resource="#_BapbpM8NEeC7WZs2TvSOIQ"/>
      <rtc_cm:com.ibm.team.workitem.linktype.blocksworkitem.dependsOn rdf:resource="#_Bapbqc8NEeC7WZs2TvSOIQ"/>
    </rtc_cm:task>
  </rtc_cm:workItems>
</rtc_cm:WorkItemTemplate>
