<?xml version='1.0' encoding='UTF-8'?>
<!-- This document was created with Syntext Serna Free. -->
<rtc_cm:WorkItemTemplate xmlns:dc="http://purl.org/dc/terms/" xmlns:rtc_cm="http://jazz.net/xmlns/prod/jazz/rtc/cm/1.0/" xmlns:rdf="http://www.w3.org/1999/02/22-rdf-syntax-ns#">
<!--#RMC#process.name=4. Systems Engineering for product developmentprocess.guid=_N7g3gZdcEeCPtY0LnWkRDwconfiguration.name=configuration.guid=_6qbG8M72EeC7WZs2TvSOIQ#RMC#-->  <dc:identifier>4_sys_eng</dc:identifier>
  <dc:title>4 Systems Engineering for Product Development</dc:title>
  <dc:description>After having specified the functional safety concept, the item is developed from the system level perspective. The system development process is based on the concept of a V-model with specification of technical requirements and system design, and their testing, on the left-hand branch and integration, verification, validation and assessment of functional safety on the right-hand branch.This section concentrates on the System level definition on the left-hand side of the v.</dc:description>
  <rtc_cm:workItems>
    <rtc_cm:task rdf:ID="_XqAZsM8NEeC7WZs2TvSOIQ">
      <dc:title>4. Systems Engineering for product development</dc:title>
      <dc:description>After having specified the functional safety concept, the item is developed from the system level perspective. The system development process is based on the concept of a V-model with specification of technical requirements and system design, and their testing, on the left-hand branch and integration, verification, validation and assessment of functional safety on the right-hand branch. This section concentrates on the System level definition on the left-hand side of the v. See &lt;a href=&quot;../../../iso26262/process.compliance.iso26262.base-ibm/capabilitypatterns/4.%20Systems%20Engineering%20for%20product%20development_6614D5D7.html&quot;&gt;detailed description&lt;/a&gt;.</dc:description>
      <rtc_cm:filedAgainst rdf:resource="${filedAgainst:Category}"/>
      <rtc_cm:plannedFor rdf:resource="${plannedFor:Iteration}"/>
    </rtc_cm:task>
    <rtc_cm:task rdf:ID="_XqAZsc8NEeC7WZs2TvSOIQ">
      <dc:title>4.5 Initiate systems level product development</dc:title>
      <dc:description>The initial stage of systems development is to plan the activities around the development process. See &lt;a href=&quot;../../../iso26262/process.compliance.iso26262.base-ibm/capabilitypatterns/4.5%20Initiate%20systems%20level%20product%20development_9016C13F.html&quot;&gt;detailed description&lt;/a&gt;.</dc:description>
      <rtc_cm:filedAgainst rdf:resource="${filedAgainst:Category}"/>
      <rtc_cm:plannedFor rdf:resource="${plannedFor:Iteration}"/>
      <rtc_cm:com.ibm.team.workitem.linktype.parentworkitem.parent rdf:resource="#_XqAZsM8NEeC7WZs2TvSOIQ"/>
    </rtc_cm:task>
    <rtc_cm:task rdf:ID="_XqAZss8NEeC7WZs2TvSOIQ">
      <dc:title>Plan system level safety activities</dc:title>
      <dc:description>Refinement of the project and safety plan and development of the item integration and test plan this includes determination of appropriate methods and measures during design and integration See &lt;a href=&quot;../../../iso26262/process.compliance.iso26262.base-ibm/capabilitypatterns/Plan%20system%20level%20safety%20activities_E52B3EC.html&quot;&gt;detailed description&lt;/a&gt;.</dc:description>
      <rtc_cm:filedAgainst rdf:resource="${filedAgainst:Category}"/>
      <rtc_cm:plannedFor rdf:resource="${plannedFor:Iteration}"/>
      <rtc_cm:com.ibm.team.workitem.linktype.parentworkitem.parent rdf:resource="#_XqAZsc8NEeC7WZs2TvSOIQ"/>
    </rtc_cm:task>
    <rtc_cm:task rdf:ID="_XqAZs88NEeC7WZs2TvSOIQ">
      <dc:title>Plan validation activities</dc:title>
      <dc:description>Develop plan of the activities required to provide evidence that the item complies to the safety goals, that they are correct, complete and achieved at the vehicle level. This plan should also validate that the safety concepts are appropriate for the functional safety of the item. See &lt;a href=&quot;../../../iso26262/process.compliance.iso26262.base-ibm/capabilitypatterns/Plan%20validation%20activities_FCEBC802.html&quot;&gt;detailed description&lt;/a&gt;.</dc:description>
      <rtc_cm:filedAgainst rdf:resource="${filedAgainst:Category}"/>
      <rtc_cm:plannedFor rdf:resource="${plannedFor:Iteration}"/>
      <rtc_cm:com.ibm.team.workitem.linktype.parentworkitem.parent rdf:resource="#_XqAZsc8NEeC7WZs2TvSOIQ"/>
    </rtc_cm:task>
    <rtc_cm:task rdf:ID="_XqAZtM8NEeC7WZs2TvSOIQ">
      <dc:title>Plan functional safety assessment activities</dc:title>
      <dc:description>The functional safety assessment plan is based upon the ASIL levels of the item under development and the contents of ISO 26262 vol 2, clause 6.4.6 table 1 and 2. Which outlines the tasks and independence of safety auditors for a particular ASIL level and scope and depth of the assessment. See &lt;a href=&quot;../../../iso26262/process.compliance.iso26262.base-ibm/capabilitypatterns/Plan%20functional%20safety%20assessment%20activities_3B4D3DC.html&quot;&gt;detailed description&lt;/a&gt;.</dc:description>
      <rtc_cm:filedAgainst rdf:resource="${filedAgainst:Category}"/>
      <rtc_cm:plannedFor rdf:resource="${plannedFor:Iteration}"/>
      <rtc_cm:com.ibm.team.workitem.linktype.parentworkitem.parent rdf:resource="#_XqAZsc8NEeC7WZs2TvSOIQ"/>
    </rtc_cm:task>
    <rtc_cm:task rdf:ID="_XqAZtc8NEeC7WZs2TvSOIQ">
      <dc:title>Carry out confirmation review of the item integration and test plan</dc:title>
      <dc:description>Review to confirm that the item integration and test plan has been developed according to the requirements detailed in ISO 26262, vol 4, Clause 5. See &lt;a href=&quot;../../../iso26262/process.compliance.iso26262.base-ibm/capabilitypatterns/Carry%20out%20confirmation%20review%20of%20the%20item%20integration%20and%20test%20p_8B0D4B3C.html&quot;&gt;detailed description&lt;/a&gt;.</dc:description>
      <rtc_cm:filedAgainst rdf:resource="${filedAgainst:Category}"/>
      <rtc_cm:plannedFor rdf:resource="${plannedFor:Iteration}"/>
      <rtc_cm:com.ibm.team.workitem.linktype.parentworkitem.parent rdf:resource="#_XqAZsc8NEeC7WZs2TvSOIQ"/>
      <rtc_cm:com.ibm.team.workitem.linktype.blocksworkitem.dependsOn rdf:resource="#_XqAZss8NEeC7WZs2TvSOIQ"/>
    </rtc_cm:task>
    <rtc_cm:task rdf:ID="_XqAZts8NEeC7WZs2TvSOIQ">
      <dc:title>Carry out confirmation review of the validation plan</dc:title>
      <dc:description>Review to confirm that the validation has been developed according to the requirements detailed in ISO 26262, vol 4, Clause 5. See &lt;a href=&quot;../../../iso26262/process.compliance.iso26262.base-ibm/capabilitypatterns/Carry%20out%20confirmation%20review%20of%20the%20validation%20plan_C14AB49.html&quot;&gt;detailed description&lt;/a&gt;.</dc:description>
      <rtc_cm:filedAgainst rdf:resource="${filedAgainst:Category}"/>
      <rtc_cm:plannedFor rdf:resource="${plannedFor:Iteration}"/>
      <rtc_cm:com.ibm.team.workitem.linktype.parentworkitem.parent rdf:resource="#_XqAZsc8NEeC7WZs2TvSOIQ"/>
      <rtc_cm:com.ibm.team.workitem.linktype.blocksworkitem.dependsOn rdf:resource="#_XqAZs88NEeC7WZs2TvSOIQ"/>
    </rtc_cm:task>
    <rtc_cm:task rdf:ID="_XqAZt88NEeC7WZs2TvSOIQ">
      <dc:title>4.6 Specification of the technical safety requirements</dc:title>
      <dc:description>The specification of the technical safety requirements is further refinement of the safety goals and functional safety requirements that we defined as part of the functional safety concept. See &lt;a href=&quot;../../../iso26262/process.compliance.iso26262.base-ibm/capabilitypatterns/4.6%20Specification%20of%20the%20technical%20safety%20requirements_615D24D.html&quot;&gt;detailed description&lt;/a&gt;.</dc:description>
      <rtc_cm:filedAgainst rdf:resource="${filedAgainst:Category}"/>
      <rtc_cm:plannedFor rdf:resource="${plannedFor:Iteration}"/>
      <rtc_cm:com.ibm.team.workitem.linktype.parentworkitem.parent rdf:resource="#_XqAZsM8NEeC7WZs2TvSOIQ"/>
      <rtc_cm:com.ibm.team.workitem.linktype.blocksworkitem.dependsOn rdf:resource="#_XqAZsc8NEeC7WZs2TvSOIQ"/>
    </rtc_cm:task>
    <rtc_cm:task rdf:ID="_XqAZuM8NEeC7WZs2TvSOIQ">
      <dc:title>Develop technical safety requirements</dc:title>
      <dc:description>Refines the functional safety concept, based upon the functional safety concept and the preliminary architectural assumptions. See &lt;a href=&quot;../../../iso26262/process.compliance.iso26262.base-ibm/capabilitypatterns/Develop%20technical%20safety%20requirements_B5DE6307.html&quot;&gt;detailed description&lt;/a&gt;.</dc:description>
      <rtc_cm:filedAgainst rdf:resource="${filedAgainst:Category}"/>
      <rtc_cm:plannedFor rdf:resource="${plannedFor:Iteration}"/>
      <rtc_cm:com.ibm.team.workitem.linktype.parentworkitem.parent rdf:resource="#_XqAZt88NEeC7WZs2TvSOIQ"/>
    </rtc_cm:task>
    <rtc_cm:task rdf:ID="_XqAZuc8NEeC7WZs2TvSOIQ">
      <dc:title>Refine Validation Plan</dc:title>
      <dc:description>Further refinement of the validation plan based upon the content of the technical safety requirements. See &lt;a href=&quot;../../../iso26262/process.compliance.iso26262.base-ibm/capabilitypatterns/Refine%20Validation%20Plan_C07C4317.html&quot;&gt;detailed description&lt;/a&gt;.</dc:description>
      <rtc_cm:filedAgainst rdf:resource="${filedAgainst:Category}"/>
      <rtc_cm:plannedFor rdf:resource="${plannedFor:Iteration}"/>
      <rtc_cm:com.ibm.team.workitem.linktype.parentworkitem.parent rdf:resource="#_XqAZt88NEeC7WZs2TvSOIQ"/>
    </rtc_cm:task>
    <rtc_cm:task rdf:ID="_XqAZus8NEeC7WZs2TvSOIQ">
      <dc:title>Verify technical safety requirements</dc:title>
      <dc:description>Analysis of the technical safety requirements to ensure compliance with the functional safety concept and the preliminary architectural design. See &lt;a href=&quot;../../../iso26262/process.compliance.iso26262.base-ibm/capabilitypatterns/Verify%20technical%20safety%20requirements_AF15572D.html&quot;&gt;detailed description&lt;/a&gt;.</dc:description>
      <rtc_cm:filedAgainst rdf:resource="${filedAgainst:Category}"/>
      <rtc_cm:plannedFor rdf:resource="${plannedFor:Iteration}"/>
      <rtc_cm:com.ibm.team.workitem.linktype.parentworkitem.parent rdf:resource="#_XqAZt88NEeC7WZs2TvSOIQ"/>
      <rtc_cm:com.ibm.team.workitem.linktype.blocksworkitem.dependsOn rdf:resource="#_XqAZuM8NEeC7WZs2TvSOIQ"/>
    </rtc_cm:task>
    <rtc_cm:task rdf:ID="_XqAZu88NEeC7WZs2TvSOIQ">
      <dc:title>4.7 System design</dc:title>
      <dc:description>The system design stage relates to the development of the system design and the technical safety concept, such that they comply with the functional and technical safety requirements of the item. See &lt;a href=&quot;../../../iso26262/process.compliance.iso26262.base-ibm/capabilitypatterns/4.7%20System%20design_39141084.html&quot;&gt;detailed description&lt;/a&gt;.</dc:description>
      <rtc_cm:filedAgainst rdf:resource="${filedAgainst:Category}"/>
      <rtc_cm:plannedFor rdf:resource="${plannedFor:Iteration}"/>
      <rtc_cm:com.ibm.team.workitem.linktype.parentworkitem.parent rdf:resource="#_XqAZsM8NEeC7WZs2TvSOIQ"/>
      <rtc_cm:com.ibm.team.workitem.linktype.blocksworkitem.dependsOn rdf:resource="#_XqAZt88NEeC7WZs2TvSOIQ"/>
    </rtc_cm:task>
    <rtc_cm:task rdf:ID="_XqAZvM8NEeC7WZs2TvSOIQ">
      <dc:title>Refine item integration and test plan</dc:title>
      <dc:description>Captures the integration and test plan of the item at the system level and the HW and SW level. It shall also consider the interfaces between the vehicles internal and external subsystems concerning the vehicle and and the environment. See &lt;a href=&quot;../../../iso26262/process.compliance.iso26262.base-ibm/capabilitypatterns/Refine%20item%20integration%20and%20test%20plan_CC30E77E.html&quot;&gt;detailed description&lt;/a&gt;.</dc:description>
      <rtc_cm:filedAgainst rdf:resource="${filedAgainst:Category}"/>
      <rtc_cm:plannedFor rdf:resource="${plannedFor:Iteration}"/>
      <rtc_cm:com.ibm.team.workitem.linktype.parentworkitem.parent rdf:resource="#_XqAZu88NEeC7WZs2TvSOIQ"/>
      <rtc_cm:com.ibm.team.workitem.linktype.blocksworkitem.dependsOn rdf:resource="#_XqAZv88NEeC7WZs2TvSOIQ"/>
      <rtc_cm:com.ibm.team.workitem.linktype.blocksworkitem.dependsOn rdf:resource="#_XqAZvc8NEeC7WZs2TvSOIQ"/>
      <rtc_cm:com.ibm.team.workitem.linktype.blocksworkitem.dependsOn rdf:resource="#_XqAZwM8NEeC7WZs2TvSOIQ"/>
      <rtc_cm:com.ibm.team.workitem.linktype.blocksworkitem.dependsOn rdf:resource="#_XqAZvs8NEeC7WZs2TvSOIQ"/>
    </rtc_cm:task>
    <rtc_cm:task rdf:ID="_XqAZvc8NEeC7WZs2TvSOIQ">
      <dc:title>Develop requirements for production, operation, service and decomissioning</dc:title>
      <dc:description>These are an additional set of safety requirements that are developed to ensure that whilst the item is being produced, stored, being serviced or decomissioned that no violation of the safety goals of the item can occur. See &lt;a href=&quot;../../../iso26262/process.compliance.iso26262.base-ibm/capabilitypatterns/Develop%20requirements%20for%20production,%20operation,%20service%20and%20deco_550EE60F.html&quot;&gt;detailed description&lt;/a&gt;.</dc:description>
      <rtc_cm:filedAgainst rdf:resource="${filedAgainst:Category}"/>
      <rtc_cm:plannedFor rdf:resource="${plannedFor:Iteration}"/>
      <rtc_cm:com.ibm.team.workitem.linktype.parentworkitem.parent rdf:resource="#_XqAZu88NEeC7WZs2TvSOIQ"/>
    </rtc_cm:task>
    <rtc_cm:task rdf:ID="_XqAZvs8NEeC7WZs2TvSOIQ">
      <dc:title>Author system design specification</dc:title>
      <dc:description>Development of the system design specification derived from the system design with the implementation of the technical safety concept(s). See &lt;a href=&quot;../../../iso26262/process.compliance.iso26262.base-ibm/capabilitypatterns/Author%20system%20design%20specification_BDE8BBD4.html&quot;&gt;detailed description&lt;/a&gt;.</dc:description>
      <rtc_cm:filedAgainst rdf:resource="${filedAgainst:Category}"/>
      <rtc_cm:plannedFor rdf:resource="${plannedFor:Iteration}"/>
      <rtc_cm:com.ibm.team.workitem.linktype.parentworkitem.parent rdf:resource="#_XqAZu88NEeC7WZs2TvSOIQ"/>
      <rtc_cm:com.ibm.team.workitem.linktype.blocksworkitem.dependsOn rdf:resource="#_XqAZwc8NEeC7WZs2TvSOIQ"/>
      <rtc_cm:com.ibm.team.workitem.linktype.blocksworkitem.dependsOn rdf:resource="#_XqAZv88NEeC7WZs2TvSOIQ"/>
    </rtc_cm:task>
    <rtc_cm:task rdf:ID="_XqAZv88NEeC7WZs2TvSOIQ">
      <dc:title>Author HW and SW interface specification</dc:title>
      <dc:description>The HW SW interface specification details the inputs and outputs and interactions between the various HW and SW elements and how they are combined and controlled. See &lt;a href=&quot;../../../iso26262/process.compliance.iso26262.base-ibm/capabilitypatterns/Author%20HW%20and%20SW%20inteface%20specification_6675D1F9.html&quot;&gt;detailed description&lt;/a&gt;.</dc:description>
      <rtc_cm:filedAgainst rdf:resource="${filedAgainst:Category}"/>
      <rtc_cm:plannedFor rdf:resource="${plannedFor:Iteration}"/>
      <rtc_cm:com.ibm.team.workitem.linktype.parentworkitem.parent rdf:resource="#_XqAZu88NEeC7WZs2TvSOIQ"/>
      <rtc_cm:com.ibm.team.workitem.linktype.blocksworkitem.dependsOn rdf:resource="#_XqAZwc8NEeC7WZs2TvSOIQ"/>
    </rtc_cm:task>
    <rtc_cm:task rdf:ID="_XqAZwM8NEeC7WZs2TvSOIQ">
      <dc:title>Refine system level verification report</dc:title>
      <dc:description>Update of the existing verification report to take into account the verification carried out at the systems level. See &lt;a href=&quot;../../../iso26262/process.compliance.iso26262.base-ibm/capabilitypatterns/Refine%20system%20level%20verification%20report_19A0C82E.html&quot;&gt;detailed description&lt;/a&gt;.</dc:description>
      <rtc_cm:filedAgainst rdf:resource="${filedAgainst:Category}"/>
      <rtc_cm:plannedFor rdf:resource="${plannedFor:Iteration}"/>
      <rtc_cm:com.ibm.team.workitem.linktype.parentworkitem.parent rdf:resource="#_XqAZu88NEeC7WZs2TvSOIQ"/>
      <rtc_cm:com.ibm.team.workitem.linktype.blocksworkitem.dependsOn rdf:resource="#_XqAZwc8NEeC7WZs2TvSOIQ"/>
    </rtc_cm:task>
    <rtc_cm:task rdf:ID="_XqAZwc8NEeC7WZs2TvSOIQ">
      <dc:title>Develop technical safety architecture</dc:title>
      <dc:description>Development of the technical safety architecture. This is a definition of the system or subsystem down to the HW SW integration level. It can be developed using model based techniques. See &lt;a href=&quot;../../../iso26262/process.compliance.iso26262.base-ibm/capabilitypatterns/Develop%20technical%20safety%20architecture_51F3603B.html&quot;&gt;detailed description&lt;/a&gt;.</dc:description>
      <rtc_cm:filedAgainst rdf:resource="${filedAgainst:Category}"/>
      <rtc_cm:plannedFor rdf:resource="${plannedFor:Iteration}"/>
      <rtc_cm:com.ibm.team.workitem.linktype.parentworkitem.parent rdf:resource="#_XqAZu88NEeC7WZs2TvSOIQ"/>
    </rtc_cm:task>
    <rtc_cm:task rdf:ID="_XqAZws8NEeC7WZs2TvSOIQ">
      <dc:title>Allocate safety requirements to HW and SW</dc:title>
      <dc:description>Provides traceability between HW and SW items and safety requirements so that they inherit the ASIL levels of the associated safety requirement. See &lt;a href=&quot;../../../iso26262/process.compliance.iso26262.base-ibm/capabilitypatterns/Allocate%20safety%20requirements%20to%20HW%20and%20SW_9F8FB268.html&quot;&gt;detailed description&lt;/a&gt;.</dc:description>
      <rtc_cm:filedAgainst rdf:resource="${filedAgainst:Category}"/>
      <rtc_cm:plannedFor rdf:resource="${plannedFor:Iteration}"/>
      <rtc_cm:com.ibm.team.workitem.linktype.parentworkitem.parent rdf:resource="#_XqAZwc8NEeC7WZs2TvSOIQ"/>
      <rtc_cm:com.ibm.team.workitem.linktype.blocksworkitem.dependsOn rdf:resource="#_XqAZxM8NEeC7WZs2TvSOIQ"/>
      <rtc_cm:com.ibm.team.workitem.linktype.blocksworkitem.dependsOn rdf:resource="#_XqAZxc8NEeC7WZs2TvSOIQ"/>
    </rtc_cm:task>
    <rtc_cm:task rdf:ID="_XqAZw88NEeC7WZs2TvSOIQ">
      <dc:title>Develop system design</dc:title>
      <dc:description>The process of developing the system design from the preliminary architectural assumptions, functional concept and the technical safety concept. See &lt;a href=&quot;../../../iso26262/process.compliance.iso26262.base-ibm/capabilitypatterns/Develop%20system%20design_8750281C.html&quot;&gt;detailed description&lt;/a&gt;.</dc:description>
      <rtc_cm:filedAgainst rdf:resource="${filedAgainst:Category}"/>
      <rtc_cm:plannedFor rdf:resource="${plannedFor:Iteration}"/>
      <rtc_cm:com.ibm.team.workitem.linktype.parentworkitem.parent rdf:resource="#_XqAZwc8NEeC7WZs2TvSOIQ"/>
      <rtc_cm:com.ibm.team.workitem.linktype.blocksworkitem.dependsOn rdf:resource="#_XqAZxM8NEeC7WZs2TvSOIQ"/>
    </rtc_cm:task>
    <rtc_cm:task rdf:ID="_XqAZxM8NEeC7WZs2TvSOIQ">
      <dc:title>Develop technical safety concept</dc:title>
      <dc:description>Definition of the technical safety architecture for the system, goes down to HW-SW implementation. See &lt;a href=&quot;../../../iso26262/process.compliance.iso26262.base-ibm/capabilitypatterns/Develop%20technical%20safety%20concept_C143B486.html&quot;&gt;detailed description&lt;/a&gt;.</dc:description>
      <rtc_cm:filedAgainst rdf:resource="${filedAgainst:Category}"/>
      <rtc_cm:plannedFor rdf:resource="${plannedFor:Iteration}"/>
      <rtc_cm:com.ibm.team.workitem.linktype.parentworkitem.parent rdf:resource="#_XqAZwc8NEeC7WZs2TvSOIQ"/>
    </rtc_cm:task>
    <rtc_cm:task rdf:ID="_XqAZxc8NEeC7WZs2TvSOIQ">
      <dc:title>Refine System design to HW and SW level</dc:title>
      <dc:description>Refinement of the system design to reflect the HW and SW elements required to implement the technical safety concept. See &lt;a href=&quot;../../../iso26262/process.compliance.iso26262.base-ibm/capabilitypatterns/Refine%20System%20design%20to%20HW%20and%20SW%20level_D242B025.html&quot;&gt;detailed description&lt;/a&gt;.</dc:description>
      <rtc_cm:filedAgainst rdf:resource="${filedAgainst:Category}"/>
      <rtc_cm:plannedFor rdf:resource="${plannedFor:Iteration}"/>
      <rtc_cm:com.ibm.team.workitem.linktype.parentworkitem.parent rdf:resource="#_XqAZwc8NEeC7WZs2TvSOIQ"/>
      <rtc_cm:com.ibm.team.workitem.linktype.blocksworkitem.dependsOn rdf:resource="#_XqAZw88NEeC7WZs2TvSOIQ"/>
    </rtc_cm:task>
    <rtc_cm:task rdf:ID="_XqAZxs8NEeC7WZs2TvSOIQ">
      <dc:title>Verify system design</dc:title>
      <dc:description>To ensure the system and the HW-SW design comply to the technical safety concept See &lt;a href=&quot;../../../iso26262/process.compliance.iso26262.base-ibm/capabilitypatterns/Verify%20system%20and%20HW%20SW%20design_48CCE5E7.html&quot;&gt;detailed description&lt;/a&gt;.</dc:description>
      <rtc_cm:filedAgainst rdf:resource="${filedAgainst:Category}"/>
      <rtc_cm:plannedFor rdf:resource="${plannedFor:Iteration}"/>
      <rtc_cm:com.ibm.team.workitem.linktype.parentworkitem.parent rdf:resource="#_XqAZwc8NEeC7WZs2TvSOIQ"/>
      <rtc_cm:com.ibm.team.workitem.linktype.blocksworkitem.dependsOn rdf:resource="#_XqAZws8NEeC7WZs2TvSOIQ"/>
      <rtc_cm:com.ibm.team.workitem.linktype.blocksworkitem.dependsOn rdf:resource="#_XqAZxc8NEeC7WZs2TvSOIQ"/>
    </rtc_cm:task>
  </rtc_cm:workItems>
</rtc_cm:WorkItemTemplate>
