<?xml version='1.0' encoding='UTF-8'?>
<!-- This document was created with Syntext Serna Free. -->
<rtc_cm:WorkItemTemplate xmlns:dc="http://purl.org/dc/terms/" xmlns:rtc_cm="http://jazz.net/xmlns/prod/jazz/rtc/cm/1.0/" xmlns:rdf="http://www.w3.org/1999/02/22-rdf-syntax-ns#">
<!--#RMC#process.name=5 Hardware product developmentprocess.guid=_V6rioZ2gEeCk2aQcgmZB_wconfiguration.name=configuration.guid=_2YPgEM72EeC7WZs2TvSOIQ#RMC#-->  <dc:identifier>5_hw_prod_dev</dc:identifier>
  <dc:title>5 Hardware Product Development</dc:title>
  <dc:description>Hardware product development deals with the process of developing the HW wrt to the safety goals that have been allocated to it. A large part of the HW development process deals with the analysis of HW failures such as random hw failures. There is also a large amount of collaboration with the SW development cycle as HW-SW interface needs to be defined.</dc:description>
  <rtc_cm:workItems>
    <rtc_cm:task rdf:ID="_KJLcgM8OEeC7WZs2TvSOIQ">
      <dc:title>5 Hardware product development</dc:title>
      <dc:description>Hardware product development deals with the process of developing the HW wrt to the safety goals that have been allocated to it. A large part of the HW development process deals with the analysis of HW failures such as random hw failures. There is also a large amount of collaboration with the SW development cycle as HW-SW interface needs to be defined. See &lt;a href=&quot;../../../iso26262/process.compliance.iso26262.base-ibm/capabilitypatterns/5%20Hardware%20product%20development_D6535825.html&quot;&gt;detailed description&lt;/a&gt;.</dc:description>
      <rtc_cm:filedAgainst rdf:resource="${filedAgainst:Category}"/>
      <rtc_cm:plannedFor rdf:resource="${plannedFor:Iteration}"/>
    </rtc_cm:task>
    <rtc_cm:task rdf:ID="_KJLcgc8OEeC7WZs2TvSOIQ">
      <dc:title>5.5 Initiation of product development at HW level</dc:title>
      <dc:description>Stage based upon planning the product development of the HW See &lt;a href=&quot;../../../iso26262/process.compliance.iso26262.base-ibm/capabilitypatterns/5.5%20Initiation%20of%20product%20development%20at%20HW%20level_8413D961.html&quot;&gt;detailed description&lt;/a&gt;.</dc:description>
      <rtc_cm:filedAgainst rdf:resource="${filedAgainst:Category}"/>
      <rtc_cm:plannedFor rdf:resource="${plannedFor:Iteration}"/>
      <rtc_cm:com.ibm.team.workitem.linktype.parentworkitem.parent rdf:resource="#_KJLcgM8OEeC7WZs2TvSOIQ"/>
    </rtc_cm:task>
    <rtc_cm:task rdf:ID="_KJLcgs8OEeC7WZs2TvSOIQ">
      <dc:title>Refine project plan</dc:title>
      <dc:description>Update the project plan with details of the hardware development phase See &lt;a href=&quot;../../../iso26262/process.compliance.iso26262.base-ibm/capabilitypatterns/Refine%20project%20plan_BD97A221.html&quot;&gt;detailed description&lt;/a&gt;.</dc:description>
      <rtc_cm:filedAgainst rdf:resource="${filedAgainst:Category}"/>
      <rtc_cm:plannedFor rdf:resource="${plannedFor:Iteration}"/>
      <rtc_cm:com.ibm.team.workitem.linktype.parentworkitem.parent rdf:resource="#_KJLcgc8OEeC7WZs2TvSOIQ"/>
    </rtc_cm:task>
    <rtc_cm:task rdf:ID="_KJLcg88OEeC7WZs2TvSOIQ">
      <dc:title>Refine safety plan</dc:title>
      <dc:description>Refinement of the safety plan to take into account HW development. See &lt;a href=&quot;../../../iso26262/process.compliance.iso26262.base-ibm/capabilitypatterns/Refine%20safety%20plan_C8358231.html&quot;&gt;detailed description&lt;/a&gt;.</dc:description>
      <rtc_cm:filedAgainst rdf:resource="${filedAgainst:Category}"/>
      <rtc_cm:plannedFor rdf:resource="${plannedFor:Iteration}"/>
      <rtc_cm:com.ibm.team.workitem.linktype.parentworkitem.parent rdf:resource="#_KJLcgc8OEeC7WZs2TvSOIQ"/>
    </rtc_cm:task>
    <rtc_cm:task rdf:ID="_KJLchM8OEeC7WZs2TvSOIQ">
      <dc:title>5.6 Specification of HW safety requirements </dc:title>
      <dc:description>Refinement of the safety requirements that have been allocated to HW and the initial definition of the HW-SW interface document. See &lt;a href=&quot;../../../iso26262/process.compliance.iso26262.base-ibm/capabilitypatterns/5.6%20Specification%20of%20HW%20safety%20requirements_187C7326.html&quot;&gt;detailed description&lt;/a&gt;.</dc:description>
      <rtc_cm:filedAgainst rdf:resource="${filedAgainst:Category}"/>
      <rtc_cm:plannedFor rdf:resource="${plannedFor:Iteration}"/>
      <rtc_cm:com.ibm.team.workitem.linktype.parentworkitem.parent rdf:resource="#_KJLcgM8OEeC7WZs2TvSOIQ"/>
      <rtc_cm:com.ibm.team.workitem.linktype.blocksworkitem.dependsOn rdf:resource="#_KJLcgc8OEeC7WZs2TvSOIQ"/>
    </rtc_cm:task>
    <rtc_cm:task rdf:ID="_KJLchc8OEeC7WZs2TvSOIQ">
      <dc:title>Determine hardware architectural metrics requirements</dc:title>
      <dc:description>Determines the single point fault and latent fault metrics applicable to the item under development based upon the measures for detection of these sorts of errors described in the system specification. See &lt;a href=&quot;../../../iso26262/process.compliance.iso26262.base-ibm/capabilitypatterns/Determine%20hardware%20architectural%20metrics%20requirements_C0957575.html&quot;&gt;detailed description&lt;/a&gt;.</dc:description>
      <rtc_cm:filedAgainst rdf:resource="${filedAgainst:Category}"/>
      <rtc_cm:plannedFor rdf:resource="${plannedFor:Iteration}"/>
      <rtc_cm:com.ibm.team.workitem.linktype.parentworkitem.parent rdf:resource="#_KJLchM8OEeC7WZs2TvSOIQ"/>
    </rtc_cm:task>
    <rtc_cm:task rdf:ID="_KJLchs8OEeC7WZs2TvSOIQ">
      <dc:title>Determine random hardware failure requirements</dc:title>
      <dc:description>Specifies the metrics associated with random hardware failures based on the system specification See &lt;a href=&quot;../../../iso26262/process.compliance.iso26262.base-ibm/capabilitypatterns/Determine%20random%20hardware%20failure%20requirements_CB335585.html&quot;&gt;detailed description&lt;/a&gt;.</dc:description>
      <rtc_cm:filedAgainst rdf:resource="${filedAgainst:Category}"/>
      <rtc_cm:plannedFor rdf:resource="${plannedFor:Iteration}"/>
      <rtc_cm:com.ibm.team.workitem.linktype.parentworkitem.parent rdf:resource="#_KJLchM8OEeC7WZs2TvSOIQ"/>
    </rtc_cm:task>
    <rtc_cm:task rdf:ID="_KJLch88OEeC7WZs2TvSOIQ">
      <dc:title>Develop HW Safety requirements specification</dc:title>
      <dc:description>Development of a complete and consistent specification for the HW of the item that should be consistent with the technical safety concept and the system design specification. See &lt;a href=&quot;../../../iso26262/process.compliance.iso26262.base-ibm/capabilitypatterns/Develop%20HW%20Safety%20requirements%20specification_B9CC699B.html&quot;&gt;detailed description&lt;/a&gt;.</dc:description>
      <rtc_cm:filedAgainst rdf:resource="${filedAgainst:Category}"/>
      <rtc_cm:plannedFor rdf:resource="${plannedFor:Iteration}"/>
      <rtc_cm:com.ibm.team.workitem.linktype.parentworkitem.parent rdf:resource="#_KJLchM8OEeC7WZs2TvSOIQ"/>
    </rtc_cm:task>
    <rtc_cm:task rdf:ID="_KJLciM8OEeC7WZs2TvSOIQ">
      <dc:title>Refine HSI report</dc:title>
      <dc:description>Further detailing of the Hardware Software interface report based upon the System design specification and the intended HW design. See &lt;a href=&quot;../../../iso26262/process.compliance.iso26262.base-ibm/capabilitypatterns/Refine%20HSI%20report_22A63F60.html&quot;&gt;detailed description&lt;/a&gt;.</dc:description>
      <rtc_cm:filedAgainst rdf:resource="${filedAgainst:Category}"/>
      <rtc_cm:plannedFor rdf:resource="${plannedFor:Iteration}"/>
      <rtc_cm:com.ibm.team.workitem.linktype.parentworkitem.parent rdf:resource="#_KJLchM8OEeC7WZs2TvSOIQ"/>
      <rtc_cm:com.ibm.team.workitem.linktype.blocksworkitem.dependsOn rdf:resource="#_KJLch88OEeC7WZs2TvSOIQ"/>
    </rtc_cm:task>
    <rtc_cm:task rdf:ID="_KJLcic8OEeC7WZs2TvSOIQ">
      <dc:title>Verify HW safety requirements</dc:title>
      <dc:description>Verification of the HW safety requirements to ensure that they are consistent with the technical safety requirements. See &lt;a href=&quot;../../../iso26262/process.compliance.iso26262.base-ibm/capabilitypatterns/Verify%20HW%20safety%20requirements_85275794.html&quot;&gt;detailed description&lt;/a&gt;.</dc:description>
      <rtc_cm:filedAgainst rdf:resource="${filedAgainst:Category}"/>
      <rtc_cm:plannedFor rdf:resource="${plannedFor:Iteration}"/>
      <rtc_cm:com.ibm.team.workitem.linktype.parentworkitem.parent rdf:resource="#_KJLchM8OEeC7WZs2TvSOIQ"/>
      <rtc_cm:com.ibm.team.workitem.linktype.blocksworkitem.dependsOn rdf:resource="#_KJLch88OEeC7WZs2TvSOIQ"/>
    </rtc_cm:task>
    <rtc_cm:task rdf:ID="_KJLcis8OEeC7WZs2TvSOIQ">
      <dc:title>5.7 HW design</dc:title>
      <dc:description>Development of the HW design and if required implmentation of change management if changes need to be made. See &lt;a href=&quot;../../../iso26262/process.compliance.iso26262.base-ibm/capabilitypatterns/5.7%20HW%20design_70D9129A.html&quot;&gt;detailed description&lt;/a&gt;.</dc:description>
      <rtc_cm:filedAgainst rdf:resource="${filedAgainst:Category}"/>
      <rtc_cm:plannedFor rdf:resource="${plannedFor:Iteration}"/>
      <rtc_cm:com.ibm.team.workitem.linktype.parentworkitem.parent rdf:resource="#_KJLcgM8OEeC7WZs2TvSOIQ"/>
      <rtc_cm:com.ibm.team.workitem.linktype.blocksworkitem.dependsOn rdf:resource="#_KJLchM8OEeC7WZs2TvSOIQ"/>
    </rtc_cm:task>
    <rtc_cm:task rdf:ID="_KJLci88OEeC7WZs2TvSOIQ">
      <dc:title>Develop HW design</dc:title>
      <dc:description>Development of the HW design according the HW safety specification See &lt;a href=&quot;../../../iso26262/process.compliance.iso26262.base-ibm/capabilitypatterns/Develop%20HW%20design_D25B1A85.html&quot;&gt;detailed description&lt;/a&gt;.</dc:description>
      <rtc_cm:filedAgainst rdf:resource="${filedAgainst:Category}"/>
      <rtc_cm:plannedFor rdf:resource="${plannedFor:Iteration}"/>
      <rtc_cm:com.ibm.team.workitem.linktype.parentworkitem.parent rdf:resource="#_KJLcis8OEeC7WZs2TvSOIQ"/>
    </rtc_cm:task>
    <rtc_cm:task rdf:ID="_KJLcjM8OEeC7WZs2TvSOIQ">
      <dc:title>Carry out HW safety analysis</dc:title>
      <dc:description>Safety analysis of the HW architecture and detailed design used to determine the effects and causes of faults. See &lt;a href=&quot;../../../iso26262/process.compliance.iso26262.base-ibm/capabilitypatterns/Carry%20out%20HW%20safety%20analysis_C7BD3A75.html&quot;&gt;detailed description&lt;/a&gt;.</dc:description>
      <rtc_cm:filedAgainst rdf:resource="${filedAgainst:Category}"/>
      <rtc_cm:plannedFor rdf:resource="${plannedFor:Iteration}"/>
      <rtc_cm:com.ibm.team.workitem.linktype.parentworkitem.parent rdf:resource="#_KJLcis8OEeC7WZs2TvSOIQ"/>
      <rtc_cm:com.ibm.team.workitem.linktype.blocksworkitem.dependsOn rdf:resource="#_KJLci88OEeC7WZs2TvSOIQ"/>
    </rtc_cm:task>
    <rtc_cm:task rdf:ID="_KJLcjc8OEeC7WZs2TvSOIQ">
      <dc:title>Develop requirements for production and operation of HW</dc:title>
      <dc:description>Specification of safety requirements that could be caused by such actions as assembly, dissassembley and maintenance, for example See &lt;a href=&quot;../../../iso26262/process.compliance.iso26262.base-ibm/capabilitypatterns/Develop%20requirements%20for%20production%20and%20operation%20of%20HW_C0F42E9B.html&quot;&gt;detailed description&lt;/a&gt;.</dc:description>
      <rtc_cm:filedAgainst rdf:resource="${filedAgainst:Category}"/>
      <rtc_cm:plannedFor rdf:resource="${plannedFor:Iteration}"/>
      <rtc_cm:com.ibm.team.workitem.linktype.parentworkitem.parent rdf:resource="#_KJLcis8OEeC7WZs2TvSOIQ"/>
    </rtc_cm:task>
    <rtc_cm:task rdf:ID="_KJLcjs8OEeC7WZs2TvSOIQ">
      <dc:title>Verify HW design</dc:title>
      <dc:description>Verifies that the HW design complies to the HW safety requirements See &lt;a href=&quot;../../../iso26262/process.compliance.iso26262.base-ibm/capabilitypatterns/Verify%20HW%20design_29CE0460.html&quot;&gt;detailed description&lt;/a&gt;.</dc:description>
      <rtc_cm:filedAgainst rdf:resource="${filedAgainst:Category}"/>
      <rtc_cm:plannedFor rdf:resource="${plannedFor:Iteration}"/>
      <rtc_cm:com.ibm.team.workitem.linktype.parentworkitem.parent rdf:resource="#_KJLcis8OEeC7WZs2TvSOIQ"/>
      <rtc_cm:com.ibm.team.workitem.linktype.blocksworkitem.dependsOn rdf:resource="#_KJLci88OEeC7WZs2TvSOIQ"/>
      <rtc_cm:com.ibm.team.workitem.linktype.blocksworkitem.dependsOn rdf:resource="#_KJLcjc8OEeC7WZs2TvSOIQ"/>
    </rtc_cm:task>
    <rtc_cm:task rdf:ID="_KJLcj88OEeC7WZs2TvSOIQ">
      <dc:title>8.8 Change Management</dc:title>
      <dc:description> See &lt;a href=&quot;../../../iso26262/process.compliance.iso26262.base-ibm/capabilitypatterns/8.8%20Change%20Management_862B2756.html&quot;&gt;detailed description&lt;/a&gt;.</dc:description>
      <rtc_cm:filedAgainst rdf:resource="${filedAgainst:Category}"/>
      <rtc_cm:plannedFor rdf:resource="${plannedFor:Iteration}"/>
      <rtc_cm:com.ibm.team.workitem.linktype.parentworkitem.parent rdf:resource="#_KJLcis8OEeC7WZs2TvSOIQ"/>
    </rtc_cm:task>
    <rtc_cm:task rdf:ID="_KJLckM8OEeC7WZs2TvSOIQ">
      <dc:title>5.8 HW architectural metrics</dc:title>
      <dc:description>Evaluation of the hardware architecture against the requirements for single point faults metric and the latent faults metric. See &lt;a href=&quot;../../../iso26262/process.compliance.iso26262.base-ibm/capabilitypatterns/5.8%20HW%20architectural%20metrics_C5762E1.html&quot;&gt;detailed description&lt;/a&gt;.</dc:description>
      <rtc_cm:filedAgainst rdf:resource="${filedAgainst:Category}"/>
      <rtc_cm:plannedFor rdf:resource="${plannedFor:Iteration}"/>
      <rtc_cm:com.ibm.team.workitem.linktype.parentworkitem.parent rdf:resource="#_KJLcgM8OEeC7WZs2TvSOIQ"/>
      <rtc_cm:com.ibm.team.workitem.linktype.blocksworkitem.dependsOn rdf:resource="#_KJLcis8OEeC7WZs2TvSOIQ"/>
    </rtc_cm:task>
    <rtc_cm:task rdf:ID="_KJLckc8OEeC7WZs2TvSOIQ">
      <dc:title>Assess effectiveness of the system architecture to cope with random hardware failures</dc:title>
      <dc:description>Analyze how well the system architecture can deal with random HW failures by comparing to the architecture metric requirement targets. This task is applicable to ASIL (B), C and D. See &lt;a href=&quot;../../../iso26262/process.compliance.iso26262.base-ibm/capabilitypatterns/Assess%20effectiveness%20of%20the%20system%20architecture%20to%20cope%20with%20ran_1A934281.html&quot;&gt;detailed description&lt;/a&gt;.</dc:description>
      <rtc_cm:filedAgainst rdf:resource="${filedAgainst:Category}"/>
      <rtc_cm:plannedFor rdf:resource="${plannedFor:Iteration}"/>
      <rtc_cm:com.ibm.team.workitem.linktype.parentworkitem.parent rdf:resource="#_KJLckM8OEeC7WZs2TvSOIQ"/>
    </rtc_cm:task>
    <rtc_cm:task rdf:ID="_KJLcks8OEeC7WZs2TvSOIQ">
      <dc:title>Author review report:-Architectural Metrics</dc:title>
      <dc:description>Report of the methods used to determine the effectiveness of the system architecture to achieve the architecture metrics See &lt;a href=&quot;../../../iso26262/process.compliance.iso26262.base-ibm/capabilitypatterns/Author%20review%20report%20Arch%20Metric_25312291.html&quot;&gt;detailed description&lt;/a&gt;.</dc:description>
      <rtc_cm:filedAgainst rdf:resource="${filedAgainst:Category}"/>
      <rtc_cm:plannedFor rdf:resource="${plannedFor:Iteration}"/>
      <rtc_cm:com.ibm.team.workitem.linktype.parentworkitem.parent rdf:resource="#_KJLckM8OEeC7WZs2TvSOIQ"/>
      <rtc_cm:com.ibm.team.workitem.linktype.blocksworkitem.dependsOn rdf:resource="#_KJLckc8OEeC7WZs2TvSOIQ"/>
    </rtc_cm:task>
    <rtc_cm:task rdf:ID="_KJLck88OEeC7WZs2TvSOIQ">
      <dc:title>5.9 Evaluation of violation of the safety goals due to random HW failures</dc:title>
      <dc:description>Evaluation of the reliability of the hardware, wrt random failures, the analysis being based upon probability. See &lt;a href=&quot;../../../iso26262/process.compliance.iso26262.base-ibm/capabilitypatterns/5.9%20Evaluation%20of%20violation%20of%20the%20safety%20goals%20due%20to%20random%20HW_8C7BA48D.html&quot;&gt;detailed description&lt;/a&gt;.</dc:description>
      <rtc_cm:filedAgainst rdf:resource="${filedAgainst:Category}"/>
      <rtc_cm:plannedFor rdf:resource="${plannedFor:Iteration}"/>
      <rtc_cm:com.ibm.team.workitem.linktype.parentworkitem.parent rdf:resource="#_KJLcgM8OEeC7WZs2TvSOIQ"/>
      <rtc_cm:com.ibm.team.workitem.linktype.blocksworkitem.dependsOn rdf:resource="#_KJLcis8OEeC7WZs2TvSOIQ"/>
    </rtc_cm:task>
    <rtc_cm:task rdf:ID="_KJLclM8OEeC7WZs2TvSOIQ">
      <dc:title>Author review report:-Safety Analysis</dc:title>
      <dc:description>Review report detailing the safety analysis carried out and verify that it is correct See &lt;a href=&quot;../../../iso26262/process.compliance.iso26262.base-ibm/capabilitypatterns/Author%20review%20report%20SF%20analysis_E804C206.html&quot;&gt;detailed description&lt;/a&gt;.</dc:description>
      <rtc_cm:filedAgainst rdf:resource="${filedAgainst:Category}"/>
      <rtc_cm:plannedFor rdf:resource="${plannedFor:Iteration}"/>
      <rtc_cm:com.ibm.team.workitem.linktype.parentworkitem.parent rdf:resource="#_KJLck88OEeC7WZs2TvSOIQ"/>
      <rtc_cm:com.ibm.team.workitem.linktype.blocksworkitem.dependsOn rdf:resource="#_KJLclc8OEeC7WZs2TvSOIQ"/>
      <rtc_cm:com.ibm.team.workitem.linktype.blocksworkitem.dependsOn rdf:resource="#_KJLcls8OEeC7WZs2TvSOIQ"/>
    </rtc_cm:task>
    <rtc_cm:task rdf:ID="_KJLclc8OEeC7WZs2TvSOIQ">
      <dc:title>Evaluate random HW failures</dc:title>
      <dc:description>Analytical evaluation of random HW failures to provide the rationale that the risk of of safety gaol violation due to these failures is sufficiently low. This task is applicable to items with an ASIL (B), and required for ASILs C and D. See &lt;a href=&quot;../../../iso26262/process.compliance.iso26262.base-ibm/capabilitypatterns/Evaluate%20random%20HW%20failures_F2A2A216.html&quot;&gt;detailed description&lt;/a&gt;.</dc:description>
      <rtc_cm:filedAgainst rdf:resource="${filedAgainst:Category}"/>
      <rtc_cm:plannedFor rdf:resource="${plannedFor:Iteration}"/>
      <rtc_cm:com.ibm.team.workitem.linktype.parentworkitem.parent rdf:resource="#_KJLck88OEeC7WZs2TvSOIQ"/>
    </rtc_cm:task>
    <rtc_cm:task rdf:ID="_KJLcls8OEeC7WZs2TvSOIQ">
      <dc:title>Specify dedicated measures</dc:title>
      <dc:description>Dedicated measures enable parts with a certain high ASIL ratings and safety characteristics to be used in a design providing this measures are met. See &lt;a href=&quot;../../../iso26262/process.compliance.iso26262.base-ibm/capabilitypatterns/Specify%20dedicated%20measures_E13BB62C.html&quot;&gt;detailed description&lt;/a&gt;.</dc:description>
      <rtc_cm:filedAgainst rdf:resource="${filedAgainst:Category}"/>
      <rtc_cm:plannedFor rdf:resource="${plannedFor:Iteration}"/>
      <rtc_cm:com.ibm.team.workitem.linktype.parentworkitem.parent rdf:resource="#_KJLck88OEeC7WZs2TvSOIQ"/>
      <rtc_cm:com.ibm.team.workitem.linktype.blocksworkitem.dependsOn rdf:resource="#_KJLclc8OEeC7WZs2TvSOIQ"/>
    </rtc_cm:task>
    <rtc_cm:task rdf:ID="_KJLcl88OEeC7WZs2TvSOIQ">
      <dc:title>5.10 HW integration and testing</dc:title>
      <dc:description>The task of integrating the HW together and testing it. See &lt;a href=&quot;../../../iso26262/process.compliance.iso26262.base-ibm/capabilitypatterns/5.10%20HW%20integration%20and%20testing_1FB01B43.html&quot;&gt;detailed description&lt;/a&gt;.</dc:description>
      <rtc_cm:filedAgainst rdf:resource="${filedAgainst:Category}"/>
      <rtc_cm:plannedFor rdf:resource="${plannedFor:Iteration}"/>
      <rtc_cm:com.ibm.team.workitem.linktype.parentworkitem.parent rdf:resource="#_KJLcgM8OEeC7WZs2TvSOIQ"/>
      <rtc_cm:com.ibm.team.workitem.linktype.blocksworkitem.dependsOn rdf:resource="#_KJLcmc8OEeC7WZs2TvSOIQ"/>
      <rtc_cm:com.ibm.team.workitem.linktype.blocksworkitem.dependsOn rdf:resource="#_KJLcis8OEeC7WZs2TvSOIQ"/>
    </rtc_cm:task>
    <rtc_cm:task rdf:ID="_KJLcmM8OEeC7WZs2TvSOIQ">
      <dc:title>Integrate HW and Test</dc:title>
      <dc:description>Integrate HW elements and test them according to the HW safety requirements. See &lt;a href=&quot;../../../iso26262/process.compliance.iso26262.base-ibm/capabilitypatterns/Integrate%20HW%20and%20Test_4B160527.html&quot;&gt;detailed description&lt;/a&gt;.</dc:description>
      <rtc_cm:filedAgainst rdf:resource="${filedAgainst:Category}"/>
      <rtc_cm:plannedFor rdf:resource="${plannedFor:Iteration}"/>
      <rtc_cm:com.ibm.team.workitem.linktype.parentworkitem.parent rdf:resource="#_KJLcl88OEeC7WZs2TvSOIQ"/>
    </rtc_cm:task>
    <rtc_cm:task rdf:ID="_KJLcmc8OEeC7WZs2TvSOIQ">
      <dc:title>8.13 Qualification of HW components</dc:title>
      <dc:description>The process required to be carried out to qualify a HW component for use in an item with aspects of functional safety. See &lt;a href=&quot;../../../iso26262/process.compliance.iso26262.base-ibm/capabilitypatterns/8.13%20Qualification%20of%20HW%20components_F702F0B3.html&quot;&gt;detailed description&lt;/a&gt;.</dc:description>
      <rtc_cm:filedAgainst rdf:resource="${filedAgainst:Category}"/>
      <rtc_cm:plannedFor rdf:resource="${plannedFor:Iteration}"/>
      <rtc_cm:com.ibm.team.workitem.linktype.parentworkitem.parent rdf:resource="#_KJLcgM8OEeC7WZs2TvSOIQ"/>
    </rtc_cm:task>
    <rtc_cm:task rdf:ID="_KJLcms8OEeC7WZs2TvSOIQ">
      <dc:title>Develop HW qualification plan</dc:title>
      <dc:description>Determine the means of qualification for the HW component, this can be done through analysis or test, although it is more likely to be combination of both See &lt;a href=&quot;../../../iso26262/process.compliance.iso26262.base-ibm/capabilitypatterns/Develop%20HW%20qualification%20plan_26B03ADF.html&quot;&gt;detailed description&lt;/a&gt;.</dc:description>
      <rtc_cm:filedAgainst rdf:resource="${filedAgainst:Category}"/>
      <rtc_cm:plannedFor rdf:resource="${plannedFor:Iteration}"/>
      <rtc_cm:com.ibm.team.workitem.linktype.parentworkitem.parent rdf:resource="#_KJLcmc8OEeC7WZs2TvSOIQ"/>
    </rtc_cm:task>
    <rtc_cm:task rdf:ID="_KJLcm88OEeC7WZs2TvSOIQ">
      <dc:title>Develop HW test plan</dc:title>
      <dc:description>The plan used to test the HW for qualification See &lt;a href=&quot;../../../iso26262/process.compliance.iso26262.base-ibm/capabilitypatterns/Develop%20HW%20test%20plan_15494EF5.html&quot;&gt;detailed description&lt;/a&gt;.</dc:description>
      <rtc_cm:filedAgainst rdf:resource="${filedAgainst:Category}"/>
      <rtc_cm:plannedFor rdf:resource="${plannedFor:Iteration}"/>
      <rtc_cm:com.ibm.team.workitem.linktype.parentworkitem.parent rdf:resource="#_KJLcmc8OEeC7WZs2TvSOIQ"/>
      <rtc_cm:com.ibm.team.workitem.linktype.blocksworkitem.dependsOn rdf:resource="#_KJLcms8OEeC7WZs2TvSOIQ"/>
    </rtc_cm:task>
    <rtc_cm:task rdf:ID="_KJLcnM8OEeC7WZs2TvSOIQ">
      <dc:title>Qualify HW component using test</dc:title>
      <dc:description>Tests carried out to stress the HW components functionality according to the expected environmental conditions See &lt;a href=&quot;../../../iso26262/process.compliance.iso26262.base-ibm/capabilitypatterns/Qualify%20HW%20component%20using%20test_E0A43CEE.html&quot;&gt;detailed description&lt;/a&gt;.</dc:description>
      <rtc_cm:filedAgainst rdf:resource="${filedAgainst:Category}"/>
      <rtc_cm:plannedFor rdf:resource="${plannedFor:Iteration}"/>
      <rtc_cm:com.ibm.team.workitem.linktype.parentworkitem.parent rdf:resource="#_KJLcmc8OEeC7WZs2TvSOIQ"/>
      <rtc_cm:com.ibm.team.workitem.linktype.blocksworkitem.dependsOn rdf:resource="#_KJLcm88OEeC7WZs2TvSOIQ"/>
    </rtc_cm:task>
    <rtc_cm:task rdf:ID="_KJLcnc8OEeC7WZs2TvSOIQ">
      <dc:title>Qualify HW component using analysis</dc:title>
      <dc:description>Analysis of the HW component based upon analytical methods, data from operational experience and existing test results. See &lt;a href=&quot;../../../iso26262/process.compliance.iso26262.base-ibm/capabilitypatterns/Qualify%20HW%20component%20using%20analysis_7E2324BA.html&quot;&gt;detailed description&lt;/a&gt;.</dc:description>
      <rtc_cm:filedAgainst rdf:resource="${filedAgainst:Category}"/>
      <rtc_cm:plannedFor rdf:resource="${plannedFor:Iteration}"/>
      <rtc_cm:com.ibm.team.workitem.linktype.parentworkitem.parent rdf:resource="#_KJLcmc8OEeC7WZs2TvSOIQ"/>
      <rtc_cm:com.ibm.team.workitem.linktype.blocksworkitem.dependsOn rdf:resource="#_KJLcms8OEeC7WZs2TvSOIQ"/>
      <rtc_cm:com.ibm.team.workitem.linktype.blocksworkitem.dependsOn rdf:resource="#_KJLcnM8OEeC7WZs2TvSOIQ"/>
    </rtc_cm:task>
    <rtc_cm:task rdf:ID="_KJLcns8OEeC7WZs2TvSOIQ">
      <dc:title>Author HW qualification report</dc:title>
      <dc:description>Compilation of the HW analysis and test reports, stating whether the hardware component has passed or failed the qualification WRT the operating envelope. See &lt;a href=&quot;../../../iso26262/process.compliance.iso26262.base-ibm/capabilitypatterns/Author%20HW%20qualification%20report_1C125ACF.html&quot;&gt;detailed description&lt;/a&gt;.</dc:description>
      <rtc_cm:filedAgainst rdf:resource="${filedAgainst:Category}"/>
      <rtc_cm:plannedFor rdf:resource="${plannedFor:Iteration}"/>
      <rtc_cm:com.ibm.team.workitem.linktype.parentworkitem.parent rdf:resource="#_KJLcmc8OEeC7WZs2TvSOIQ"/>
    </rtc_cm:task>
    <rtc_cm:task rdf:ID="_KJLcn88OEeC7WZs2TvSOIQ">
      <dc:title>Verify Qualification report</dc:title>
      <dc:description>To confirm that the HW has been properly qualified. See &lt;a href=&quot;../../../iso26262/process.compliance.iso26262.base-ibm/capabilitypatterns/Verify%20Qualification%20report_EB421CFE.html&quot;&gt;detailed description&lt;/a&gt;.</dc:description>
      <rtc_cm:filedAgainst rdf:resource="${filedAgainst:Category}"/>
      <rtc_cm:plannedFor rdf:resource="${plannedFor:Iteration}"/>
      <rtc_cm:com.ibm.team.workitem.linktype.parentworkitem.parent rdf:resource="#_KJLcmc8OEeC7WZs2TvSOIQ"/>
      <rtc_cm:com.ibm.team.workitem.linktype.blocksworkitem.dependsOn rdf:resource="#_KJLcns8OEeC7WZs2TvSOIQ"/>
    </rtc_cm:task>
  </rtc_cm:workItems>
</rtc_cm:WorkItemTemplate>
