<?xml version='1.0' encoding='UTF-8'?>
<!-- This document was created with Syntext Serna Free. -->
<rtc_cm:WorkItemTemplate xmlns:dc="http://purl.org/dc/terms/" xmlns:rtc_cm="http://jazz.net/xmlns/prod/jazz/rtc/cm/1.0/" xmlns:rdf="http://www.w3.org/1999/02/22-rdf-syntax-ns#">
<!--#RMC#process.name=6 Software product developmentprocess.guid=_GebYQaGLEeC6D4cw2ululQconfiguration.name=configuration.guid=_4iFhcM72EeC7WZs2TvSOIQ#RMC#-->  <dc:identifier>6_sw_prod_dev</dc:identifier>
  <dc:title>6 Software Product Development</dc:title>
  <dc:description>The software product development cycle details the tasks and activities to be carried out to develop the software. The development process takes a top down approach based upon architectural, component and unit design and then verifying and validating up to the point where the HW/SW integration occurs.The SW development process has a lot of interaction with the HW development process due to the need to define the HW/SW interfaces.</dc:description>
  <rtc_cm:workItems>
    <rtc_cm:task rdf:ID="_fXRK4M8OEeC7WZs2TvSOIQ">
      <dc:title>6 Software product development</dc:title>
      <dc:description>The software product development cycle details the tasks and activities to be carried out to develop the software. The development process takes a top down approach based upon architectural, component and unit design and then verifying and validating up to the point where the HW/SW integration occurs. The SW development process has a lot of interaction with the HW development process due to the need to define the HW/SW interfaces. See &lt;a href=&quot;../../../iso26262/process.compliance.iso26262.base-ibm/capabilitypatterns/6%20Software%20product%20development_81D294D1.html&quot;&gt;detailed description&lt;/a&gt;.</dc:description>
      <rtc_cm:filedAgainst rdf:resource="${filedAgainst:Category}"/>
      <rtc_cm:plannedFor rdf:resource="${plannedFor:Iteration}"/>
    </rtc_cm:task>
    <rtc_cm:task rdf:ID="_fXRK4c8OEeC7WZs2TvSOIQ">
      <dc:title>6.5 Initiation of product development at the software level</dc:title>
      <dc:description>Planning stage for the development of the software See &lt;a href=&quot;../../../iso26262/process.compliance.iso26262.base-ibm/capabilitypatterns/6.5%20Initiation%20of%20product%20development%20at%20the%20software%20level_E92E2E54.html&quot;&gt;detailed description&lt;/a&gt;.</dc:description>
      <rtc_cm:filedAgainst rdf:resource="${filedAgainst:Category}"/>
      <rtc_cm:plannedFor rdf:resource="${plannedFor:Iteration}"/>
      <rtc_cm:com.ibm.team.workitem.linktype.parentworkitem.parent rdf:resource="#_fXRK4M8OEeC7WZs2TvSOIQ"/>
    </rtc_cm:task>
    <rtc_cm:task rdf:ID="_fXRK4s8OEeC7WZs2TvSOIQ">
      <dc:title>Develop design and coding guidelines</dc:title>
      <dc:description>Develops the topic required to be covered for the safety related application specific design and coding guidelines based upon the required ASIL. See &lt;a href=&quot;../../../iso26262/process.compliance.iso26262.base-ibm/capabilitypatterns/Develop%20design%20and%20coding%20guidelines_C5861446.html&quot;&gt;detailed description&lt;/a&gt;.</dc:description>
      <rtc_cm:filedAgainst rdf:resource="${filedAgainst:Category}"/>
      <rtc_cm:plannedFor rdf:resource="${plannedFor:Iteration}"/>
      <rtc_cm:com.ibm.team.workitem.linktype.parentworkitem.parent rdf:resource="#_fXRK4c8OEeC7WZs2TvSOIQ"/>
      <rtc_cm:com.ibm.team.workitem.linktype.blocksworkitem.dependsOn rdf:resource="#_fXRK6s8OEeC7WZs2TvSOIQ"/>
    </rtc_cm:task>
    <rtc_cm:task rdf:ID="_fXRK488OEeC7WZs2TvSOIQ">
      <dc:title>Develop SW safety plan</dc:title>
      <dc:description>The safety plan is further developed for the SW phase of development based upon the timings for tool qualification, lifecycle tailoring, the selection process for the programming/modeling language and developing design and coding guidelines. See &lt;a href=&quot;../../../iso26262/process.compliance.iso26262.base-ibm/capabilitypatterns/Develop%20SW%20safety%20plan_B41F285C.html&quot;&gt;detailed description&lt;/a&gt;.</dc:description>
      <rtc_cm:filedAgainst rdf:resource="${filedAgainst:Category}"/>
      <rtc_cm:plannedFor rdf:resource="${plannedFor:Iteration}"/>
      <rtc_cm:com.ibm.team.workitem.linktype.parentworkitem.parent rdf:resource="#_fXRK4c8OEeC7WZs2TvSOIQ"/>
      <rtc_cm:com.ibm.team.workitem.linktype.blocksworkitem.dependsOn rdf:resource="#_fXRK4s8OEeC7WZs2TvSOIQ"/>
      <rtc_cm:com.ibm.team.workitem.linktype.blocksworkitem.dependsOn rdf:resource="#_fXRK6s8OEeC7WZs2TvSOIQ"/>
      <rtc_cm:com.ibm.team.workitem.linktype.blocksworkitem.dependsOn rdf:resource="#_fXRK5s8OEeC7WZs2TvSOIQ"/>
      <rtc_cm:com.ibm.team.workitem.linktype.blocksworkitem.dependsOn rdf:resource="#_fXRK588OEeC7WZs2TvSOIQ"/>
    </rtc_cm:task>
    <rtc_cm:task rdf:ID="_fXRK5M8OEeC7WZs2TvSOIQ">
      <dc:title>Develop SW tool application guidelines</dc:title>
      <dc:description>The guidelines for the application of the SW tools are developed, based upon the selected tool/methods and tool qualification report. See &lt;a href=&quot;../../../iso26262/process.compliance.iso26262.base-ibm/capabilitypatterns/Develop%20SW%20tool%20application%20guidelines_BEBD086C.html&quot;&gt;detailed description&lt;/a&gt;.</dc:description>
      <rtc_cm:filedAgainst rdf:resource="${filedAgainst:Category}"/>
      <rtc_cm:plannedFor rdf:resource="${plannedFor:Iteration}"/>
      <rtc_cm:com.ibm.team.workitem.linktype.parentworkitem.parent rdf:resource="#_fXRK4c8OEeC7WZs2TvSOIQ"/>
      <rtc_cm:com.ibm.team.workitem.linktype.blocksworkitem.dependsOn rdf:resource="#_fXRK6s8OEeC7WZs2TvSOIQ"/>
      <rtc_cm:com.ibm.team.workitem.linktype.blocksworkitem.dependsOn rdf:resource="#_fXRK5s8OEeC7WZs2TvSOIQ"/>
      <rtc_cm:com.ibm.team.workitem.linktype.blocksworkitem.dependsOn rdf:resource="#_fXRK6c8OEeC7WZs2TvSOIQ"/>
    </rtc_cm:task>
    <rtc_cm:task rdf:ID="_fXRK5c8OEeC7WZs2TvSOIQ">
      <dc:title>Develop SW verification plan</dc:title>
      <dc:description>Update of the verification plan to cover the SW development phase. See &lt;a href=&quot;../../../iso26262/process.compliance.iso26262.base-ibm/capabilitypatterns/Develop%20SW%20verification%20plan_2796DE31.html&quot;&gt;detailed description&lt;/a&gt;.</dc:description>
      <rtc_cm:filedAgainst rdf:resource="${filedAgainst:Category}"/>
      <rtc_cm:plannedFor rdf:resource="${plannedFor:Iteration}"/>
      <rtc_cm:com.ibm.team.workitem.linktype.parentworkitem.parent rdf:resource="#_fXRK4c8OEeC7WZs2TvSOIQ"/>
      <rtc_cm:com.ibm.team.workitem.linktype.blocksworkitem.dependsOn rdf:resource="#_fXRK4s8OEeC7WZs2TvSOIQ"/>
      <rtc_cm:com.ibm.team.workitem.linktype.blocksworkitem.dependsOn rdf:resource="#_fXRK5s8OEeC7WZs2TvSOIQ"/>
      <rtc_cm:com.ibm.team.workitem.linktype.blocksworkitem.dependsOn rdf:resource="#_fXRK588OEeC7WZs2TvSOIQ"/>
    </rtc_cm:task>
    <rtc_cm:task rdf:ID="_fXRK5s8OEeC7WZs2TvSOIQ">
      <dc:title>8.11 Qualification of software tools</dc:title>
      <dc:description>This activity concerns the tasks required to be carried out if the user wishes to qualify their own software tools. See &lt;a href=&quot;../../../iso26262/process.compliance.iso26262.base-ibm/capabilitypatterns/8.11%20Qualification%20of%20software%20tools_52153E0F.html&quot;&gt;detailed description&lt;/a&gt;.</dc:description>
      <rtc_cm:filedAgainst rdf:resource="${filedAgainst:Category}"/>
      <rtc_cm:plannedFor rdf:resource="${plannedFor:Iteration}"/>
      <rtc_cm:com.ibm.team.workitem.linktype.parentworkitem.parent rdf:resource="#_fXRK4c8OEeC7WZs2TvSOIQ"/>
      <rtc_cm:com.ibm.team.workitem.linktype.blocksworkitem.dependsOn rdf:resource="#_fXRK6c8OEeC7WZs2TvSOIQ"/>
    </rtc_cm:task>
    <rtc_cm:task rdf:ID="_fXRK588OEeC7WZs2TvSOIQ">
      <dc:title>Tailor SW lifecycle</dc:title>
      <dc:description>The process of adapting the SW safety lifecycle to met the methods and tools required for the development of the item and still be compliant with ISO 26262. See &lt;a href=&quot;../../../iso26262/process.compliance.iso26262.base-ibm/capabilitypatterns/Tailor%20SW%20lifecycle_89F0A635.html&quot;&gt;detailed description&lt;/a&gt;.</dc:description>
      <rtc_cm:filedAgainst rdf:resource="${filedAgainst:Category}"/>
      <rtc_cm:plannedFor rdf:resource="${plannedFor:Iteration}"/>
      <rtc_cm:com.ibm.team.workitem.linktype.parentworkitem.parent rdf:resource="#_fXRK4c8OEeC7WZs2TvSOIQ"/>
      <rtc_cm:com.ibm.team.workitem.linktype.blocksworkitem.dependsOn rdf:resource="#_fXRK6M8OEeC7WZs2TvSOIQ"/>
    </rtc_cm:task>
    <rtc_cm:task rdf:ID="_fXRK6M8OEeC7WZs2TvSOIQ">
      <dc:title>Tailor Lifecycle for configurable SW</dc:title>
      <dc:description>Provides input to the Safety Plan based upon contents of ISO 26262, vol 6, Annex C, which provides guidelines on planning when using configurable software See &lt;a href=&quot;../../../iso26262/process.compliance.iso26262.base-ibm/capabilitypatterns/Tailor%20Lifecycle%20for%20configurable%20SW_FED4803C.html&quot;&gt;detailed description&lt;/a&gt;.</dc:description>
      <rtc_cm:filedAgainst rdf:resource="${filedAgainst:Category}"/>
      <rtc_cm:plannedFor rdf:resource="${plannedFor:Iteration}"/>
      <rtc_cm:com.ibm.team.workitem.linktype.parentworkitem.parent rdf:resource="#_fXRK4c8OEeC7WZs2TvSOIQ"/>
    </rtc_cm:task>
    <rtc_cm:task rdf:ID="_fXRK6c8OEeC7WZs2TvSOIQ">
      <dc:title>Select methods and tools</dc:title>
      <dc:description>Determine which methods and tools are to be used See &lt;a href=&quot;../../../iso26262/process.compliance.iso26262.base-ibm/capabilitypatterns/Select%20methods%20and%20tools_9628457E.html&quot;&gt;detailed description&lt;/a&gt;.</dc:description>
      <rtc_cm:filedAgainst rdf:resource="${filedAgainst:Category}"/>
      <rtc_cm:plannedFor rdf:resource="${plannedFor:Iteration}"/>
      <rtc_cm:com.ibm.team.workitem.linktype.parentworkitem.parent rdf:resource="#_fXRK4c8OEeC7WZs2TvSOIQ"/>
    </rtc_cm:task>
    <rtc_cm:task rdf:ID="_fXRK6s8OEeC7WZs2TvSOIQ">
      <dc:title>Select modeling or programming language</dc:title>
      <dc:description>Determine the modelling and/or the programming language to be used for the development of the safety relate software. See &lt;a href=&quot;../../../iso26262/process.compliance.iso26262.base-ibm/capabilitypatterns/Select%20modelling%20or%20programming%20language_22018EDE.html&quot;&gt;detailed description&lt;/a&gt;.</dc:description>
      <rtc_cm:filedAgainst rdf:resource="${filedAgainst:Category}"/>
      <rtc_cm:plannedFor rdf:resource="${plannedFor:Iteration}"/>
      <rtc_cm:com.ibm.team.workitem.linktype.parentworkitem.parent rdf:resource="#_fXRK4c8OEeC7WZs2TvSOIQ"/>
      <rtc_cm:com.ibm.team.workitem.linktype.blocksworkitem.dependsOn rdf:resource="#_fXRK6c8OEeC7WZs2TvSOIQ"/>
    </rtc_cm:task>
    <rtc_cm:task rdf:ID="_fXRK688OEeC7WZs2TvSOIQ">
      <dc:title>6.6 Specification of software safety requirements</dc:title>
      <dc:description>Refinement of the technical safety requirements that have been applied to software. See &lt;a href=&quot;../../../iso26262/process.compliance.iso26262.base-ibm/capabilitypatterns/6.6%20Specification%20of%20software%20safety%20requirements_17BBB984.html&quot;&gt;detailed description&lt;/a&gt;.</dc:description>
      <rtc_cm:filedAgainst rdf:resource="${filedAgainst:Category}"/>
      <rtc_cm:plannedFor rdf:resource="${plannedFor:Iteration}"/>
      <rtc_cm:com.ibm.team.workitem.linktype.parentworkitem.parent rdf:resource="#_fXRK4M8OEeC7WZs2TvSOIQ"/>
      <rtc_cm:com.ibm.team.workitem.linktype.blocksworkitem.dependsOn rdf:resource="#_fXRK4c8OEeC7WZs2TvSOIQ"/>
    </rtc_cm:task>
    <rtc_cm:task rdf:ID="_fXRK7M8OEeC7WZs2TvSOIQ">
      <dc:title>Detail the HW SW interface requirements</dc:title>
      <dc:description>Further detailing of the HW-SW interface requirements so that HW and SW can work together See &lt;a href=&quot;../../../iso26262/process.compliance.iso26262.base-ibm/capabilitypatterns/Detail%20the%20HW%20SW%20interface%20requirements_95CE523B.html&quot;&gt;detailed description&lt;/a&gt;.</dc:description>
      <rtc_cm:filedAgainst rdf:resource="${filedAgainst:Category}"/>
      <rtc_cm:plannedFor rdf:resource="${plannedFor:Iteration}"/>
      <rtc_cm:com.ibm.team.workitem.linktype.parentworkitem.parent rdf:resource="#_fXRK688OEeC7WZs2TvSOIQ"/>
      <rtc_cm:com.ibm.team.workitem.linktype.blocksworkitem.dependsOn rdf:resource="#_fXRK7c8OEeC7WZs2TvSOIQ"/>
    </rtc_cm:task>
    <rtc_cm:task rdf:ID="_fXRK7c8OEeC7WZs2TvSOIQ">
      <dc:title>Develop the software safety requirements specification</dc:title>
      <dc:description>Development of a complete and consistent specification for the SW of the item that should be consistent with the technical safety concept and the system design specification. See &lt;a href=&quot;../../../iso26262/process.compliance.iso26262.base-ibm/capabilitypatterns/Develop%20the%20software%20safety%20requirements%20specification_84676651.html&quot;&gt;detailed description&lt;/a&gt;.</dc:description>
      <rtc_cm:filedAgainst rdf:resource="${filedAgainst:Category}"/>
      <rtc_cm:plannedFor rdf:resource="${plannedFor:Iteration}"/>
      <rtc_cm:com.ibm.team.workitem.linktype.parentworkitem.parent rdf:resource="#_fXRK688OEeC7WZs2TvSOIQ"/>
    </rtc_cm:task>
    <rtc_cm:task rdf:ID="_fXRK7s8OEeC7WZs2TvSOIQ">
      <dc:title>Develop the verification plan</dc:title>
      <dc:description>Plan the verification of the software safety requirements and the refined hardware software interface. See &lt;a href=&quot;../../../iso26262/process.compliance.iso26262.base-ibm/capabilitypatterns/Develop%20the%20verification%20plan_8F054661.html&quot;&gt;detailed description&lt;/a&gt;.</dc:description>
      <rtc_cm:filedAgainst rdf:resource="${filedAgainst:Category}"/>
      <rtc_cm:plannedFor rdf:resource="${plannedFor:Iteration}"/>
      <rtc_cm:com.ibm.team.workitem.linktype.parentworkitem.parent rdf:resource="#_fXRK688OEeC7WZs2TvSOIQ"/>
      <rtc_cm:com.ibm.team.workitem.linktype.blocksworkitem.dependsOn rdf:resource="#_fXRK7M8OEeC7WZs2TvSOIQ"/>
      <rtc_cm:com.ibm.team.workitem.linktype.blocksworkitem.dependsOn rdf:resource="#_fXRK7c8OEeC7WZs2TvSOIQ"/>
    </rtc_cm:task>
    <rtc_cm:task rdf:ID="_fXRK788OEeC7WZs2TvSOIQ">
      <dc:title>Verify the software safety requirements</dc:title>
      <dc:description>This task ensures that the software safety requirements match the system design specification, technical safety requirements and are consistent with the relevant parts of the hardware safety requirements. See &lt;a href=&quot;../../../iso26262/process.compliance.iso26262.base-ibm/capabilitypatterns/Verify%20the%20software%20safety%20requirements_F7DF1C26.html&quot;&gt;detailed description&lt;/a&gt;.</dc:description>
      <rtc_cm:filedAgainst rdf:resource="${filedAgainst:Category}"/>
      <rtc_cm:plannedFor rdf:resource="${plannedFor:Iteration}"/>
      <rtc_cm:com.ibm.team.workitem.linktype.parentworkitem.parent rdf:resource="#_fXRK688OEeC7WZs2TvSOIQ"/>
      <rtc_cm:com.ibm.team.workitem.linktype.blocksworkitem.dependsOn rdf:resource="#_fXRK7s8OEeC7WZs2TvSOIQ"/>
    </rtc_cm:task>
    <rtc_cm:task rdf:ID="_fXRK8M8OEeC7WZs2TvSOIQ">
      <dc:title>6.7 Software architectural design</dc:title>
      <dc:description>The activity of developing/designing the architecture of the software. See &lt;a href=&quot;../../../iso26262/process.compliance.iso26262.base-ibm/capabilitypatterns/6.7%20Software%20architectural%20design_AAB00656.html&quot;&gt;detailed description&lt;/a&gt;.</dc:description>
      <rtc_cm:filedAgainst rdf:resource="${filedAgainst:Category}"/>
      <rtc_cm:plannedFor rdf:resource="${plannedFor:Iteration}"/>
      <rtc_cm:com.ibm.team.workitem.linktype.parentworkitem.parent rdf:resource="#_fXRK4M8OEeC7WZs2TvSOIQ"/>
      <rtc_cm:com.ibm.team.workitem.linktype.blocksworkitem.dependsOn rdf:resource="#_fXRK688OEeC7WZs2TvSOIQ"/>
    </rtc_cm:task>
    <rtc_cm:task rdf:ID="_fXRK8c8OEeC7WZs2TvSOIQ">
      <dc:title>Analyze SW dependent failures</dc:title>
      <dc:description>This task is carried out when implementation of the software safety requirements depends upon the lack of interference between software components. See &lt;a href=&quot;../../../iso26262/process.compliance.iso26262.base-ibm/capabilitypatterns/Analyse%20SW%20dependent%20failures_955A1732.html&quot;&gt;detailed description&lt;/a&gt;.</dc:description>
      <rtc_cm:filedAgainst rdf:resource="${filedAgainst:Category}"/>
      <rtc_cm:plannedFor rdf:resource="${plannedFor:Iteration}"/>
      <rtc_cm:com.ibm.team.workitem.linktype.parentworkitem.parent rdf:resource="#_fXRK8M8OEeC7WZs2TvSOIQ"/>
      <rtc_cm:com.ibm.team.workitem.linktype.blocksworkitem.dependsOn rdf:resource="#_fXRK8s8OEeC7WZs2TvSOIQ"/>
    </rtc_cm:task>
    <rtc_cm:task rdf:ID="_fXRK8s8OEeC7WZs2TvSOIQ">
      <dc:title>Analyze SW safety</dc:title>
      <dc:description>This task is used to ensure that the safety related characteristics of the software components are met and to support the specification of the safety mechanisms. See &lt;a href=&quot;../../../iso26262/process.compliance.iso26262.base-ibm/capabilitypatterns/Analyse%20SW%20safety_83F32B48.html&quot;&gt;detailed description&lt;/a&gt;.</dc:description>
      <rtc_cm:filedAgainst rdf:resource="${filedAgainst:Category}"/>
      <rtc_cm:plannedFor rdf:resource="${plannedFor:Iteration}"/>
      <rtc_cm:com.ibm.team.workitem.linktype.parentworkitem.parent rdf:resource="#_fXRK8M8OEeC7WZs2TvSOIQ"/>
    </rtc_cm:task>
    <rtc_cm:task rdf:ID="_fXRK888OEeC7WZs2TvSOIQ">
      <dc:title>Develop software architectural design specification</dc:title>
      <dc:description>Provides the specification of the software architecture upon which the software will be based. See &lt;a href=&quot;../../../iso26262/process.compliance.iso26262.base-ibm/capabilitypatterns/Develop%20software%20architectural%20design%20specification_8E910B58.html&quot;&gt;detailed description&lt;/a&gt;.</dc:description>
      <rtc_cm:filedAgainst rdf:resource="${filedAgainst:Category}"/>
      <rtc_cm:plannedFor rdf:resource="${plannedFor:Iteration}"/>
      <rtc_cm:com.ibm.team.workitem.linktype.parentworkitem.parent rdf:resource="#_fXRK8M8OEeC7WZs2TvSOIQ"/>
      <rtc_cm:com.ibm.team.workitem.linktype.blocksworkitem.dependsOn rdf:resource="#_fXRK8s8OEeC7WZs2TvSOIQ"/>
      <rtc_cm:com.ibm.team.workitem.linktype.blocksworkitem.dependsOn rdf:resource="#_fXRK8c8OEeC7WZs2TvSOIQ"/>
    </rtc_cm:task>
    <rtc_cm:task rdf:ID="_fXRK9M8OEeC7WZs2TvSOIQ">
      <dc:title>Verify software architecture</dc:title>
      <dc:description>The verification of the software architecture is used to demonstrate that the software architecture design is compliant with the software safety requirements, is compatible with intended target hardware and adheres to the design guidelines. See &lt;a href=&quot;../../../iso26262/process.compliance.iso26262.base-ibm/capabilitypatterns/Verify%20software%20architecture_F76AE11D.html&quot;&gt;detailed description&lt;/a&gt;.</dc:description>
      <rtc_cm:filedAgainst rdf:resource="${filedAgainst:Category}"/>
      <rtc_cm:plannedFor rdf:resource="${plannedFor:Iteration}"/>
      <rtc_cm:com.ibm.team.workitem.linktype.parentworkitem.parent rdf:resource="#_fXRK8M8OEeC7WZs2TvSOIQ"/>
      <rtc_cm:com.ibm.team.workitem.linktype.blocksworkitem.dependsOn rdf:resource="#_fXRK888OEeC7WZs2TvSOIQ"/>
    </rtc_cm:task>
    <rtc_cm:task rdf:ID="_fXRK9c8OEeC7WZs2TvSOIQ">
      <dc:title>Develop safety plan for new SW components</dc:title>
      <dc:description>This task relates to the development of a safety plan for safety-related software components that are newly developed or reused with modifications. Safety plan shall be developed in accordance with ISO 26262 See &lt;a href=&quot;../../../iso26262/process.compliance.iso26262.base-ibm/capabilitypatterns/Develop%20safety%20plan%20for%20new%20SW%20components_61BE30A.html&quot;&gt;detailed description&lt;/a&gt;.</dc:description>
      <rtc_cm:filedAgainst rdf:resource="${filedAgainst:Category}"/>
      <rtc_cm:plannedFor rdf:resource="${plannedFor:Iteration}"/>
      <rtc_cm:com.ibm.team.workitem.linktype.parentworkitem.parent rdf:resource="#_fXRK8M8OEeC7WZs2TvSOIQ"/>
      <rtc_cm:com.ibm.team.workitem.linktype.blocksworkitem.dependsOn rdf:resource="#_fXRK888OEeC7WZs2TvSOIQ"/>
    </rtc_cm:task>
    <rtc_cm:task rdf:ID="_fXRK9s8OEeC7WZs2TvSOIQ">
      <dc:title>Develop the software requirements specification</dc:title>
      <dc:description>Refinement of the software safety requirements specification based upon the allocation of requirements to the software components. See &lt;a href=&quot;../../../iso26262/process.compliance.iso26262.base-ibm/capabilitypatterns/Develop%20the%20software%20requirements%20specification_5F4A5696.html&quot;&gt;detailed description&lt;/a&gt;.</dc:description>
      <rtc_cm:filedAgainst rdf:resource="${filedAgainst:Category}"/>
      <rtc_cm:plannedFor rdf:resource="${plannedFor:Iteration}"/>
      <rtc_cm:com.ibm.team.workitem.linktype.parentworkitem.parent rdf:resource="#_fXRK8M8OEeC7WZs2TvSOIQ"/>
      <rtc_cm:com.ibm.team.workitem.linktype.blocksworkitem.dependsOn rdf:resource="#_fXRK888OEeC7WZs2TvSOIQ"/>
    </rtc_cm:task>
    <rtc_cm:task rdf:ID="_fXRK988OEeC7WZs2TvSOIQ">
      <dc:title>6.8 Software unit design and implementation</dc:title>
      <dc:description>Further refinement of the software architecture or a part of the software architure into its implementation as software component or unit. See &lt;a href=&quot;../../../iso26262/process.compliance.iso26262.base-ibm/capabilitypatterns/6.8%20Software%20unit%20design%20and%20implementation_96F3247.html&quot;&gt;detailed description&lt;/a&gt;.</dc:description>
      <rtc_cm:filedAgainst rdf:resource="${filedAgainst:Category}"/>
      <rtc_cm:plannedFor rdf:resource="${plannedFor:Iteration}"/>
      <rtc_cm:com.ibm.team.workitem.linktype.parentworkitem.parent rdf:resource="#_fXRK4M8OEeC7WZs2TvSOIQ"/>
      <rtc_cm:com.ibm.team.workitem.linktype.blocksworkitem.dependsOn rdf:resource="#_fXRK8M8OEeC7WZs2TvSOIQ"/>
    </rtc_cm:task>
    <rtc_cm:task rdf:ID="_fXRK-M8OEeC7WZs2TvSOIQ">
      <dc:title>Develop software unit implementation</dc:title>
      <dc:description>Implementation of the software unit based upon the software unit specification See &lt;a href=&quot;../../../iso26262/process.compliance.iso26262.base-ibm/capabilitypatterns/Develop%20software%20unit%20implementation_4D0A2B77.html&quot;&gt;detailed description&lt;/a&gt;.</dc:description>
      <rtc_cm:filedAgainst rdf:resource="${filedAgainst:Category}"/>
      <rtc_cm:plannedFor rdf:resource="${plannedFor:Iteration}"/>
      <rtc_cm:com.ibm.team.workitem.linktype.parentworkitem.parent rdf:resource="#_fXRK988OEeC7WZs2TvSOIQ"/>
      <rtc_cm:com.ibm.team.workitem.linktype.blocksworkitem.dependsOn rdf:resource="#_fXRK-c8OEeC7WZs2TvSOIQ"/>
    </rtc_cm:task>
    <rtc_cm:task rdf:ID="_fXRK-c8OEeC7WZs2TvSOIQ">
      <dc:title>Develop software unit specification </dc:title>
      <dc:description>Specification of a software unit based upon the software architectural design and the associated software safety requirements so it can be implemented. See &lt;a href=&quot;../../../iso26262/process.compliance.iso26262.base-ibm/capabilitypatterns/Develop%20software%20unit%20specification_3BA33F8D.html&quot;&gt;detailed description&lt;/a&gt;.</dc:description>
      <rtc_cm:filedAgainst rdf:resource="${filedAgainst:Category}"/>
      <rtc_cm:plannedFor rdf:resource="${plannedFor:Iteration}"/>
      <rtc_cm:com.ibm.team.workitem.linktype.parentworkitem.parent rdf:resource="#_fXRK988OEeC7WZs2TvSOIQ"/>
    </rtc_cm:task>
    <rtc_cm:task rdf:ID="_fXRK-s8OEeC7WZs2TvSOIQ">
      <dc:title>Verify the software unit</dc:title>
      <dc:description>This task verifies that the software unit is compliant with the hardware software interface, the software unit specification and coding guidelines. It shall also be compatible with the target hardware and a full traceability coverage back to software safety requirements and the software architecture. See &lt;a href=&quot;../../../iso26262/process.compliance.iso26262.base-ibm/capabilitypatterns/Verify%20the%20software%20unit_46411F9D.html&quot;&gt;detailed description&lt;/a&gt;.</dc:description>
      <rtc_cm:filedAgainst rdf:resource="${filedAgainst:Category}"/>
      <rtc_cm:plannedFor rdf:resource="${plannedFor:Iteration}"/>
      <rtc_cm:com.ibm.team.workitem.linktype.parentworkitem.parent rdf:resource="#_fXRK988OEeC7WZs2TvSOIQ"/>
      <rtc_cm:com.ibm.team.workitem.linktype.blocksworkitem.dependsOn rdf:resource="#_fXRK-M8OEeC7WZs2TvSOIQ"/>
    </rtc_cm:task>
    <rtc_cm:task rdf:ID="_fXRK-88OEeC7WZs2TvSOIQ">
      <dc:title>6.9 Software unit testing</dc:title>
      <dc:description>Test phase for unit testing of the software. See &lt;a href=&quot;../../../iso26262/process.compliance.iso26262.base-ibm/capabilitypatterns/6.9%20Software%20unit%20testing_9C6A694A.html&quot;&gt;detailed description&lt;/a&gt;.</dc:description>
      <rtc_cm:filedAgainst rdf:resource="${filedAgainst:Category}"/>
      <rtc_cm:plannedFor rdf:resource="${plannedFor:Iteration}"/>
      <rtc_cm:com.ibm.team.workitem.linktype.parentworkitem.parent rdf:resource="#_fXRK4M8OEeC7WZs2TvSOIQ"/>
      <rtc_cm:com.ibm.team.workitem.linktype.blocksworkitem.dependsOn rdf:resource="#_fXRK988OEeC7WZs2TvSOIQ"/>
    </rtc_cm:task>
    <rtc_cm:task rdf:ID="_fXRK_M8OEeC7WZs2TvSOIQ">
      <dc:title>Develop SW Unit verification plan</dc:title>
      <dc:description>Plan how the verification of the SW unit is to take place. The software unit verification plan covers the content of the work products to be verified, the verification tools,methods and environment with pass and fail criteria. See &lt;a href=&quot;../../../iso26262/process.compliance.iso26262.base-ibm/capabilitypatterns/Develop%20SW%20Unit%20verification%20plan_78009BB4.html&quot;&gt;detailed description&lt;/a&gt;.</dc:description>
      <rtc_cm:filedAgainst rdf:resource="${filedAgainst:Category}"/>
      <rtc_cm:plannedFor rdf:resource="${plannedFor:Iteration}"/>
      <rtc_cm:com.ibm.team.workitem.linktype.parentworkitem.parent rdf:resource="#_fXRK-88OEeC7WZs2TvSOIQ"/>
    </rtc_cm:task>
    <rtc_cm:task rdf:ID="_fXRK_c8OEeC7WZs2TvSOIQ">
      <dc:title>Develop SW Unit verification specification</dc:title>
      <dc:description>The specification describes how the testing will be carried out and the methods to be used. These methods shall include review or analysis checklists, simulation scenarios or test cases and test data. See &lt;a href=&quot;../../../iso26262/process.compliance.iso26262.base-ibm/capabilitypatterns/Develop%20SW%20Unit%20verification%20specification_6699AFCA.html&quot;&gt;detailed description&lt;/a&gt;.</dc:description>
      <rtc_cm:filedAgainst rdf:resource="${filedAgainst:Category}"/>
      <rtc_cm:plannedFor rdf:resource="${plannedFor:Iteration}"/>
      <rtc_cm:com.ibm.team.workitem.linktype.parentworkitem.parent rdf:resource="#_fXRK-88OEeC7WZs2TvSOIQ"/>
      <rtc_cm:com.ibm.team.workitem.linktype.blocksworkitem.dependsOn rdf:resource="#_fXRK_M8OEeC7WZs2TvSOIQ"/>
    </rtc_cm:task>
    <rtc_cm:task rdf:ID="_fXRK_s8OEeC7WZs2TvSOIQ">
      <dc:title>Verify SW Unit </dc:title>
      <dc:description>To verify the software unit based upon the Verification plan and verification specification. See &lt;a href=&quot;../../../iso26262/process.compliance.iso26262.base-ibm/capabilitypatterns/Verify%20SW%20Unit_71378FDA.html&quot;&gt;detailed description&lt;/a&gt;.</dc:description>
      <rtc_cm:filedAgainst rdf:resource="${filedAgainst:Category}"/>
      <rtc_cm:plannedFor rdf:resource="${plannedFor:Iteration}"/>
      <rtc_cm:com.ibm.team.workitem.linktype.parentworkitem.parent rdf:resource="#_fXRK-88OEeC7WZs2TvSOIQ"/>
      <rtc_cm:com.ibm.team.workitem.linktype.blocksworkitem.dependsOn rdf:resource="#_fXRK_c8OEeC7WZs2TvSOIQ"/>
    </rtc_cm:task>
    <rtc_cm:task rdf:ID="_fXRK_88OEeC7WZs2TvSOIQ">
      <dc:title>6.10 Software integration and testing</dc:title>
      <dc:description>Implementation of the integration of the software components and the associated integration tests. See &lt;a href=&quot;../../../iso26262/process.compliance.iso26262.base-ibm/capabilitypatterns/6.10%20Software%20integration%20and%20testing_9B16732C.html&quot;&gt;detailed description&lt;/a&gt;.</dc:description>
      <rtc_cm:filedAgainst rdf:resource="${filedAgainst:Category}"/>
      <rtc_cm:plannedFor rdf:resource="${plannedFor:Iteration}"/>
      <rtc_cm:com.ibm.team.workitem.linktype.parentworkitem.parent rdf:resource="#_fXRK4M8OEeC7WZs2TvSOIQ"/>
      <rtc_cm:com.ibm.team.workitem.linktype.blocksworkitem.dependsOn rdf:resource="#_fXRK-88OEeC7WZs2TvSOIQ"/>
      <rtc_cm:com.ibm.team.workitem.linktype.blocksworkitem.dependsOn rdf:resource="#_fXRK8M8OEeC7WZs2TvSOIQ"/>
    </rtc_cm:task>
    <rtc_cm:task rdf:ID="_fXRLAM8OEeC7WZs2TvSOIQ">
      <dc:title>Develop integration plan</dc:title>
      <dc:description>Plan the integration of the various software units, up the hierarchy of the system until all the relevant Software units/components are embedded in the software. See &lt;a href=&quot;../../../iso26262/process.compliance.iso26262.base-ibm/capabilitypatterns/Develop%20integration%20plan_93D030F3.html&quot;&gt;detailed description&lt;/a&gt;.</dc:description>
      <rtc_cm:filedAgainst rdf:resource="${filedAgainst:Category}"/>
      <rtc_cm:plannedFor rdf:resource="${plannedFor:Iteration}"/>
      <rtc_cm:com.ibm.team.workitem.linktype.parentworkitem.parent rdf:resource="#_fXRK_88OEeC7WZs2TvSOIQ"/>
    </rtc_cm:task>
    <rtc_cm:task rdf:ID="_fXRLAc8OEeC7WZs2TvSOIQ">
      <dc:title>Integrate software units at level n</dc:title>
      <dc:description>Integration of the software units at a particular level of hierarchy to build a software component. See &lt;a href=&quot;../../../iso26262/process.compliance.iso26262.base-ibm/capabilitypatterns/Integrate%20software%20units%20at%20level%20n_F5E0FADE.html&quot;&gt;detailed description&lt;/a&gt;.</dc:description>
      <rtc_cm:filedAgainst rdf:resource="${filedAgainst:Category}"/>
      <rtc_cm:plannedFor rdf:resource="${plannedFor:Iteration}"/>
      <rtc_cm:com.ibm.team.workitem.linktype.parentworkitem.parent rdf:resource="#_fXRK_88OEeC7WZs2TvSOIQ"/>
    </rtc_cm:task>
    <rtc_cm:task rdf:ID="_fXRLAs8OEeC7WZs2TvSOIQ">
      <dc:title>Develop SW integration verification plan</dc:title>
      <dc:description>Development of the SW verification plan for a specific level of the software hierarchy, describing the verification tools, methods and environment with pass and fail criteria. See &lt;a href=&quot;../../../iso26262/process.compliance.iso26262.base-ibm/capabilitypatterns/Develop%20SW%20integration%20verification%20plan_82694509.html&quot;&gt;detailed description&lt;/a&gt;.</dc:description>
      <rtc_cm:filedAgainst rdf:resource="${filedAgainst:Category}"/>
      <rtc_cm:plannedFor rdf:resource="${plannedFor:Iteration}"/>
      <rtc_cm:com.ibm.team.workitem.linktype.parentworkitem.parent rdf:resource="#_fXRK_88OEeC7WZs2TvSOIQ"/>
    </rtc_cm:task>
    <rtc_cm:task rdf:ID="_fXRLA88OEeC7WZs2TvSOIQ">
      <dc:title>Develop SW integration verification specification</dc:title>
      <dc:description>The specification describes how the testing will be carried out and the methods to be used. These methods shall include review or analysis checklists, simulation scenarios or test cases and test data. See &lt;a href=&quot;../../../iso26262/process.compliance.iso26262.base-ibm/capabilitypatterns/Develop%20SW%20integration%20verification%20specification_8D072519.html&quot;&gt;detailed description&lt;/a&gt;.</dc:description>
      <rtc_cm:filedAgainst rdf:resource="${filedAgainst:Category}"/>
      <rtc_cm:plannedFor rdf:resource="${plannedFor:Iteration}"/>
      <rtc_cm:com.ibm.team.workitem.linktype.parentworkitem.parent rdf:resource="#_fXRK_88OEeC7WZs2TvSOIQ"/>
      <rtc_cm:com.ibm.team.workitem.linktype.blocksworkitem.dependsOn rdf:resource="#_fXRLAs8OEeC7WZs2TvSOIQ"/>
    </rtc_cm:task>
    <rtc_cm:task rdf:ID="_fXRLBM8OEeC7WZs2TvSOIQ">
      <dc:title>Verify integrated software</dc:title>
      <dc:description>Carry out the SW integration tests according to the SW integration verification plan and verification specification. See &lt;a href=&quot;../../../iso26262/process.compliance.iso26262.base-ibm/capabilitypatterns/Verify%20integrated%20software_1BE5CA84.html&quot;&gt;detailed description&lt;/a&gt;.</dc:description>
      <rtc_cm:filedAgainst rdf:resource="${filedAgainst:Category}"/>
      <rtc_cm:plannedFor rdf:resource="${plannedFor:Iteration}"/>
      <rtc_cm:com.ibm.team.workitem.linktype.parentworkitem.parent rdf:resource="#_fXRK_88OEeC7WZs2TvSOIQ"/>
      <rtc_cm:com.ibm.team.workitem.linktype.blocksworkitem.dependsOn rdf:resource="#_fXRLA88OEeC7WZs2TvSOIQ"/>
      <rtc_cm:com.ibm.team.workitem.linktype.blocksworkitem.dependsOn rdf:resource="#_fXRLAc8OEeC7WZs2TvSOIQ"/>
    </rtc_cm:task>
    <rtc_cm:task rdf:ID="_fXRLBc8OEeC7WZs2TvSOIQ">
      <dc:title>6.11 Verification of software safety requirements</dc:title>
      <dc:description>Verification that the safety requirements have been covered in the implemented software. See &lt;a href=&quot;../../../iso26262/process.compliance.iso26262.base-ibm/capabilitypatterns/6.11%20Verification%20of%20software%20safety%20requirements_F6839DBF.html&quot;&gt;detailed description&lt;/a&gt;.</dc:description>
      <rtc_cm:filedAgainst rdf:resource="${filedAgainst:Category}"/>
      <rtc_cm:plannedFor rdf:resource="${plannedFor:Iteration}"/>
      <rtc_cm:com.ibm.team.workitem.linktype.parentworkitem.parent rdf:resource="#_fXRK4M8OEeC7WZs2TvSOIQ"/>
      <rtc_cm:com.ibm.team.workitem.linktype.blocksworkitem.dependsOn rdf:resource="#_fXRK_88OEeC7WZs2TvSOIQ"/>
      <rtc_cm:com.ibm.team.workitem.linktype.blocksworkitem.dependsOn rdf:resource="#_fXRK688OEeC7WZs2TvSOIQ"/>
    </rtc_cm:task>
    <rtc_cm:task rdf:ID="_fXRLBs8OEeC7WZs2TvSOIQ">
      <dc:title>Develop Embedded SW verification plan</dc:title>
      <dc:description>Development of the Embedded SW verification plan covers the verification of the SW in the target environment, describing the verification tools, methods and environment with pass and fail criteria. See &lt;a href=&quot;../../../iso26262/process.compliance.iso26262.base-ibm/capabilitypatterns/Develop%20Embedded%20SW%20verification%20plan_F367B7D2.html&quot;&gt;detailed description&lt;/a&gt;.</dc:description>
      <rtc_cm:filedAgainst rdf:resource="${filedAgainst:Category}"/>
      <rtc_cm:plannedFor rdf:resource="${plannedFor:Iteration}"/>
      <rtc_cm:com.ibm.team.workitem.linktype.parentworkitem.parent rdf:resource="#_fXRLBc8OEeC7WZs2TvSOIQ"/>
    </rtc_cm:task>
    <rtc_cm:task rdf:ID="_fXRLB88OEeC7WZs2TvSOIQ">
      <dc:title>Develop Embedded SW verification specification</dc:title>
      <dc:description>The Embedded SW verification specification describes how the testing will be carried out and the methods to be used. These methods shall include review or analysis checklists, simulation scenarios or test cases and test data. See &lt;a href=&quot;../../../iso26262/process.compliance.iso26262.base-ibm/capabilitypatterns/Develop%20Embedded%20SW%20verification%20specification_E200CBE8.html&quot;&gt;detailed description&lt;/a&gt;.</dc:description>
      <rtc_cm:filedAgainst rdf:resource="${filedAgainst:Category}"/>
      <rtc_cm:plannedFor rdf:resource="${plannedFor:Iteration}"/>
      <rtc_cm:com.ibm.team.workitem.linktype.parentworkitem.parent rdf:resource="#_fXRLBc8OEeC7WZs2TvSOIQ"/>
      <rtc_cm:com.ibm.team.workitem.linktype.blocksworkitem.dependsOn rdf:resource="#_fXRLBs8OEeC7WZs2TvSOIQ"/>
    </rtc_cm:task>
    <rtc_cm:task rdf:ID="_fXRLCM8OEeC7WZs2TvSOIQ">
      <dc:title>Verify Embedded SW</dc:title>
      <dc:description>Carry out the embedded SW integration tests according to the embedded SW integration verification plan and verification specification. See &lt;a href=&quot;../../../iso26262/process.compliance.iso26262.base-ibm/capabilitypatterns/Verify%20Embedded%20SW_EC9EABF8.html&quot;&gt;detailed description&lt;/a&gt;.</dc:description>
      <rtc_cm:filedAgainst rdf:resource="${filedAgainst:Category}"/>
      <rtc_cm:plannedFor rdf:resource="${plannedFor:Iteration}"/>
      <rtc_cm:com.ibm.team.workitem.linktype.parentworkitem.parent rdf:resource="#_fXRLBc8OEeC7WZs2TvSOIQ"/>
      <rtc_cm:com.ibm.team.workitem.linktype.blocksworkitem.dependsOn rdf:resource="#_fXRLB88OEeC7WZs2TvSOIQ"/>
    </rtc_cm:task>
  </rtc_cm:workItems>
</rtc_cm:WorkItemTemplate>
