<?xml version='1.0' encoding='UTF-8'?>
<!-- This document was created with Syntext Serna Free. -->
<rtc_cm:WorkItemTemplate xmlns:dc="http://purl.org/dc/terms/" xmlns:rtc_cm="http://jazz.net/xmlns/prod/jazz/rtc/cm/1.0/" xmlns:rdf="http://www.w3.org/1999/02/22-rdf-syntax-ns#">
<!--#RMC#process.name=4. Systems Integration and testingprocess.guid=_lXc4wZ5HEeCk2aQcgmZB_wconfiguration.name=configuration.guid=_CWKqoM73EeC7WZs2TvSOIQ#RMC#-->  <dc:identifier>4_sys_integ</dc:identifier>
  <dc:title>4 Systems Integration and Testing</dc:title>
  <dc:description>After having implemented the item in HW and SW the next phase is to progress up the left hand side of the v and carry out the various integration and acceptance tasks before signing the release for production and the production of the item.</dc:description>
  <rtc_cm:workItems>
    <rtc_cm:task rdf:ID="_FipEUM8QEeC7WZs2TvSOIQ">
      <dc:title>4. Systems Integration and testing</dc:title>
      <dc:description>After having implemented the item in HW and SW the next phase is to progress up the left hand side of the v and carry out the various integration and acceptance tasks before signing the release for production and the production of the item. See &lt;a href=&quot;../../../iso26262/process.compliance.iso26262.base-ibm/capabilitypatterns/4.%20Systems%20Integration%20and%20testing_D312FD21.html&quot;&gt;detailed description&lt;/a&gt;.</dc:description>
      <rtc_cm:filedAgainst rdf:resource="${filedAgainst:Category}"/>
      <rtc_cm:plannedFor rdf:resource="${plannedFor:Iteration}"/>
    </rtc_cm:task>
    <rtc_cm:task rdf:ID="_FipEUc8QEeC7WZs2TvSOIQ">
      <dc:title>4.8 Item Integration and testing</dc:title>
      <dc:description>The item integration and test phase covers the integration of the item at vairous levels of Hierarchy starting with the HW-SW integration, followed by the Systems integration and then the integration of the system with the vehicle. See &lt;a href=&quot;../../../iso26262/process.compliance.iso26262.base-ibm/capabilitypatterns/4.8%20Item%20Integration%20and%20testing_8B99A294.html&quot;&gt;detailed description&lt;/a&gt;.</dc:description>
      <rtc_cm:filedAgainst rdf:resource="${filedAgainst:Category}"/>
      <rtc_cm:plannedFor rdf:resource="${plannedFor:Iteration}"/>
      <rtc_cm:com.ibm.team.workitem.linktype.parentworkitem.parent rdf:resource="#_FipEUM8QEeC7WZs2TvSOIQ"/>
    </rtc_cm:task>
    <rtc_cm:task rdf:ID="_FipEUs8QEeC7WZs2TvSOIQ">
      <dc:title>Develop integration and test strategy</dc:title>
      <dc:description>The integration and test strategy details the scheduling of the various integration and test activities. See &lt;a href=&quot;../../../iso26262/process.compliance.iso26262.base-ibm/capabilitypatterns/Develop%20integration%20and%20test%20strategy_FF771FDC.html&quot;&gt;detailed description&lt;/a&gt;.</dc:description>
      <rtc_cm:filedAgainst rdf:resource="${filedAgainst:Category}"/>
      <rtc_cm:plannedFor rdf:resource="${plannedFor:Iteration}"/>
      <rtc_cm:com.ibm.team.workitem.linktype.parentworkitem.parent rdf:resource="#_FipEUc8QEeC7WZs2TvSOIQ"/>
    </rtc_cm:task>
    <rtc_cm:task rdf:ID="_FipEU88QEeC7WZs2TvSOIQ">
      <dc:title>4.8.1 HW-SW integration and testing</dc:title>
      <dc:description>The process of integrating and testing the HW and SW elements of the item. See &lt;a href=&quot;../../../iso26262/process.compliance.iso26262.base-ibm/capabilitypatterns/HW-SW%20integration%20and%20testing_144F6034.html&quot;&gt;detailed description&lt;/a&gt;.</dc:description>
      <rtc_cm:filedAgainst rdf:resource="${filedAgainst:Category}"/>
      <rtc_cm:plannedFor rdf:resource="${plannedFor:Iteration}"/>
      <rtc_cm:com.ibm.team.workitem.linktype.parentworkitem.parent rdf:resource="#_FipEUc8QEeC7WZs2TvSOIQ"/>
    </rtc_cm:task>
    <rtc_cm:task rdf:ID="_FipEVM8QEeC7WZs2TvSOIQ">
      <dc:title>4.8.2 System integration and testing</dc:title>
      <dc:description>The process of integrating and testing various HW-SW components together into a system. See &lt;a href=&quot;../../../iso26262/process.compliance.iso26262.base-ibm/capabilitypatterns/System%20integration%20and%20testing_EC1AFFF2.html&quot;&gt;detailed description&lt;/a&gt;.</dc:description>
      <rtc_cm:filedAgainst rdf:resource="${filedAgainst:Category}"/>
      <rtc_cm:plannedFor rdf:resource="${plannedFor:Iteration}"/>
      <rtc_cm:com.ibm.team.workitem.linktype.parentworkitem.parent rdf:resource="#_FipEUc8QEeC7WZs2TvSOIQ"/>
    </rtc_cm:task>
    <rtc_cm:task rdf:ID="_FipEVc8QEeC7WZs2TvSOIQ">
      <dc:title>4.8.3 Vehicle integration and testing</dc:title>
      <dc:description>The process of integrating and testing a system or system(s) as they are built into the vehicle. See &lt;a href=&quot;../../../iso26262/process.compliance.iso26262.base-ibm/capabilitypatterns/Vehicle%20integration%20and%20testing_77C5426F.html&quot;&gt;detailed description&lt;/a&gt;.</dc:description>
      <rtc_cm:filedAgainst rdf:resource="${filedAgainst:Category}"/>
      <rtc_cm:plannedFor rdf:resource="${plannedFor:Iteration}"/>
      <rtc_cm:com.ibm.team.workitem.linktype.parentworkitem.parent rdf:resource="#_FipEUc8QEeC7WZs2TvSOIQ"/>
    </rtc_cm:task>
    <rtc_cm:task rdf:ID="_FipEVs8QEeC7WZs2TvSOIQ">
      <dc:title>4.9 Safety validation</dc:title>
      <dc:description>The task of testing at the vehicle level to ensure that the safety goals of the item are met. See &lt;a href=&quot;../../../iso26262/process.compliance.iso26262.base-ibm/capabilitypatterns/4.9%20Safety%20validation_36FF774A.html&quot;&gt;detailed description&lt;/a&gt;.</dc:description>
      <rtc_cm:filedAgainst rdf:resource="${filedAgainst:Category}"/>
      <rtc_cm:plannedFor rdf:resource="${plannedFor:Iteration}"/>
      <rtc_cm:com.ibm.team.workitem.linktype.parentworkitem.parent rdf:resource="#_FipEUM8QEeC7WZs2TvSOIQ"/>
      <rtc_cm:com.ibm.team.workitem.linktype.blocksworkitem.dependsOn rdf:resource="#_FipEUc8QEeC7WZs2TvSOIQ"/>
    </rtc_cm:task>
    <rtc_cm:task rdf:ID="_FipEV88QEeC7WZs2TvSOIQ">
      <dc:title>Develop validation plan</dc:title>
      <dc:description>The validation plan is to plan the activities around the gathering of evidence of the appropriateness and adequacy of the safety measures that the integrated item employs. See &lt;a href=&quot;../../../iso26262/process.compliance.iso26262.base-ibm/capabilitypatterns/Develop%20validation%20plan_C91EC0D3.html&quot;&gt;detailed description&lt;/a&gt;.</dc:description>
      <rtc_cm:filedAgainst rdf:resource="${filedAgainst:Category}"/>
      <rtc_cm:plannedFor rdf:resource="${plannedFor:Iteration}"/>
      <rtc_cm:com.ibm.team.workitem.linktype.parentworkitem.parent rdf:resource="#_FipEVs8QEeC7WZs2TvSOIQ"/>
    </rtc_cm:task>
    <rtc_cm:task rdf:ID="_FipEWM8QEeC7WZs2TvSOIQ">
      <dc:title>Execute the validation plan</dc:title>
      <dc:description>This task carries out the validation activities detailed in the validation plan. See &lt;a href=&quot;../../../iso26262/process.compliance.iso26262.base-ibm/capabilitypatterns/Execute%20the%20validation%20plan_B7B7D4E9.html&quot;&gt;detailed description&lt;/a&gt;.</dc:description>
      <rtc_cm:filedAgainst rdf:resource="${filedAgainst:Category}"/>
      <rtc_cm:plannedFor rdf:resource="${plannedFor:Iteration}"/>
      <rtc_cm:com.ibm.team.workitem.linktype.parentworkitem.parent rdf:resource="#_FipEVs8QEeC7WZs2TvSOIQ"/>
      <rtc_cm:com.ibm.team.workitem.linktype.blocksworkitem.dependsOn rdf:resource="#_FipEV88QEeC7WZs2TvSOIQ"/>
    </rtc_cm:task>
    <rtc_cm:task rdf:ID="_FipEWc8QEeC7WZs2TvSOIQ">
      <dc:title>4.10 Develop functional safety assessment report</dc:title>
      <dc:description>The functional safety assessment report assesses each of the steps of the safety lifecycle as it appears in ISO 26262, vol 2, figure 2. See &lt;a href=&quot;../../../iso26262/process.compliance.iso26262.base-ibm/capabilitypatterns/4.10%20Develop%20functional%20safety%20assessment%20report_8CFAA8D0.html&quot;&gt;detailed description&lt;/a&gt;.</dc:description>
      <rtc_cm:filedAgainst rdf:resource="${filedAgainst:Category}"/>
      <rtc_cm:plannedFor rdf:resource="${plannedFor:Iteration}"/>
      <rtc_cm:com.ibm.team.workitem.linktype.parentworkitem.parent rdf:resource="#_FipEUM8QEeC7WZs2TvSOIQ"/>
      <rtc_cm:com.ibm.team.workitem.linktype.blocksworkitem.dependsOn rdf:resource="#_FipEVs8QEeC7WZs2TvSOIQ"/>
    </rtc_cm:task>
    <rtc_cm:task rdf:ID="_FipEWs8QEeC7WZs2TvSOIQ">
      <dc:title>4.11 Develop release for production report</dc:title>
      <dc:description>The release for production confirms that the item is ready for series production and operation See &lt;a href=&quot;../../../iso26262/process.compliance.iso26262.base-ibm/capabilitypatterns/4.11%20Develop%20release%20for%20production%20report_144B16D5.html&quot;&gt;detailed description&lt;/a&gt;.</dc:description>
      <rtc_cm:filedAgainst rdf:resource="${filedAgainst:Category}"/>
      <rtc_cm:plannedFor rdf:resource="${plannedFor:Iteration}"/>
      <rtc_cm:com.ibm.team.workitem.linktype.parentworkitem.parent rdf:resource="#_FipEUM8QEeC7WZs2TvSOIQ"/>
      <rtc_cm:com.ibm.team.workitem.linktype.blocksworkitem.dependsOn rdf:resource="#_FipEWc8QEeC7WZs2TvSOIQ"/>
    </rtc_cm:task>
  </rtc_cm:workItems>
</rtc_cm:WorkItemTemplate>
