<?xml version='1.0' encoding='UTF-8'?>
<!-- This document was created with Syntext Serna Free. -->
<rtc_cm:WorkItemTemplate xmlns:dc="http://purl.org/dc/terms/" xmlns:rtc_cm="http://jazz.net/xmlns/prod/jazz/rtc/cm/1.0/" xmlns:rdf="http://www.w3.org/1999/02/22-rdf-syntax-ns#">
<!--#RMC#process.name=4. Systems Integration and testingprocess.guid=_lXc4wZ5HEeCk2aQcgmZB_wconfiguration.name=configuration.guid=_CWKqoM73EeC7WZs2TvSOIQ#RMC#-->  <dc:identifier>481_HW_SW_Integ</dc:identifier>
  <dc:title>4.8.1 HW and SW Integration and Testing</dc:title>
  <dc:description>The process of integrating and testing the HW and SW elements of the item.</dc:description>
  <rtc_cm:workItems>
    <rtc_cm:task rdf:ID="_aBDpQM8QEeC7WZs2TvSOIQ">
      <dc:title>4.8.1 HW-SW integration and testing</dc:title>
      <dc:description>The process of integrating and testing the HW and SW elements of the item. See &lt;a href=&quot;../../../iso26262/process.compliance.iso26262.base-ibm/capabilitypatterns/HW-SW%20integration%20and%20testing_144F6034.html&quot;&gt;detailed description&lt;/a&gt;.</dc:description>
      <rtc_cm:filedAgainst rdf:resource="${filedAgainst:Category}"/>
      <rtc_cm:plannedFor rdf:resource="${plannedFor:Iteration}"/>
    </rtc_cm:task>
    <rtc_cm:task rdf:ID="_aBDpQc8QEeC7WZs2TvSOIQ">
      <dc:title>Develop HW-SW verification plan</dc:title>
      <dc:description>Development of the verification plan for the HW-SW integration level, describing the verification tools, methods and environment with pass and fail criteria. See &lt;a href=&quot;../../../iso26262/process.compliance.iso26262.base-ibm/capabilitypatterns/Develop%20HW-SW%20verification%20plan_84285F00.html&quot;&gt;detailed description&lt;/a&gt;.</dc:description>
      <rtc_cm:filedAgainst rdf:resource="${filedAgainst:Category}"/>
      <rtc_cm:plannedFor rdf:resource="${plannedFor:Iteration}"/>
      <rtc_cm:com.ibm.team.workitem.linktype.parentworkitem.parent rdf:resource="#_aBDpQM8QEeC7WZs2TvSOIQ"/>
    </rtc_cm:task>
    <rtc_cm:task rdf:ID="_aBDpQs8QEeC7WZs2TvSOIQ">
      <dc:title>Develop HW-SW integration testing specification</dc:title>
      <dc:description>The HW-SW integration test specification describes how the testing will be carried out and the methods to be used to test the HW-SW integration. See &lt;a href=&quot;../../../iso26262/process.compliance.iso26262.base-ibm/capabilitypatterns/Develop%20HW-SW%20integration%20testing%20specification_6E2F4E6C.html&quot;&gt;detailed description&lt;/a&gt;.</dc:description>
      <rtc_cm:filedAgainst rdf:resource="${filedAgainst:Category}"/>
      <rtc_cm:plannedFor rdf:resource="${plannedFor:Iteration}"/>
      <rtc_cm:com.ibm.team.workitem.linktype.parentworkitem.parent rdf:resource="#_aBDpQM8QEeC7WZs2TvSOIQ"/>
      <rtc_cm:com.ibm.team.workitem.linktype.blocksworkitem.dependsOn rdf:resource="#_aBDpQc8QEeC7WZs2TvSOIQ"/>
    </rtc_cm:task>
    <rtc_cm:task rdf:ID="_aBDpQ88QEeC7WZs2TvSOIQ">
      <dc:title>Integrate HW and SW</dc:title>
      <dc:description>Integration of the embedded software with its intended target hardware See &lt;a href=&quot;../../../iso26262/process.compliance.iso26262.base-ibm/capabilitypatterns/Integrate%20HW%20and%20SW_5207A6B.html&quot;&gt;detailed description&lt;/a&gt;.</dc:description>
      <rtc_cm:filedAgainst rdf:resource="${filedAgainst:Category}"/>
      <rtc_cm:plannedFor rdf:resource="${plannedFor:Iteration}"/>
      <rtc_cm:com.ibm.team.workitem.linktype.parentworkitem.parent rdf:resource="#_aBDpQM8QEeC7WZs2TvSOIQ"/>
    </rtc_cm:task>
    <rtc_cm:task rdf:ID="_aBDpRM8QEeC7WZs2TvSOIQ">
      <dc:title>Test HW-SW integration</dc:title>
      <dc:description>Test the HW-SW integration against the system design specification and the technical safety requirements according to the HW-SW integration verification (test) plan and test specification. See &lt;a href=&quot;../../../iso26262/process.compliance.iso26262.base-ibm/capabilitypatterns/Test%20HW-SW%20integration_A504D0D0.html&quot;&gt;detailed description&lt;/a&gt;.</dc:description>
      <rtc_cm:filedAgainst rdf:resource="${filedAgainst:Category}"/>
      <rtc_cm:plannedFor rdf:resource="${plannedFor:Iteration}"/>
      <rtc_cm:com.ibm.team.workitem.linktype.parentworkitem.parent rdf:resource="#_aBDpQM8QEeC7WZs2TvSOIQ"/>
      <rtc_cm:com.ibm.team.workitem.linktype.blocksworkitem.dependsOn rdf:resource="#_aBDpQs8QEeC7WZs2TvSOIQ"/>
      <rtc_cm:com.ibm.team.workitem.linktype.blocksworkitem.dependsOn rdf:resource="#_aBDpQ88QEeC7WZs2TvSOIQ"/>
    </rtc_cm:task>
  </rtc_cm:workItems>
</rtc_cm:WorkItemTemplate>
