<?xml version='1.0' encoding='UTF-8'?>
<!-- This document was created with Syntext Serna Free. -->
<rtc_cm:WorkItemTemplate xmlns:dc="http://purl.org/dc/terms/" xmlns:rtc_cm="http://jazz.net/xmlns/prod/jazz/rtc/cm/1.0/" xmlns:rdf="http://www.w3.org/1999/02/22-rdf-syntax-ns#">
<!--#RMC#process.name=4. Systems Integration and testingprocess.guid=_lXc4wZ5HEeCk2aQcgmZB_wconfiguration.name=configuration.guid=_CWKqoM73EeC7WZs2TvSOIQ#RMC#-->  <dc:identifier>482_Sys_Integ</dc:identifier>
  <dc:title>4.8.2 Systems Integration and Testing</dc:title>
  <dc:description>The process of integrating and testing various HW-SW components together into a system.</dc:description>
  <rtc_cm:workItems>
    <rtc_cm:task rdf:ID="_tF5zMM8QEeC7WZs2TvSOIQ">
      <dc:title>4.8.2 System integration and testing</dc:title>
      <dc:description>The process of integrating and testing various HW-SW components together into a system. See &lt;a href=&quot;../../../iso26262/process.compliance.iso26262.base-ibm/capabilitypatterns/System%20integration%20and%20testing_EC1AFFF2.html&quot;&gt;detailed description&lt;/a&gt;.</dc:description>
      <rtc_cm:filedAgainst rdf:resource="${filedAgainst:Category}"/>
      <rtc_cm:plannedFor rdf:resource="${plannedFor:Iteration}"/>
    </rtc_cm:task>
    <rtc_cm:task rdf:ID="_tF5zMc8QEeC7WZs2TvSOIQ">
      <dc:title>Develop system verification plan</dc:title>
      <dc:description>Development of the verification plan for the Systems integration level, describing the verification tools, methods and environment with pass and fail criteria. See &lt;a href=&quot;../../../iso26262/process.compliance.iso26262.base-ibm/capabilitypatterns/Develop%20system%20verification%20plan_73C2B2CD.html&quot;&gt;detailed description&lt;/a&gt;.</dc:description>
      <rtc_cm:filedAgainst rdf:resource="${filedAgainst:Category}"/>
      <rtc_cm:plannedFor rdf:resource="${plannedFor:Iteration}"/>
      <rtc_cm:com.ibm.team.workitem.linktype.parentworkitem.parent rdf:resource="#_tF5zMM8QEeC7WZs2TvSOIQ"/>
    </rtc_cm:task>
    <rtc_cm:task rdf:ID="_tF5zMs8QEeC7WZs2TvSOIQ">
      <dc:title>Develop systems integration testing specification</dc:title>
      <dc:description>The System integration test specification describes how the testing will be carried out and the methods to be used to test the System once integrated. See &lt;a href=&quot;../../../iso26262/process.compliance.iso26262.base-ibm/capabilitypatterns/Develop%20systems%20integration%20testing%20specification_6606AC8.html&quot;&gt;detailed description&lt;/a&gt;.</dc:description>
      <rtc_cm:filedAgainst rdf:resource="${filedAgainst:Category}"/>
      <rtc_cm:plannedFor rdf:resource="${plannedFor:Iteration}"/>
      <rtc_cm:com.ibm.team.workitem.linktype.parentworkitem.parent rdf:resource="#_tF5zMM8QEeC7WZs2TvSOIQ"/>
      <rtc_cm:com.ibm.team.workitem.linktype.blocksworkitem.dependsOn rdf:resource="#_tF5zMc8QEeC7WZs2TvSOIQ"/>
    </rtc_cm:task>
    <rtc_cm:task rdf:ID="_tF5zM88QEeC7WZs2TvSOIQ">
      <dc:title>Integrate at the systems level</dc:title>
      <dc:description>This tasks integrates the various HW-SW artifacts together in accordance with the systems design. See &lt;a href=&quot;../../../iso26262/process.compliance.iso26262.base-ibm/capabilitypatterns/Integrate%20at%20the%20systems%20level_ADFA8233.html&quot;&gt;detailed description&lt;/a&gt;.</dc:description>
      <rtc_cm:filedAgainst rdf:resource="${filedAgainst:Category}"/>
      <rtc_cm:plannedFor rdf:resource="${plannedFor:Iteration}"/>
      <rtc_cm:com.ibm.team.workitem.linktype.parentworkitem.parent rdf:resource="#_tF5zMM8QEeC7WZs2TvSOIQ"/>
    </rtc_cm:task>
    <rtc_cm:task rdf:ID="_tF5zNM8QEeC7WZs2TvSOIQ">
      <dc:title>Test systems integration</dc:title>
      <dc:description>Test the systems integration against the system design specification, technical and functional safety requirements according to the Systems integration verification (test) plan and test specification. See &lt;a href=&quot;../../../iso26262/process.compliance.iso26262.base-ibm/capabilitypatterns/Test%20systems%20integration_E1F51C2B.html&quot;&gt;detailed description&lt;/a&gt;.</dc:description>
      <rtc_cm:filedAgainst rdf:resource="${filedAgainst:Category}"/>
      <rtc_cm:plannedFor rdf:resource="${plannedFor:Iteration}"/>
      <rtc_cm:com.ibm.team.workitem.linktype.parentworkitem.parent rdf:resource="#_tF5zMM8QEeC7WZs2TvSOIQ"/>
      <rtc_cm:com.ibm.team.workitem.linktype.blocksworkitem.dependsOn rdf:resource="#_tF5zMs8QEeC7WZs2TvSOIQ"/>
      <rtc_cm:com.ibm.team.workitem.linktype.blocksworkitem.dependsOn rdf:resource="#_tF5zM88QEeC7WZs2TvSOIQ"/>
    </rtc_cm:task>
  </rtc_cm:workItems>
</rtc_cm:WorkItemTemplate>
