<?xml version='1.0' encoding='UTF-8'?>
<!-- This document was created with Syntext Serna Free. --><rtc_cm:WorkItemTemplate xmlns:dc="http://purl.org/dc/terms/" xmlns:rtc_cm="http://jazz.net/xmlns/prod/jazz/rtc/cm/1.0/" xmlns:rdf="http://www.w3.org/1999/02/22-rdf-syntax-ns#">
<!--#RMC#process.name=4. Systems Integration and testingprocess.guid=_lXc4wZ5HEeCk2aQcgmZB_wconfiguration.name=configuration.guid=_CWKqoM73EeC7WZs2TvSOIQ#RMC#-->  <dc:identifier>483_veh_integ</dc:identifier>
  <dc:title>4.8.3 Vehicle Level Integration and Testing</dc:title>
  <dc:description>The process of integrating and testing a system or system(s) as they are built into the vehicle.</dc:description>
  <rtc_cm:workItems>
    <rtc_cm:task rdf:ID="_7an2AM8QEeC7WZs2TvSOIQ">
      <dc:title>4.8.3 Vehicle integration and testing</dc:title>
      <dc:description>The process of integrating and testing a system or system(s) as they are built into the vehicle. See &lt;a href=&quot;../../../iso26262/process.compliance.iso26262.base-ibm/capabilitypatterns/Vehicle%20integration%20and%20testing_77C5426F.html&quot;&gt;detailed description&lt;/a&gt;.</dc:description>
      <rtc_cm:filedAgainst rdf:resource="${filedAgainst:Category}"/>
      <rtc_cm:plannedFor rdf:resource="${plannedFor:Iteration}"/>
    </rtc_cm:task>
    <rtc_cm:task rdf:ID="_7an2Ac8QEeC7WZs2TvSOIQ">
      <dc:title>Develop vehicle verification plan</dc:title>
      <dc:description>Development of the verification plan for the vehicle integration level, describing the verification tools, methods and environment with pass and fail criteria. See &lt;a href=&quot;../../../iso26262/process.compliance.iso26262.base-ibm/capabilitypatterns/Develop%20vehicle%20verification%20plan_16C4DEE2.html&quot;&gt;detailed description&lt;/a&gt;.</dc:description>
      <rtc_cm:filedAgainst rdf:resource="${filedAgainst:Category}"/>
      <rtc_cm:plannedFor rdf:resource="${plannedFor:Iteration}"/>
      <rtc_cm:com.ibm.team.workitem.linktype.parentworkitem.parent rdf:resource="#_7an2AM8QEeC7WZs2TvSOIQ"/>
    </rtc_cm:task>
    <rtc_cm:task rdf:ID="_7an2As8QEeC7WZs2TvSOIQ">
      <dc:title>Develop vehicle integration testing specification</dc:title>
      <dc:description>The vehicle test specification describes how the testing will be carried out and the methods to be used to test the integration of the systems with the vehicle. See &lt;a href=&quot;../../../iso26262/process.compliance.iso26262.base-ibm/capabilitypatterns/Develop%20vehicle%20integration%20testing%20specification_8686103C.html&quot;&gt;detailed description&lt;/a&gt;.</dc:description>
      <rtc_cm:filedAgainst rdf:resource="${filedAgainst:Category}"/>
      <rtc_cm:plannedFor rdf:resource="${plannedFor:Iteration}"/>
      <rtc_cm:com.ibm.team.workitem.linktype.parentworkitem.parent rdf:resource="#_7an2AM8QEeC7WZs2TvSOIQ"/>
      <rtc_cm:com.ibm.team.workitem.linktype.blocksworkitem.dependsOn rdf:resource="#_7an2Ac8QEeC7WZs2TvSOIQ"/>
    </rtc_cm:task>
    <rtc_cm:task rdf:ID="_7an2A88QEeC7WZs2TvSOIQ">
      <dc:title>Integrate at the vehicle level</dc:title>
      <dc:description>This task integrates the system with the vehicle architecture in accordance with the systems design. See &lt;a href=&quot;../../../iso26262/process.compliance.iso26262.base-ibm/capabilitypatterns/Integrate%20at%20the%20vehicle%20level_FD86D52B.html&quot;&gt;detailed description&lt;/a&gt;.</dc:description>
      <rtc_cm:filedAgainst rdf:resource="${filedAgainst:Category}"/>
      <rtc_cm:plannedFor rdf:resource="${plannedFor:Iteration}"/>
      <rtc_cm:com.ibm.team.workitem.linktype.parentworkitem.parent rdf:resource="#_7an2AM8QEeC7WZs2TvSOIQ"/>
    </rtc_cm:task>
    <rtc_cm:task rdf:ID="_7an2BM8QEeC7WZs2TvSOIQ">
      <dc:title>Test vehicle integration</dc:title>
      <dc:description>This tasks tests the systems integration with the vehicle architecture against the system design specification, technical and functional safety requirements according to the vehicle integration verification (test) plan and test specification. See &lt;a href=&quot;../../../iso26262/process.compliance.iso26262.base-ibm/capabilitypatterns/Test%20vehicle%20integration_6BA42FE0.html&quot;&gt;detailed description&lt;/a&gt;.</dc:description>
      <rtc_cm:filedAgainst rdf:resource="${filedAgainst:Category}"/>
      <rtc_cm:plannedFor rdf:resource="${plannedFor:Iteration}"/>
      <rtc_cm:com.ibm.team.workitem.linktype.parentworkitem.parent rdf:resource="#_7an2AM8QEeC7WZs2TvSOIQ"/>
      <rtc_cm:com.ibm.team.workitem.linktype.blocksworkitem.dependsOn rdf:resource="#_7an2As8QEeC7WZs2TvSOIQ"/>
      <rtc_cm:com.ibm.team.workitem.linktype.blocksworkitem.dependsOn rdf:resource="#_7an2A88QEeC7WZs2TvSOIQ"/>
    </rtc_cm:task>
  </rtc_cm:workItems>
</rtc_cm:WorkItemTemplate>
