<?xml version='1.0' encoding='UTF-8'?>
<!-- This document was created with Syntext Serna Free. -->
<rtc_cm:WorkItemTemplate xmlns:dc="http://purl.org/dc/terms/" xmlns:rtc_cm="http://jazz.net/xmlns/prod/jazz/rtc/cm/1.0/" xmlns:rdf="http://www.w3.org/1999/02/22-rdf-syntax-ns#">
<!--#RMC#process.name=2 Management of functional safetyprocess.guid=_3Emw4YenEeCn6qzj2PKcxgconfiguration.name=configuration.guid=_AdKhoM73EeC7WZs2TvSOIQ#RMC#-->  <dc:identifier>27_prod_ops_sfty_man</dc:identifier>
  <dc:title>2.7 Safety Management through Production and Operation</dc:title>
  <dc:description>This phase implements the safety related aspects for the production, service, operation and decommissioning of the item under development. This is based upon the requirements and specification for this work detailed during the development phase.</dc:description>
  <rtc_cm:workItems>
    <rtc_cm:task rdf:ID="_qrYDwM8LEeC7WZs2TvSOIQ">
      <dc:title>2.7 Post Development Safety Management</dc:title>
      <dc:description>This phase implements the safety related aspects for the production, service, operation and decommissioning of the item under development. This is based upon the requirements and specification for this work detailed during the development phase. See &lt;a href=&quot;../../../iso26262/process.compliance.iso26262.base-ibm/capabilitypatterns/2.7%20Post%20Development%20Safety%20Management_57CB5597.html&quot;&gt;detailed description&lt;/a&gt;.</dc:description>
      <rtc_cm:filedAgainst rdf:resource="${filedAgainst:Category}"/>
      <rtc_cm:plannedFor rdf:resource="${plannedFor:Iteration}"/>
    </rtc_cm:task>
    <rtc_cm:task rdf:ID="_qrYDwc8LEeC7WZs2TvSOIQ">
      <dc:title>Assign the release for production team</dc:title>
      <dc:description>This team has the responsibility and authority for maintaining functional safety of the item after the release for production. It is appointed by the organisation. See &lt;a href=&quot;../../../iso26262/process.compliance.iso26262.base-ibm/capabilitypatterns/Assign%20the%20release%20for%20production%20team_8BAAE80C.html&quot;&gt;detailed description&lt;/a&gt;.</dc:description>
      <rtc_cm:filedAgainst rdf:resource="${filedAgainst:Category}"/>
      <rtc_cm:plannedFor rdf:resource="${plannedFor:Iteration}"/>
      <rtc_cm:com.ibm.team.workitem.linktype.parentworkitem.parent rdf:resource="#_qrYDwM8LEeC7WZs2TvSOIQ"/>
    </rtc_cm:task>
    <rtc_cm:task rdf:ID="_qrYDws8LEeC7WZs2TvSOIQ">
      <dc:title>Develop a field monitoring process for functional safety</dc:title>
      <dc:description>The field monitoring process is used to collect information around the functional safety of the item so that it can be used for quality control purpose and provide evidence for a proven in use argument See &lt;a href=&quot;../../../iso26262/process.compliance.iso26262.base-ibm/capabilitypatterns/Develop%20a%20field%20monitoring%20process%20for%20functional%20safety_51E955C2.html&quot;&gt;detailed description&lt;/a&gt;.</dc:description>
      <rtc_cm:filedAgainst rdf:resource="${filedAgainst:Category}"/>
      <rtc_cm:plannedFor rdf:resource="${plannedFor:Iteration}"/>
      <rtc_cm:com.ibm.team.workitem.linktype.parentworkitem.parent rdf:resource="#_qrYDwM8LEeC7WZs2TvSOIQ"/>
      <rtc_cm:com.ibm.team.workitem.linktype.blocksworkitem.dependsOn rdf:resource="#_qrYDwc8LEeC7WZs2TvSOIQ"/>
    </rtc_cm:task>
    <rtc_cm:task rdf:ID="_qrYDw88LEeC7WZs2TvSOIQ">
      <dc:title>Execute and maintain safety lifecycle processes</dc:title>
      <dc:description>This task is the continuation of the lifecycle processes that are required to maintain the functional safety of the item development, whilst at the same time the production planning has started. See &lt;a href=&quot;../../../iso26262/process.compliance.iso26262.base-ibm/capabilitypatterns/Exectue%20and%20maintain%20safety%20lifecycle%20processes_B49E2303.html&quot;&gt;detailed description&lt;/a&gt;.</dc:description>
      <rtc_cm:filedAgainst rdf:resource="${filedAgainst:Category}"/>
      <rtc_cm:plannedFor rdf:resource="${plannedFor:Iteration}"/>
      <rtc_cm:com.ibm.team.workitem.linktype.parentworkitem.parent rdf:resource="#_qrYDwM8LEeC7WZs2TvSOIQ"/>
      <rtc_cm:com.ibm.team.workitem.linktype.blocksworkitem.dependsOn rdf:resource="#_qrYDws8LEeC7WZs2TvSOIQ"/>
    </rtc_cm:task>
  </rtc_cm:workItems>
</rtc_cm:WorkItemTemplate>
