<?xml version='1.0' encoding='UTF-8'?>
<!-- This document was created with Syntext Serna Free. -->
<rtc_cm:WorkItemTemplate xmlns:dc="http://purl.org/dc/terms/" xmlns:rtc_cm="http://jazz.net/xmlns/prod/jazz/rtc/cm/1.0/" xmlns:rdf="http://www.w3.org/1999/02/22-rdf-syntax-ns#">
<!--#RMC#process.name=7 Production and Operationprocess.guid=_yhqQQZ5HEeCk2aQcgmZB_wconfiguration.name=configuration.guid=_C4IvQM73EeC7WZs2TvSOIQ#RMC#-->  <dc:identifier>75_prod</dc:identifier>
  <dc:title>7.5 Production</dc:title>
  <dc:description>This activity details the task required to put the item into production without violating its safety goals.</dc:description>
  <rtc_cm:workItems>
    <rtc_cm:task rdf:ID="_g4-G0M8REeC7WZs2TvSOIQ">
      <dc:title>7.5 Production</dc:title>
      <dc:description>This activity details the task required to put the item into production without violating its safety goals. See &lt;a href=&quot;../../../iso26262/process.compliance.iso26262.base-ibm/capabilitypatterns/7.5%20Production_A2F5DFD7.html&quot;&gt;detailed description&lt;/a&gt;.</dc:description>
      <rtc_cm:filedAgainst rdf:resource="${filedAgainst:Category}"/>
      <rtc_cm:plannedFor rdf:resource="${plannedFor:Iteration}"/>
    </rtc_cm:task>
    <rtc_cm:task rdf:ID="_g4-G0c8REeC7WZs2TvSOIQ">
      <dc:title>Create assessment report on the capability of the production process</dc:title>
      <dc:description>The production process is evaluated during pre-production and sample runs so it can be determined which part of the production run can already be assessed and for which parts an assessment of the target production is required. See &lt;a href=&quot;../../../iso26262/process.compliance.iso26262.base-ibm/capabilitypatterns/Create%20assessment%20report%20on%20the%20capability%20of%20the%20production%20pro_6878CC1.html&quot;&gt;detailed description&lt;/a&gt;.</dc:description>
      <rtc_cm:filedAgainst rdf:resource="${filedAgainst:Category}"/>
      <rtc_cm:plannedFor rdf:resource="${plannedFor:Iteration}"/>
      <rtc_cm:com.ibm.team.workitem.linktype.parentworkitem.parent rdf:resource="#_g4-G0M8REeC7WZs2TvSOIQ"/>
      <rtc_cm:com.ibm.team.workitem.linktype.blocksworkitem.dependsOn rdf:resource="#_g4-G088REeC7WZs2TvSOIQ"/>
    </rtc_cm:task>
    <rtc_cm:task rdf:ID="_g4-G0s8REeC7WZs2TvSOIQ">
      <dc:title>Develop control plan</dc:title>
      <dc:description>The control plan indicates the measures that will be taken to ensure that the production process does not go out of control and introduce error into the production process that might cause a violation of the functional safety of the item. See &lt;a href=&quot;../../../iso26262/process.compliance.iso26262.base-ibm/capabilitypatterns/Develop%20control%20plan_F520A0D7.html&quot;&gt;detailed description&lt;/a&gt;.</dc:description>
      <rtc_cm:filedAgainst rdf:resource="${filedAgainst:Category}"/>
      <rtc_cm:plannedFor rdf:resource="${plannedFor:Iteration}"/>
      <rtc_cm:com.ibm.team.workitem.linktype.parentworkitem.parent rdf:resource="#_g4-G0M8REeC7WZs2TvSOIQ"/>
    </rtc_cm:task>
    <rtc_cm:task rdf:ID="_g4-G088REeC7WZs2TvSOIQ">
      <dc:title>Develop production process</dc:title>
      <dc:description>Based upon the production plan and control plan the production process is developed See &lt;a href=&quot;../../../iso26262/process.compliance.iso26262.base-ibm/capabilitypatterns/Develop%20production%20process_4681A82D.html&quot;&gt;detailed description&lt;/a&gt;.</dc:description>
      <rtc_cm:filedAgainst rdf:resource="${filedAgainst:Category}"/>
      <rtc_cm:plannedFor rdf:resource="${plannedFor:Iteration}"/>
      <rtc_cm:com.ibm.team.workitem.linktype.parentworkitem.parent rdf:resource="#_g4-G0M8REeC7WZs2TvSOIQ"/>
      <rtc_cm:com.ibm.team.workitem.linktype.blocksworkitem.dependsOn rdf:resource="#_g4-G0s8REeC7WZs2TvSOIQ"/>
    </rtc_cm:task>
    <rtc_cm:task rdf:ID="_g4-G1M8REeC7WZs2TvSOIQ">
      <dc:title>Document performed control measures</dc:title>
      <dc:description>Capture information relating to the control measures as they are actually performed in the production environment according to the control plan. See &lt;a href=&quot;../../../iso26262/process.compliance.iso26262.base-ibm/capabilitypatterns/Document%20performed%20control%20measures_689856AC.html&quot;&gt;detailed description&lt;/a&gt;.</dc:description>
      <rtc_cm:filedAgainst rdf:resource="${filedAgainst:Category}"/>
      <rtc_cm:plannedFor rdf:resource="${plannedFor:Iteration}"/>
      <rtc_cm:com.ibm.team.workitem.linktype.parentworkitem.parent rdf:resource="#_g4-G0M8REeC7WZs2TvSOIQ"/>
      <rtc_cm:com.ibm.team.workitem.linktype.blocksworkitem.dependsOn rdf:resource="#_g4-G088REeC7WZs2TvSOIQ"/>
    </rtc_cm:task>
    <rtc_cm:task rdf:ID="_g4-G1c8REeC7WZs2TvSOIQ">
      <dc:title>Gather requirements on producability</dc:title>
      <dc:description>If it is found that the item to be produced cannot be produced so that it complies with its safety goals, further requirements need to added and introduced into the development cycle using the change management process. See &lt;a href=&quot;../../../iso26262/process.compliance.iso26262.base-ibm/capabilitypatterns/Gather%20requirements%20on%20producibility_CB196EE0.html&quot;&gt;detailed description&lt;/a&gt;.</dc:description>
      <rtc_cm:filedAgainst rdf:resource="${filedAgainst:Category}"/>
      <rtc_cm:plannedFor rdf:resource="${plannedFor:Iteration}"/>
      <rtc_cm:com.ibm.team.workitem.linktype.parentworkitem.parent rdf:resource="#_g4-G0M8REeC7WZs2TvSOIQ"/>
    </rtc_cm:task>
  </rtc_cm:workItems>
</rtc_cm:WorkItemTemplate>
