<?xml version='1.0' encoding='UTF-8'?>
<!-- This document was created with Syntext Serna Free. -->
<rtc_cm:WorkItemTemplate xmlns:dc="http://purl.org/dc/terms/" xmlns:rtc_cm="http://jazz.net/xmlns/prod/jazz/rtc/cm/1.0/" xmlns:rdf="http://www.w3.org/1999/02/22-rdf-syntax-ns#">
<!--#RMC#process.name=7 Production and Operationprocess.guid=_yhqQQZ5HEeCk2aQcgmZB_wconfiguration.name=configuration.guid=_C4IvQM73EeC7WZs2TvSOIQ#RMC#-->  <dc:identifier>76_ops</dc:identifier>
  <dc:title>7.6 Operations</dc:title>
  <dc:description>This activity details the tasks required to maintain the integrity of the item whilst it is in service and being decommissioned. This involves gathering data of its performance in the field to provide evidence for the &quot;proven in use&quot; argument and also to ensure that no faults develop that could violate the safety goals of the item.</dc:description>
  <rtc_cm:workItems>
    <rtc_cm:task rdf:ID="_pRjiYM8REeC7WZs2TvSOIQ">
      <dc:title>7.6 Operation, service and decommissioning</dc:title>
      <dc:description>This activity details the tasks required to maintain the integrity of the item whilst it is in service and being decommissioned. This involves gathering data of its performance in the field to provide evidence for the &quot;proven in use&quot; argument and also to ensure that no faults develop that could violate the safety goals of the item. See &lt;a href=&quot;../../../iso26262/process.compliance.iso26262.base-ibm/capabilitypatterns/7.6%20Operation,%20service%20and%20decomissioning_4261B7BF.html&quot;&gt;detailed description&lt;/a&gt;.</dc:description>
      <rtc_cm:filedAgainst rdf:resource="${filedAgainst:Category}"/>
      <rtc_cm:plannedFor rdf:resource="${plannedFor:Iteration}"/>
    </rtc_cm:task>
    <rtc_cm:task rdf:ID="_pRjiYc8REeC7WZs2TvSOIQ">
      <dc:title>Develop decomissioning requirements</dc:title>
      <dc:description>The decomissioning requirements detail the measures required to deactivate the system in a safe manner without violating a safety goal, whilst the system is being disassembled. See &lt;a href=&quot;../../../iso26262/process.compliance.iso26262.base-ibm/capabilitypatterns/Develop%20decomissioning%20requirements_7F080639.html&quot;&gt;detailed description&lt;/a&gt;.</dc:description>
      <rtc_cm:filedAgainst rdf:resource="${filedAgainst:Category}"/>
      <rtc_cm:plannedFor rdf:resource="${plannedFor:Iteration}"/>
      <rtc_cm:com.ibm.team.workitem.linktype.parentworkitem.parent rdf:resource="#_pRjiYM8REeC7WZs2TvSOIQ"/>
    </rtc_cm:task>
    <rtc_cm:task rdf:ID="_pRjiYs8REeC7WZs2TvSOIQ">
      <dc:title>Develop maintenance plan</dc:title>
      <dc:description>The maintenance plan details how the item being produced is operated and maintained See &lt;a href=&quot;../../../iso26262/process.compliance.iso26262.base-ibm/capabilitypatterns/Develop%20maintenance%20plan_6DA11A4F.html&quot;&gt;detailed description&lt;/a&gt;.</dc:description>
      <rtc_cm:filedAgainst rdf:resource="${filedAgainst:Category}"/>
      <rtc_cm:plannedFor rdf:resource="${plannedFor:Iteration}"/>
      <rtc_cm:com.ibm.team.workitem.linktype.parentworkitem.parent rdf:resource="#_pRjiYM8REeC7WZs2TvSOIQ"/>
    </rtc_cm:task>
    <rtc_cm:task rdf:ID="_pRjiY88REeC7WZs2TvSOIQ">
      <dc:title>Develop repair instructions</dc:title>
      <dc:description>The repair instructions capture the work steps and procedures required to diagnose problems and repair the item See &lt;a href=&quot;../../../iso26262/process.compliance.iso26262.base-ibm/capabilitypatterns/Develop%20repair%20instructions_783EFA5F.html&quot;&gt;detailed description&lt;/a&gt;.</dc:description>
      <rtc_cm:filedAgainst rdf:resource="${filedAgainst:Category}"/>
      <rtc_cm:plannedFor rdf:resource="${plannedFor:Iteration}"/>
      <rtc_cm:com.ibm.team.workitem.linktype.parentworkitem.parent rdf:resource="#_pRjiYM8REeC7WZs2TvSOIQ"/>
      <rtc_cm:com.ibm.team.workitem.linktype.blocksworkitem.dependsOn rdf:resource="#_pRjiYs8REeC7WZs2TvSOIQ"/>
    </rtc_cm:task>
    <rtc_cm:task rdf:ID="_pRjiZM8REeC7WZs2TvSOIQ">
      <dc:title>Develop the user manual</dc:title>
      <dc:description>The user manual indicates how the item is intended to work See &lt;a href=&quot;../../../iso26262/process.compliance.iso26262.base-ibm/capabilitypatterns/Develop%20the%20user%20manual_E118D024.html&quot;&gt;detailed description&lt;/a&gt;.</dc:description>
      <rtc_cm:filedAgainst rdf:resource="${filedAgainst:Category}"/>
      <rtc_cm:plannedFor rdf:resource="${plannedFor:Iteration}"/>
      <rtc_cm:com.ibm.team.workitem.linktype.parentworkitem.parent rdf:resource="#_pRjiYM8REeC7WZs2TvSOIQ"/>
      <rtc_cm:com.ibm.team.workitem.linktype.blocksworkitem.dependsOn rdf:resource="#_pRjiYs8REeC7WZs2TvSOIQ"/>
      <rtc_cm:com.ibm.team.workitem.linktype.blocksworkitem.dependsOn rdf:resource="#_pRjiY88REeC7WZs2TvSOIQ"/>
    </rtc_cm:task>
    <rtc_cm:task rdf:ID="_pRjiZc8REeC7WZs2TvSOIQ">
      <dc:title>Gather requirements on operation, maintenance and decomissioning</dc:title>
      <dc:description>These requirements are gathered as the item under development is going through the process of planning operation, service and decomissioning and reported to the persons in charge depending upon whether it a System, HW or SW requirement. See &lt;a href=&quot;../../../iso26262/process.compliance.iso26262.base-ibm/capabilitypatterns/Gather%20requirements%20on%20operation,%20maintenance%20and%20decomissioning_4399E858.html&quot;&gt;detailed description&lt;/a&gt;.</dc:description>
      <rtc_cm:filedAgainst rdf:resource="${filedAgainst:Category}"/>
      <rtc_cm:plannedFor rdf:resource="${plannedFor:Iteration}"/>
      <rtc_cm:com.ibm.team.workitem.linktype.parentworkitem.parent rdf:resource="#_pRjiYM8REeC7WZs2TvSOIQ"/>
    </rtc_cm:task>
    <rtc_cm:task rdf:ID="_pRjiZs8REeC7WZs2TvSOIQ">
      <dc:title>Implement field monitoring process</dc:title>
      <dc:description>To develop the field monitoring process so information relating to the performance of the item under production can be feed back to improve the process and provide evidence of for a proven in use argument. See &lt;a href=&quot;../../../iso26262/process.compliance.iso26262.base-ibm/capabilitypatterns/Implement%20field%20monitoring%20process_3232FC6E.html&quot;&gt;detailed description&lt;/a&gt;.</dc:description>
      <rtc_cm:filedAgainst rdf:resource="${filedAgainst:Category}"/>
      <rtc_cm:plannedFor rdf:resource="${plannedFor:Iteration}"/>
      <rtc_cm:com.ibm.team.workitem.linktype.parentworkitem.parent rdf:resource="#_pRjiYM8REeC7WZs2TvSOIQ"/>
    </rtc_cm:task>
  </rtc_cm:workItems>
</rtc_cm:WorkItemTemplate>
