<?xml version='1.0' encoding='UTF-8'?>
<!-- This document was created with Syntext Serna Free. -->
<rtc_cm:WorkItemTemplate xmlns:dc="http://purl.org/dc/terms/" xmlns:rtc_cm="http://jazz.net/xmlns/prod/jazz/rtc/cm/1.0/" xmlns:rdf="http://www.w3.org/1999/02/22-rdf-syntax-ns#">
<!--#RMC#process.name=8.5 Manage supplier interfaceprocess.guid=_TD4TQZEsEeCUs8vNyweFYwconfiguration.name=configuration.guid=_D9bjYM73EeC7WZs2TvSOIQ#RMC#-->  <dc:identifier>85_man_supl_rel</dc:identifier>
  <dc:title>8.5 Manage the supplier relationship, customer side</dc:title>
  <dc:description>Captures the interaction between supplier and customer with respect to item development with ISO 26262. From the customers side.It ensures that the supplier has the capabilities to be able to produce the item to the correct level of quality. Monitoring of the supplier work products can be carried out at various milestones to ensure the quality of development complies with ISO 26262.</dc:description>
  <rtc_cm:workItems>
    <rtc_cm:task rdf:ID="_akIPMM8SEeC7WZs2TvSOIQ">
      <dc:title>8.5 Manage supplier interface</dc:title>
      <dc:description>Captures the interaction between supplier and customer with respect to item development with ISO 26262. It ensures that the supplier has the capabilities to be able to produce the item to the correct level of quality. Monitoring of the supplier work products can be carried out at various milestones to ensure the quality of development complies with ISO 26262. See &lt;a href=&quot;../../../iso26262/process.compliance.iso26262.base-ibm/capabilitypatterns/8.5%20Manage%20supplier%20interface_B477BCB2.html&quot;&gt;detailed description&lt;/a&gt;.</dc:description>
      <rtc_cm:filedAgainst rdf:resource="${filedAgainst:Category}"/>
      <rtc_cm:plannedFor rdf:resource="${plannedFor:Iteration}"/>
    </rtc_cm:task>
    <rtc_cm:task rdf:ID="_akIPMc8SEeC7WZs2TvSOIQ">
      <dc:title>Prepare request for quote (RFQ)</dc:title>
      <dc:description>Develop the RFQ for the item to be produced and make available to the supplier(s) See &lt;a href=&quot;../../../iso26262/process.compliance.iso26262.base-ibm/capabilitypatterns/Prepare%20request%20for%20quote%20RFQ_5E7BFE4.html&quot;&gt;detailed description&lt;/a&gt;.</dc:description>
      <rtc_cm:filedAgainst rdf:resource="${filedAgainst:Category}"/>
      <rtc_cm:plannedFor rdf:resource="${plannedFor:Iteration}"/>
      <rtc_cm:com.ibm.team.workitem.linktype.parentworkitem.parent rdf:resource="#_akIPMM8SEeC7WZs2TvSOIQ"/>
    </rtc_cm:task>
    <rtc_cm:task rdf:ID="_akIPMs8SEeC7WZs2TvSOIQ">
      <dc:title>Request information regarding supplier capabilities</dc:title>
      <dc:description>Request for information from the supplier that they are capable of producing an element to the level of complexity required by the ASIL of the element. See &lt;a href=&quot;../../../iso26262/process.compliance.iso26262.base-ibm/capabilitypatterns/Request%20information%20regarding%20supplier%20capabilities_A366A7B0.html&quot;&gt;detailed description&lt;/a&gt;.</dc:description>
      <rtc_cm:filedAgainst rdf:resource="${filedAgainst:Category}"/>
      <rtc_cm:plannedFor rdf:resource="${plannedFor:Iteration}"/>
      <rtc_cm:com.ibm.team.workitem.linktype.parentworkitem.parent rdf:resource="#_akIPMM8SEeC7WZs2TvSOIQ"/>
      <rtc_cm:com.ibm.team.workitem.linktype.blocksworkitem.dependsOn rdf:resource="#_akIPM88SEeC7WZs2TvSOIQ"/>
    </rtc_cm:task>
    <rtc_cm:task rdf:ID="_akIPM88SEeC7WZs2TvSOIQ">
      <dc:title>Down select suppliers</dc:title>
      <dc:description>Based upon the tender process down select a number of capable suppliers. In the later stages this could be the final selection of the supplier. See &lt;a href=&quot;../../../iso26262/process.compliance.iso26262.base-ibm/capabilitypatterns/Down%20select%20suppliers_3A8CD1EB.html&quot;&gt;detailed description&lt;/a&gt;.</dc:description>
      <rtc_cm:filedAgainst rdf:resource="${filedAgainst:Category}"/>
      <rtc_cm:plannedFor rdf:resource="${plannedFor:Iteration}"/>
      <rtc_cm:com.ibm.team.workitem.linktype.parentworkitem.parent rdf:resource="#_akIPMM8SEeC7WZs2TvSOIQ"/>
    </rtc_cm:task>
    <rtc_cm:task rdf:ID="_akIPNM8SEeC7WZs2TvSOIQ">
      <dc:title>Carry out safety assessment of supplier</dc:title>
      <dc:description>Safety assessments shall be carried out within each phase of development upon reaching defined milestones. The level of detail of the assessment is dependent upon the ASIL level of the element being developed. See &lt;a href=&quot;../../../iso26262/process.compliance.iso26262.base-ibm/capabilitypatterns/Carry%20out%20safety%20assessment%20of%20supplier_4155DDC5.html&quot;&gt;detailed description&lt;/a&gt;.</dc:description>
      <rtc_cm:filedAgainst rdf:resource="${filedAgainst:Category}"/>
      <rtc_cm:plannedFor rdf:resource="${plannedFor:Iteration}"/>
      <rtc_cm:com.ibm.team.workitem.linktype.parentworkitem.parent rdf:resource="#_akIPMM8SEeC7WZs2TvSOIQ"/>
      <rtc_cm:com.ibm.team.workitem.linktype.blocksworkitem.dependsOn rdf:resource="#_akIPOc8SEeC7WZs2TvSOIQ"/>
    </rtc_cm:task>
    <rtc_cm:task rdf:ID="_akIPNc8SEeC7WZs2TvSOIQ">
      <dc:title>Develop DIA</dc:title>
      <dc:description>The task of producing a development interface agreement, carried out as a joint activity between supplier and customer. The other inputs are very dependent upon the phase of development in which the item is being produced and the inputs should be appropriate for that that phase of development and ASIL level of the element. See &lt;a href=&quot;../../../iso26262/process.compliance.iso26262.base-ibm/capabilitypatterns/Develop%20DIA_2FEEF1DB.html&quot;&gt;detailed description&lt;/a&gt;.</dc:description>
      <rtc_cm:filedAgainst rdf:resource="${filedAgainst:Category}"/>
      <rtc_cm:plannedFor rdf:resource="${plannedFor:Iteration}"/>
      <rtc_cm:com.ibm.team.workitem.linktype.parentworkitem.parent rdf:resource="#_akIPMM8SEeC7WZs2TvSOIQ"/>
      <rtc_cm:com.ibm.team.workitem.linktype.blocksworkitem.dependsOn rdf:resource="#_akIPOM8SEeC7WZs2TvSOIQ"/>
    </rtc_cm:task>
    <rtc_cm:task rdf:ID="_akIPNs8SEeC7WZs2TvSOIQ">
      <dc:title>Request suppliers project plan</dc:title>
      <dc:description>Project plan of the supplier that is required to integrate into the customer project plan. See &lt;a href=&quot;../../../iso26262/process.compliance.iso26262.base-ibm/capabilitypatterns/Request%20suppliers%20project%20plan_14594C13.html&quot;&gt;detailed description&lt;/a&gt;.</dc:description>
      <rtc_cm:filedAgainst rdf:resource="${filedAgainst:Category}"/>
      <rtc_cm:plannedFor rdf:resource="${plannedFor:Iteration}"/>
      <rtc_cm:com.ibm.team.workitem.linktype.parentworkitem.parent rdf:resource="#_akIPMM8SEeC7WZs2TvSOIQ"/>
      <rtc_cm:com.ibm.team.workitem.linktype.blocksworkitem.dependsOn rdf:resource="#_akIPNc8SEeC7WZs2TvSOIQ"/>
    </rtc_cm:task>
    <rtc_cm:task rdf:ID="_akIPN88SEeC7WZs2TvSOIQ">
      <dc:title>Request suppliers safety plan</dc:title>
      <dc:description>Safety plan of the supplier that is required to integrate into the customer safety plan. See &lt;a href=&quot;../../../iso26262/process.compliance.iso26262.base-ibm/capabilitypatterns/Request%20suppliers%20safety%20plan_2F26029.html&quot;&gt;detailed description&lt;/a&gt;.</dc:description>
      <rtc_cm:filedAgainst rdf:resource="${filedAgainst:Category}"/>
      <rtc_cm:plannedFor rdf:resource="${plannedFor:Iteration}"/>
      <rtc_cm:com.ibm.team.workitem.linktype.parentworkitem.parent rdf:resource="#_akIPMM8SEeC7WZs2TvSOIQ"/>
      <rtc_cm:com.ibm.team.workitem.linktype.blocksworkitem.dependsOn rdf:resource="#_akIPNc8SEeC7WZs2TvSOIQ"/>
    </rtc_cm:task>
    <rtc_cm:task rdf:ID="_akIPOM8SEeC7WZs2TvSOIQ">
      <dc:title>Down select suppliers</dc:title>
      <dc:description>Based upon the tender process down select a number of capable suppliers. In the later stages this could be the final selection of the supplier. See &lt;a href=&quot;../../../iso26262/process.compliance.iso26262.base-ibm/capabilitypatterns/Down%20select%20suppliers_3D812E91.html&quot;&gt;detailed description&lt;/a&gt;.</dc:description>
      <rtc_cm:filedAgainst rdf:resource="${filedAgainst:Category}"/>
      <rtc_cm:plannedFor rdf:resource="${plannedFor:Iteration}"/>
      <rtc_cm:com.ibm.team.workitem.linktype.parentworkitem.parent rdf:resource="#_akIPMM8SEeC7WZs2TvSOIQ"/>
    </rtc_cm:task>
    <rtc_cm:task rdf:ID="_akIPOc8SEeC7WZs2TvSOIQ">
      <dc:title>Align customer and supplier plans</dc:title>
      <dc:description>Alignment and refinement of the customer and suppliers plans so that the delivery milestones of both parties are in step with one another. See &lt;a href=&quot;../../../iso26262/process.compliance.iso26262.base-ibm/capabilitypatterns/Align%20customer%20and%20supplier%20plans_88053BE9.html&quot;&gt;detailed description&lt;/a&gt;.</dc:description>
      <rtc_cm:filedAgainst rdf:resource="${filedAgainst:Category}"/>
      <rtc_cm:plannedFor rdf:resource="${plannedFor:Iteration}"/>
      <rtc_cm:com.ibm.team.workitem.linktype.parentworkitem.parent rdf:resource="#_akIPMM8SEeC7WZs2TvSOIQ"/>
    </rtc_cm:task>
  </rtc_cm:workItems>
</rtc_cm:WorkItemTemplate>
