<?xml version='1.0' encoding='UTF-8'?>
<!-- This document was created with Syntext Serna Free. -->
<rtc_cm:WorkItemTemplate xmlns:dc="http://purl.org/dc/terms/" xmlns:rtc_cm="http://jazz.net/xmlns/prod/jazz/rtc/cm/1.0/" xmlns:rdf="http://www.w3.org/1999/02/22-rdf-syntax-ns#">
<!--#RMC#process.name=8.5 Manage supplier interfaceprocess.guid=_TD4TQZEsEeCUs8vNyweFYwconfiguration.name=configuration.guid=_D9bjYM73EeC7WZs2TvSOIQ#RMC#-->  <dc:identifier>85_man_sup_rel_sup</dc:identifier>
  <dc:title>8.5 Manage the supplier relationship, Supplier side</dc:title>
  <dc:description>Captures the interaction between supplier and customer with respect to item development with ISO 26262, in this instance from the supplier side.It ensures that the supplier has the capabilities to be able to produce the item to the correct level of quality. Monitoring of the supplier work products can be carried out at various milestones to ensure the quality of development complies with ISO 26262.</dc:description>
  <rtc_cm:workItems>
    <rtc_cm:task rdf:ID="_2ISHwM8SEeC7WZs2TvSOIQ">
      <dc:title>8.5 Manage supplier interface</dc:title>
      <dc:description>Captures the interaction between supplier and customer with respect to item development with ISO 26262. It ensures that the supplier has the capabilities to be able to produce the item to the correct level of quality. Monitoring of the supplier work products can be carried out at various milestones to ensure the quality of development complies with ISO 26262. See &lt;a href=&quot;../../../iso26262/process.compliance.iso26262.base-ibm/capabilitypatterns/8.5%20Manage%20supplier%20interface_B477BCB2.html&quot;&gt;detailed description&lt;/a&gt;.</dc:description>
      <rtc_cm:filedAgainst rdf:resource="${filedAgainst:Category}"/>
      <rtc_cm:plannedFor rdf:resource="${plannedFor:Iteration}"/>
    </rtc_cm:task>
    <rtc_cm:task rdf:ID="_2ISHwc8SEeC7WZs2TvSOIQ">
      <dc:title>Respond to RFQ with Tender</dc:title>
      <dc:description>Offer of a quote for the task based upon the RFQ See &lt;a href=&quot;../../../iso26262/process.compliance.iso26262.base-ibm/capabilitypatterns/Respond%20to%20RFQ%20with%20Tender_D904039.html&quot;&gt;detailed description&lt;/a&gt;.</dc:description>
      <rtc_cm:filedAgainst rdf:resource="${filedAgainst:Category}"/>
      <rtc_cm:plannedFor rdf:resource="${plannedFor:Iteration}"/>
      <rtc_cm:com.ibm.team.workitem.linktype.parentworkitem.parent rdf:resource="#_2ISHwM8SEeC7WZs2TvSOIQ"/>
    </rtc_cm:task>
    <rtc_cm:task rdf:ID="_2ISHws8SEeC7WZs2TvSOIQ">
      <dc:title>Prepare response to capability information request</dc:title>
      <dc:description>The information required of the suppliers must include details of the suppliers past performance and information regarding its quality management systems along with confirmation of the suppliers ability concerning functional safety, results of any previous safety assessments that they have been involved in are also to be taken into account. See &lt;a href=&quot;../../../iso26262/process.compliance.iso26262.base-ibm/capabilitypatterns/Prepare%20response%20to%20capability%20information%20request_F1D7B63B.html&quot;&gt;detailed description&lt;/a&gt;.</dc:description>
      <rtc_cm:filedAgainst rdf:resource="${filedAgainst:Category}"/>
      <rtc_cm:plannedFor rdf:resource="${plannedFor:Iteration}"/>
      <rtc_cm:com.ibm.team.workitem.linktype.parentworkitem.parent rdf:resource="#_2ISHwM8SEeC7WZs2TvSOIQ"/>
    </rtc_cm:task>
    <rtc_cm:task rdf:ID="_2ISHw88SEeC7WZs2TvSOIQ">
      <dc:title>Develop DIA</dc:title>
      <dc:description>The task of producing a development interface agreement, carried out as a joint activity between supplier and customer. The other inputs are very dependent upon the phase of development in which the item is being produced and the inputs should be appropriate for that that phase of development and ASIL level of the element. See &lt;a href=&quot;../../../iso26262/process.compliance.iso26262.base-ibm/capabilitypatterns/Develop%20DIA_2FEEF1DB.html&quot;&gt;detailed description&lt;/a&gt;.</dc:description>
      <rtc_cm:filedAgainst rdf:resource="${filedAgainst:Category}"/>
      <rtc_cm:plannedFor rdf:resource="${plannedFor:Iteration}"/>
      <rtc_cm:com.ibm.team.workitem.linktype.parentworkitem.parent rdf:resource="#_2ISHwM8SEeC7WZs2TvSOIQ"/>
    </rtc_cm:task>
    <rtc_cm:task rdf:ID="_2ISHxM8SEeC7WZs2TvSOIQ">
      <dc:title>Develop safety plan</dc:title>
      <dc:description>The task of safety planning is applicable to any item that has at least one safety goal with an ASIL of A,B,C or D. The safety plan is a live set of documents that gets refined throughout the safety lifecycle. It references numerous parts of ISO 26262, these are further detailed in the guidance. See &lt;a href=&quot;../../../iso26262/process.compliance.iso26262.base-ibm/capabilitypatterns/Develop%20safety%20plan_469C389E.html&quot;&gt;detailed description&lt;/a&gt;.</dc:description>
      <rtc_cm:filedAgainst rdf:resource="${filedAgainst:Category}"/>
      <rtc_cm:plannedFor rdf:resource="${plannedFor:Iteration}"/>
      <rtc_cm:com.ibm.team.workitem.linktype.parentworkitem.parent rdf:resource="#_2ISHwM8SEeC7WZs2TvSOIQ"/>
    </rtc_cm:task>
    <rtc_cm:task rdf:ID="_2ISHxc8SEeC7WZs2TvSOIQ">
      <dc:title>Develop project plan</dc:title>
      <dc:description>This is the task of developing the Suppliers project plan and should not be confused with the initial project plan of the customer See &lt;a href=&quot;../../../iso26262/process.compliance.iso26262.base-ibm/capabilitypatterns/Develop%20project%20plan_A6F1C18E.html&quot;&gt;detailed description&lt;/a&gt;.</dc:description>
      <rtc_cm:filedAgainst rdf:resource="${filedAgainst:Category}"/>
      <rtc_cm:plannedFor rdf:resource="${plannedFor:Iteration}"/>
      <rtc_cm:com.ibm.team.workitem.linktype.parentworkitem.parent rdf:resource="#_2ISHwM8SEeC7WZs2TvSOIQ"/>
    </rtc_cm:task>
    <rtc_cm:task rdf:ID="_2ISHxs8SEeC7WZs2TvSOIQ">
      <dc:title>Align customer and supplier plans</dc:title>
      <dc:description>Alignment and refinement of the customer and suppliers plans so that the delivery milestones of both parties are in step with one another. See &lt;a href=&quot;../../../iso26262/process.compliance.iso26262.base-ibm/capabilitypatterns/Align%20customer%20and%20supplier%20plans_88053BE9.html&quot;&gt;detailed description&lt;/a&gt;.</dc:description>
      <rtc_cm:filedAgainst rdf:resource="${filedAgainst:Category}"/>
      <rtc_cm:plannedFor rdf:resource="${plannedFor:Iteration}"/>
      <rtc_cm:com.ibm.team.workitem.linktype.parentworkitem.parent rdf:resource="#_2ISHwM8SEeC7WZs2TvSOIQ"/>
      <rtc_cm:com.ibm.team.workitem.linktype.blocksworkitem.dependsOn rdf:resource="#_2ISHxM8SEeC7WZs2TvSOIQ"/>
      <rtc_cm:com.ibm.team.workitem.linktype.blocksworkitem.dependsOn rdf:resource="#_2ISHxc8SEeC7WZs2TvSOIQ"/>
    </rtc_cm:task>
  </rtc_cm:workItems>
</rtc_cm:WorkItemTemplate>
