<?xml version='1.0' encoding='UTF-8'?>
<!-- This document was created with Syntext Serna Free. -->
<rtc_cm:WorkItemTemplate xmlns:dc="http://purl.org/dc/terms/" xmlns:rtc_cm="http://jazz.net/xmlns/prod/jazz/rtc/cm/1.0/" xmlns:rdf="http://www.w3.org/1999/02/22-rdf-syntax-ns#">
<!--#RMC#process.name=8.8 Change Managementprocess.guid=_-mha4ZXkEeCeRuB-coqLuQconfiguration.name=configuration.guid=_EmrrB88TEeC7WZs2TvSOIQ#RMC#-->  <dc:identifier>88_chng_man</dc:identifier>
  <dc:title>8.8 Change Management</dc:title>
  <dc:description>The process of change management details how a change request is generated, evaluated and implemented (if accepted) into the systems development. This is a generic process that applies across the whole development lifecycle.</dc:description>
  <rtc_cm:workItems>
    <rtc_cm:task rdf:ID="_EmrrAM8TEeC7WZs2TvSOIQ">
      <dc:title>8.8 Change Management</dc:title>
      <dc:description>The process of change management details how a change request is generated, evaluated and implemented (if accepted) into the systems development. This is a generic process that applies across the whole development lifecycle. See &lt;a href=&quot;../../../iso26262/process.compliance.iso26262.base-ibm/capabilitypatterns/8.8%20Change%20Management_77512864.html&quot;&gt;detailed description&lt;/a&gt;.</dc:description>
      <rtc_cm:filedAgainst rdf:resource="${filedAgainst:Category}"/>
      <rtc_cm:plannedFor rdf:resource="${plannedFor:Iteration}"/>
    </rtc_cm:task>
    <rtc_cm:task rdf:ID="_EmrrAc8TEeC7WZs2TvSOIQ">
      <dc:title>Create change request</dc:title>
      <dc:description>A request detailing the need to change the item or a requirement in some way. The request is given an ID and logged into the change management system. See &lt;a href=&quot;../../../iso26262/process.compliance.iso26262.base-ibm/capabilitypatterns/Create%20change%20request_4B88A45A.html&quot;&gt;detailed description&lt;/a&gt;.</dc:description>
      <rtc_cm:filedAgainst rdf:resource="${filedAgainst:Category}"/>
      <rtc_cm:plannedFor rdf:resource="${plannedFor:Iteration}"/>
      <rtc_cm:com.ibm.team.workitem.linktype.parentworkitem.parent rdf:resource="#_EmrrAM8TEeC7WZs2TvSOIQ"/>
    </rtc_cm:task>
    <rtc_cm:task rdf:ID="_EmrrAs8TEeC7WZs2TvSOIQ">
      <dc:title>Carry out impact analysis</dc:title>
      <dc:description>Evaluation of the change to determine the impact it would have on the development of the item See &lt;a href=&quot;../../../iso26262/process.compliance.iso26262.base-ibm/capabilitypatterns/Carry%20out%20impact%20analysis_1125A73E.html&quot;&gt;detailed description&lt;/a&gt;.</dc:description>
      <rtc_cm:filedAgainst rdf:resource="${filedAgainst:Category}"/>
      <rtc_cm:plannedFor rdf:resource="${plannedFor:Iteration}"/>
      <rtc_cm:com.ibm.team.workitem.linktype.parentworkitem.parent rdf:resource="#_EmrrAM8TEeC7WZs2TvSOIQ"/>
      <rtc_cm:com.ibm.team.workitem.linktype.blocksworkitem.dependsOn rdf:resource="#_EmrrAc8TEeC7WZs2TvSOIQ"/>
    </rtc_cm:task>
    <rtc_cm:task rdf:ID="_EmrrA88TEeC7WZs2TvSOIQ">
      <dc:title>Evaluate change request for potential approval</dc:title>
      <dc:description>Based upon the impact analysis and other factors such as project progress, stage of lifecycle and complexity of the change etc. a change request approval board approves or rejects the the change request. See &lt;a href=&quot;../../../iso26262/process.compliance.iso26262.base-ibm/capabilitypatterns/Evaluate%20change%20request%20for%20potential%20approval_1DBC3F3.html&quot;&gt;detailed description&lt;/a&gt;.</dc:description>
      <rtc_cm:filedAgainst rdf:resource="${filedAgainst:Category}"/>
      <rtc_cm:plannedFor rdf:resource="${plannedFor:Iteration}"/>
      <rtc_cm:com.ibm.team.workitem.linktype.parentworkitem.parent rdf:resource="#_EmrrAM8TEeC7WZs2TvSOIQ"/>
      <rtc_cm:com.ibm.team.workitem.linktype.blocksworkitem.dependsOn rdf:resource="#_EmrrAs8TEeC7WZs2TvSOIQ"/>
    </rtc_cm:task>
    <rtc_cm:task rdf:ID="_EmrrBM8TEeC7WZs2TvSOIQ">
      <dc:title>Modify change request plan</dc:title>
      <dc:description>The approved change request is added to the change request plan and the plan modified to accommodate the change request. See &lt;a href=&quot;../../../iso26262/process.compliance.iso26262.base-ibm/capabilitypatterns/Modify%20change%20request%20plan_4978342E.html&quot;&gt;detailed description&lt;/a&gt;.</dc:description>
      <rtc_cm:filedAgainst rdf:resource="${filedAgainst:Category}"/>
      <rtc_cm:plannedFor rdf:resource="${plannedFor:Iteration}"/>
      <rtc_cm:com.ibm.team.workitem.linktype.parentworkitem.parent rdf:resource="#_EmrrAM8TEeC7WZs2TvSOIQ"/>
    </rtc_cm:task>
    <rtc_cm:task rdf:ID="_EmrrBc8TEeC7WZs2TvSOIQ">
      <dc:title>Carry out and document change</dc:title>
      <dc:description>When scheduled the change request is acted upon, the change made and documented. See &lt;a href=&quot;../../../iso26262/process.compliance.iso26262.base-ibm/capabilitypatterns/Carry%20out%20and%20document%20change_181481D4.html&quot;&gt;detailed description&lt;/a&gt;.</dc:description>
      <rtc_cm:filedAgainst rdf:resource="${filedAgainst:Category}"/>
      <rtc_cm:plannedFor rdf:resource="${plannedFor:Iteration}"/>
      <rtc_cm:com.ibm.team.workitem.linktype.parentworkitem.parent rdf:resource="#_EmrrAM8TEeC7WZs2TvSOIQ"/>
      <rtc_cm:com.ibm.team.workitem.linktype.blocksworkitem.dependsOn rdf:resource="#_EmrrBM8TEeC7WZs2TvSOIQ"/>
    </rtc_cm:task>
    <rtc_cm:task rdf:ID="_EmrrBs8TEeC7WZs2TvSOIQ">
      <dc:title>Update functional safety assessment</dc:title>
      <dc:description>Depending on the impact of the change request the functional safety assessment is carried out on the documented change and the functional safety assessment updated to reflect the effects of the change. See &lt;a href=&quot;../../../iso26262/process.compliance.iso26262.base-ibm/capabilitypatterns/Update%20functional%20safety%20assessment_BE16559B.html&quot;&gt;detailed description&lt;/a&gt;.</dc:description>
      <rtc_cm:filedAgainst rdf:resource="${filedAgainst:Category}"/>
      <rtc_cm:plannedFor rdf:resource="${plannedFor:Iteration}"/>
      <rtc_cm:com.ibm.team.workitem.linktype.parentworkitem.parent rdf:resource="#_EmrrAM8TEeC7WZs2TvSOIQ"/>
      <rtc_cm:com.ibm.team.workitem.linktype.blocksworkitem.dependsOn rdf:resource="#_EmrrBc8TEeC7WZs2TvSOIQ"/>
    </rtc_cm:task>
  </rtc_cm:workItems>
</rtc_cm:WorkItemTemplate>
