<?xml version='1.0' encoding='UTF-8'?>
<!-- This document was created with Syntext Serna Free. -->
<rtc_cm:WorkItemTemplate xmlns:dc="http://purl.org/dc/terms/" xmlns:rtc_cm="http://jazz.net/xmlns/prod/jazz/rtc/cm/1.0/" xmlns:rdf="http://www.w3.org/1999/02/22-rdf-syntax-ns#">
<!--#RMC#process.name=8.9 Verification Planningprocess.guid=_91quQZEZEeCUs8vNyweFYwconfiguration.name=configuration.guid=_OxRPtc8TEeC7WZs2TvSOIQ#RMC#-->  <dc:identifier>89_ver_plan</dc:identifier>
  <dc:title>8.9 Verification Planning</dc:title>
  <dc:description>Generic set of tasks required to carry out verification. This is something that happens in many places in the workflow.</dc:description>
  <rtc_cm:workItems>
    <rtc_cm:task rdf:ID="_OxRPsM8TEeC7WZs2TvSOIQ">
      <dc:title>8.9 Verification Planning</dc:title>
      <dc:description>Generic set of tasks required to carry out verification. This is something that happens in many places in the workflow. See &lt;a href=&quot;../../../iso26262/process.compliance.iso26262.base-ibm/capabilitypatterns/8.9%20Verification%20Planning_831C2385.html&quot;&gt;detailed description&lt;/a&gt;.</dc:description>
      <rtc_cm:filedAgainst rdf:resource="${filedAgainst:Category}"/>
      <rtc_cm:plannedFor rdf:resource="${plannedFor:Iteration}"/>
    </rtc_cm:task>
    <rtc_cm:task rdf:ID="_OxRPsc8TEeC7WZs2TvSOIQ">
      <dc:title>Develop verification plan</dc:title>
      <dc:description>The verification plan covers the content of the work products to be verified, the verification tools,methods and environment with pass and fail criteria. Strategies should be in place for dealing with anomalies and also regression. Verification planning should also consider complexity of the work products, the methods, their maturity and prior experiences. See &lt;a href=&quot;../../../iso26262/process.compliance.iso26262.base-ibm/capabilitypatterns/Develop%20verification%20plan_22E54EB6.html&quot;&gt;detailed description&lt;/a&gt;.</dc:description>
      <rtc_cm:filedAgainst rdf:resource="${filedAgainst:Category}"/>
      <rtc_cm:plannedFor rdf:resource="${plannedFor:Iteration}"/>
      <rtc_cm:com.ibm.team.workitem.linktype.parentworkitem.parent rdf:resource="#_OxRPsM8TEeC7WZs2TvSOIQ"/>
    </rtc_cm:task>
    <rtc_cm:task rdf:ID="_OxRPss8TEeC7WZs2TvSOIQ">
      <dc:title>Develop Verification Specification</dc:title>
      <dc:description>The specification of verification specifies the methods selected to be used for verification, these methods shall include review or analysis checklists, simulation scenarios or test cases and test data. See &lt;a href=&quot;../../../iso26262/process.compliance.iso26262.base-ibm/capabilitypatterns/Develop%20Verification%20Specification_117E62CC.html&quot;&gt;detailed description&lt;/a&gt;.</dc:description>
      <rtc_cm:filedAgainst rdf:resource="${filedAgainst:Category}"/>
      <rtc_cm:plannedFor rdf:resource="${plannedFor:Iteration}"/>
      <rtc_cm:com.ibm.team.workitem.linktype.parentworkitem.parent rdf:resource="#_OxRPsM8TEeC7WZs2TvSOIQ"/>
      <rtc_cm:com.ibm.team.workitem.linktype.blocksworkitem.dependsOn rdf:resource="#_OxRPsc8TEeC7WZs2TvSOIQ"/>
    </rtc_cm:task>
    <rtc_cm:task rdf:ID="_OxRPs88TEeC7WZs2TvSOIQ">
      <dc:title>Verification task</dc:title>
      <dc:description>The task of carrying out the verification plan and specification for any of the applicable phases. i.e. concept phase, during the design phases and the production and operation phase. See &lt;a href=&quot;../../../iso26262/process.compliance.iso26262.base-ibm/capabilitypatterns/Verification%20task_3B826DEA.html&quot;&gt;detailed description&lt;/a&gt;.</dc:description>
      <rtc_cm:filedAgainst rdf:resource="${filedAgainst:Category}"/>
      <rtc_cm:plannedFor rdf:resource="${plannedFor:Iteration}"/>
      <rtc_cm:com.ibm.team.workitem.linktype.parentworkitem.parent rdf:resource="#_OxRPsM8TEeC7WZs2TvSOIQ"/>
      <rtc_cm:com.ibm.team.workitem.linktype.blocksworkitem.dependsOn rdf:resource="#_OxRPss8TEeC7WZs2TvSOIQ"/>
    </rtc_cm:task>
    <rtc_cm:task rdf:ID="_OxRPtM8TEeC7WZs2TvSOIQ">
      <dc:title>Create verification report</dc:title>
      <dc:description>The verification report details how the verification progressed against the verification plan and an evaluation of the verification results. See &lt;a href=&quot;../../../iso26262/process.compliance.iso26262.base-ibm/capabilitypatterns/Create%20verification%20report_18476EA6.html&quot;&gt;detailed description&lt;/a&gt;.</dc:description>
      <rtc_cm:filedAgainst rdf:resource="${filedAgainst:Category}"/>
      <rtc_cm:plannedFor rdf:resource="${plannedFor:Iteration}"/>
      <rtc_cm:com.ibm.team.workitem.linktype.parentworkitem.parent rdf:resource="#_OxRPsM8TEeC7WZs2TvSOIQ"/>
      <rtc_cm:com.ibm.team.workitem.linktype.blocksworkitem.dependsOn rdf:resource="#_OxRPs88TEeC7WZs2TvSOIQ"/>
    </rtc_cm:task>
  </rtc_cm:workItems>
</rtc_cm:WorkItemTemplate>
