<?xml version='1.0' encoding='UTF-8'?>
<!-- This document was created with Syntext Serna Free. -->
<rtc_cm:WorkItemTemplate xmlns:dc="http://purl.org/dc/terms/" xmlns:rtc_cm="http://jazz.net/xmlns/prod/jazz/rtc/cm/1.0/" xmlns:rdf="http://www.w3.org/1999/02/22-rdf-syntax-ns#">
<!--#RMC#process.name=8.11 Qualification of software toolsprocess.guid=_PA-5EaGUEeC6D4cw2ululQconfiguration.name=configuration.guid=_YegKCs8TEeC7WZs2TvSOIQ#RMC#-->  <dc:identifier>811_qual_sw_tls</dc:identifier>
  <dc:title>8.11 Qualification of SW tools</dc:title>
  <dc:description>This practice details the tasks required to be carried out if the user wishes to qualify their own software tools.</dc:description>
  <rtc_cm:workItems>
    <rtc_cm:task rdf:ID="_YegKAM8TEeC7WZs2TvSOIQ">
      <dc:title>8.11 Qualification of software tools</dc:title>
      <dc:description>This practice details the tasks required to be carried out if the user wishes to qualify their own software tools. See &lt;a href=&quot;../../../iso26262/process.compliance.iso26262.base-ibm/capabilitypatterns/8.11%20Qualification%20of%20software%20tools_886CA04A.html&quot;&gt;detailed description&lt;/a&gt;.</dc:description>
      <rtc_cm:filedAgainst rdf:resource="${filedAgainst:Category}"/>
      <rtc_cm:plannedFor rdf:resource="${plannedFor:Iteration}"/>
    </rtc_cm:task>
    <rtc_cm:task rdf:ID="_YegKAc8TEeC7WZs2TvSOIQ">
      <dc:title>Classify the SW tool</dc:title>
      <dc:description>Classification of the SW tool provides inputs to the methods used for the qualification process. See &lt;a href=&quot;../../../iso26262/process.compliance.iso26262.base-ibm/capabilitypatterns/Classify%20the%20SW%20tool_63B2860B.html&quot;&gt;detailed description&lt;/a&gt;.</dc:description>
      <rtc_cm:filedAgainst rdf:resource="${filedAgainst:Category}"/>
      <rtc_cm:plannedFor rdf:resource="${plannedFor:Iteration}"/>
      <rtc_cm:com.ibm.team.workitem.linktype.parentworkitem.parent rdf:resource="#_YegKAM8TEeC7WZs2TvSOIQ"/>
      <rtc_cm:com.ibm.team.workitem.linktype.blocksworkitem.dependsOn rdf:resource="#_YegKBM8TEeC7WZs2TvSOIQ"/>
    </rtc_cm:task>
    <rtc_cm:task rdf:ID="_YegKAs8TEeC7WZs2TvSOIQ">
      <dc:title>Determine applicable qualification methods</dc:title>
      <dc:description>Based upon the ASIL and TCL the most appropriate method of combination of methods are selected to be used for the SW tool qualification See &lt;a href=&quot;../../../iso26262/process.compliance.iso26262.base-ibm/capabilitypatterns/Determine%20applicable%20qualification%20methods_11BED537.html&quot;&gt;detailed description&lt;/a&gt;.</dc:description>
      <rtc_cm:filedAgainst rdf:resource="${filedAgainst:Category}"/>
      <rtc_cm:plannedFor rdf:resource="${plannedFor:Iteration}"/>
      <rtc_cm:com.ibm.team.workitem.linktype.parentworkitem.parent rdf:resource="#_YegKAM8TEeC7WZs2TvSOIQ"/>
      <rtc_cm:com.ibm.team.workitem.linktype.blocksworkitem.dependsOn rdf:resource="#_YegKAc8TEeC7WZs2TvSOIQ"/>
    </rtc_cm:task>
    <rtc_cm:task rdf:ID="_YegKA88TEeC7WZs2TvSOIQ">
      <dc:title>Evaluation of the SW tool development process</dc:title>
      <dc:description>Based upon the evidence that a software tool is developed according to and complies with an appropriate national or international standard software development standard. See &lt;a href=&quot;../../../iso26262/process.compliance.iso26262.base-ibm/capabilitypatterns/Evaluation%20of%20the%20SW%20tool%20development%20process_57E94D.html&quot;&gt;detailed description&lt;/a&gt;.</dc:description>
      <rtc_cm:filedAgainst rdf:resource="${filedAgainst:Category}"/>
      <rtc_cm:plannedFor rdf:resource="${plannedFor:Iteration}"/>
      <rtc_cm:com.ibm.team.workitem.linktype.parentworkitem.parent rdf:resource="#_YegKAM8TEeC7WZs2TvSOIQ"/>
      <rtc_cm:com.ibm.team.workitem.linktype.blocksworkitem.dependsOn rdf:resource="#_YegKCc8TEeC7WZs2TvSOIQ"/>
    </rtc_cm:task>
    <rtc_cm:task rdf:ID="_YegKBM8TEeC7WZs2TvSOIQ">
      <dc:title>Plan SW tool qualification</dc:title>
      <dc:description>Planning of the SW tool qualification. See &lt;a href=&quot;../../../iso26262/process.compliance.iso26262.base-ibm/capabilitypatterns/Plan%20SW%20tool%20qualification_AF5C95D.html&quot;&gt;detailed description&lt;/a&gt;.</dc:description>
      <rtc_cm:filedAgainst rdf:resource="${filedAgainst:Category}"/>
      <rtc_cm:plannedFor rdf:resource="${plannedFor:Iteration}"/>
      <rtc_cm:com.ibm.team.workitem.linktype.parentworkitem.parent rdf:resource="#_YegKAM8TEeC7WZs2TvSOIQ"/>
    </rtc_cm:task>
    <rtc_cm:task rdf:ID="_YegKBc8TEeC7WZs2TvSOIQ">
      <dc:title>Validate the SW tool</dc:title>
      <dc:description>The validation activity runs a series of test suites against the SW tool to ensure that it meets safety and robustness requirements. If issues are discovered then they should be investigated along with the potential consequences, so means can be found to avoid or detect them. See &lt;a href=&quot;../../../iso26262/process.compliance.iso26262.base-ibm/capabilitypatterns/Validate%20the%20SW%20tool_D650B756.html&quot;&gt;detailed description&lt;/a&gt;.</dc:description>
      <rtc_cm:filedAgainst rdf:resource="${filedAgainst:Category}"/>
      <rtc_cm:plannedFor rdf:resource="${plannedFor:Iteration}"/>
      <rtc_cm:com.ibm.team.workitem.linktype.parentworkitem.parent rdf:resource="#_YegKAM8TEeC7WZs2TvSOIQ"/>
    </rtc_cm:task>
    <rtc_cm:task rdf:ID="_YegKBs8TEeC7WZs2TvSOIQ">
      <dc:title>Verify SW tool qualification</dc:title>
      <dc:description>This determines if the SW tool has been correctly classified and then qualified correctly according to its classification. See &lt;a href=&quot;../../../iso26262/process.compliance.iso26262.base-ibm/capabilitypatterns/Verify%20SW%20tool%20qualification_C4E9CB6C.html&quot;&gt;detailed description&lt;/a&gt;.</dc:description>
      <rtc_cm:filedAgainst rdf:resource="${filedAgainst:Category}"/>
      <rtc_cm:plannedFor rdf:resource="${plannedFor:Iteration}"/>
      <rtc_cm:com.ibm.team.workitem.linktype.parentworkitem.parent rdf:resource="#_YegKAM8TEeC7WZs2TvSOIQ"/>
    </rtc_cm:task>
    <rtc_cm:task rdf:ID="_YegKB88TEeC7WZs2TvSOIQ">
      <dc:title>Gather evidence of qualification from external body</dc:title>
      <dc:description> If the qualification requirements for a particular Tool Confidence Limit (TCL) appropriate to the development task are already demonstrated for a SW tool no further qualification activities are needed, apart from to gather that evidence. See &lt;a href=&quot;../../../iso26262/process.compliance.iso26262.base-ibm/capabilitypatterns/Gather%20evidence%20of%20qualification%20from%20external%20body_3BEB7BAE.html&quot;&gt;detailed description&lt;/a&gt;.</dc:description>
      <rtc_cm:filedAgainst rdf:resource="${filedAgainst:Category}"/>
      <rtc_cm:plannedFor rdf:resource="${plannedFor:Iteration}"/>
      <rtc_cm:com.ibm.team.workitem.linktype.parentworkitem.parent rdf:resource="#_YegKAM8TEeC7WZs2TvSOIQ"/>
    </rtc_cm:task>
    <rtc_cm:task rdf:ID="_YegKCM8TEeC7WZs2TvSOIQ">
      <dc:title>Qualify based upon increased confidence from use</dc:title>
      <dc:description>This qualification method is based upon the collection of evidence around the use of the tool in similar situations. See &lt;a href=&quot;../../../iso26262/process.compliance.iso26262.base-ibm/capabilitypatterns/Qualify%20based%20upon%20increased%20confidence%20from%20use_330A800F.html&quot;&gt;detailed description&lt;/a&gt;.</dc:description>
      <rtc_cm:filedAgainst rdf:resource="${filedAgainst:Category}"/>
      <rtc_cm:plannedFor rdf:resource="${plannedFor:Iteration}"/>
      <rtc_cm:com.ibm.team.workitem.linktype.parentworkitem.parent rdf:resource="#_YegKAM8TEeC7WZs2TvSOIQ"/>
    </rtc_cm:task>
    <rtc_cm:task rdf:ID="_YegKCc8TEeC7WZs2TvSOIQ">
      <dc:title>Check SW tool development in compliance with a safety standard</dc:title>
      <dc:description>Assessment of the development process of the SW tool, to make sure it is compliant with an international or national standard. See &lt;a href=&quot;../../../iso26262/process.compliance.iso26262.base-ibm/capabilitypatterns/Check%20SW%20tool%20development%20in%20compliance%20with%20a%20safety%20standard_13F3AA2B.html&quot;&gt;detailed description&lt;/a&gt;.</dc:description>
      <rtc_cm:filedAgainst rdf:resource="${filedAgainst:Category}"/>
      <rtc_cm:plannedFor rdf:resource="${plannedFor:Iteration}"/>
      <rtc_cm:com.ibm.team.workitem.linktype.parentworkitem.parent rdf:resource="#_YegKAM8TEeC7WZs2TvSOIQ"/>
    </rtc_cm:task>
  </rtc_cm:workItems>
</rtc_cm:WorkItemTemplate>
