<?xml version='1.0' encoding='UTF-8'?>
<!-- This document was created with Syntext Serna Free. -->
<rtc_cm:WorkItemTemplate xmlns:dc="http://purl.org/dc/terms/" xmlns:rtc_cm="http://jazz.net/xmlns/prod/jazz/rtc/cm/1.0/" xmlns:rdf="http://www.w3.org/1999/02/22-rdf-syntax-ns#">
<!--#RMC#process.name=8.13 Qualification of HW componentsprocess.guid=_CMBwQZ2sEeCk2aQcgmZB_wconfiguration.name=configuration.guid=_4Vt5YM72EeC7WZs2TvSOIQ#RMC#-->  <dc:identifier>813_qual_hw_comp</dc:identifier>
  <dc:title>8.13 Qualification of HW components</dc:title>
  <dc:description>Every component and part used within the scope of ISO 26262 has to be qualified to address general functional performance, conformity of production, environmental endurance and robustness. This practice details how HW qualification is carried out. The user is advised to refer to ISO 26262-, vol 8, clause 13 to clarify any details that are not clear and for further information Every component and part used within the scope of ISO 26262 has to be qualified to address general functional performance, conformity of production, environmental endurance and robustness.</dc:description>
  <rtc_cm:workItems>
    <rtc_cm:task rdf:ID="_ubrzAM8TEeC7WZs2TvSOIQ">
      <dc:title>8.13 Qualification of HW components</dc:title>
      <dc:description>Every component and part used within the scope of ISO 26262 has to be qualified to address general functional performance, conformity of production, environmental endurance and robustness. This practice details how HW qualification is carried out. The user is advised to refer to ISO 26262-, vol 8, clause 13 to clarify any details that are not clear and for further information Every component and part used within the scope of ISO 26262 has to be qualified to address general functional performance, conformity of production, environmental endurance and robustness. See &lt;a href=&quot;../../../iso26262/process.compliance.iso26262.base-ibm/capabilitypatterns/8.13%20Qualification%20of%20HW%20components_FA4E2F17.html&quot;&gt;detailed description&lt;/a&gt;.</dc:description>
      <rtc_cm:filedAgainst rdf:resource="${filedAgainst:Category}"/>
      <rtc_cm:plannedFor rdf:resource="${plannedFor:Iteration}"/>
    </rtc_cm:task>
    <rtc_cm:task rdf:ID="_ubrzAc8TEeC7WZs2TvSOIQ">
      <dc:title>Develop HW qualification plan</dc:title>
      <dc:description>Determine the means of qualification for the HW component, this can be done through analysis or test, although it is more likely to be combination of both See &lt;a href=&quot;../../../iso26262/process.compliance.iso26262.base-ibm/capabilitypatterns/Develop%20HW%20qualification%20plan_26B03ADF.html&quot;&gt;detailed description&lt;/a&gt;.</dc:description>
      <rtc_cm:filedAgainst rdf:resource="${filedAgainst:Category}"/>
      <rtc_cm:plannedFor rdf:resource="${plannedFor:Iteration}"/>
      <rtc_cm:com.ibm.team.workitem.linktype.parentworkitem.parent rdf:resource="#_ubrzAM8TEeC7WZs2TvSOIQ"/>
    </rtc_cm:task>
    <rtc_cm:task rdf:ID="_ubrzAs8TEeC7WZs2TvSOIQ">
      <dc:title>Develop HW test plan</dc:title>
      <dc:description>The plan used to test the HW for qualification See &lt;a href=&quot;../../../iso26262/process.compliance.iso26262.base-ibm/capabilitypatterns/Develop%20HW%20test%20plan_15494EF5.html&quot;&gt;detailed description&lt;/a&gt;.</dc:description>
      <rtc_cm:filedAgainst rdf:resource="${filedAgainst:Category}"/>
      <rtc_cm:plannedFor rdf:resource="${plannedFor:Iteration}"/>
      <rtc_cm:com.ibm.team.workitem.linktype.parentworkitem.parent rdf:resource="#_ubrzAM8TEeC7WZs2TvSOIQ"/>
      <rtc_cm:com.ibm.team.workitem.linktype.blocksworkitem.dependsOn rdf:resource="#_ubrzAc8TEeC7WZs2TvSOIQ"/>
    </rtc_cm:task>
    <rtc_cm:task rdf:ID="_ubrzA88TEeC7WZs2TvSOIQ">
      <dc:title>Qualify HW component using test</dc:title>
      <dc:description>Tests carried out to stress the HW components functionality according to the expected environmental conditions See &lt;a href=&quot;../../../iso26262/process.compliance.iso26262.base-ibm/capabilitypatterns/Qualify%20HW%20component%20using%20test_E0A43CEE.html&quot;&gt;detailed description&lt;/a&gt;.</dc:description>
      <rtc_cm:filedAgainst rdf:resource="${filedAgainst:Category}"/>
      <rtc_cm:plannedFor rdf:resource="${plannedFor:Iteration}"/>
      <rtc_cm:com.ibm.team.workitem.linktype.parentworkitem.parent rdf:resource="#_ubrzAM8TEeC7WZs2TvSOIQ"/>
      <rtc_cm:com.ibm.team.workitem.linktype.blocksworkitem.dependsOn rdf:resource="#_ubrzAs8TEeC7WZs2TvSOIQ"/>
    </rtc_cm:task>
    <rtc_cm:task rdf:ID="_ubrzBM8TEeC7WZs2TvSOIQ">
      <dc:title>Qualify HW component using analysis</dc:title>
      <dc:description>Analysis of the HW component based upon analytical methods, data from operational experience and existing test results. See &lt;a href=&quot;../../../iso26262/process.compliance.iso26262.base-ibm/capabilitypatterns/Qualify%20HW%20component%20using%20analysis_7E2324BA.html&quot;&gt;detailed description&lt;/a&gt;.</dc:description>
      <rtc_cm:filedAgainst rdf:resource="${filedAgainst:Category}"/>
      <rtc_cm:plannedFor rdf:resource="${plannedFor:Iteration}"/>
      <rtc_cm:com.ibm.team.workitem.linktype.parentworkitem.parent rdf:resource="#_ubrzAM8TEeC7WZs2TvSOIQ"/>
      <rtc_cm:com.ibm.team.workitem.linktype.blocksworkitem.dependsOn rdf:resource="#_ubrzAc8TEeC7WZs2TvSOIQ"/>
      <rtc_cm:com.ibm.team.workitem.linktype.blocksworkitem.dependsOn rdf:resource="#_ubrzA88TEeC7WZs2TvSOIQ"/>
    </rtc_cm:task>
    <rtc_cm:task rdf:ID="_ubrzBc8TEeC7WZs2TvSOIQ">
      <dc:title>Author HW qualification report</dc:title>
      <dc:description>Compilation of the HW analysis and test reports, stating whether the hardware component has passed or failed the qualification WRT the operating envelope. See &lt;a href=&quot;../../../iso26262/process.compliance.iso26262.base-ibm/capabilitypatterns/Author%20HW%20qualification%20report_1C125ACF.html&quot;&gt;detailed description&lt;/a&gt;.</dc:description>
      <rtc_cm:filedAgainst rdf:resource="${filedAgainst:Category}"/>
      <rtc_cm:plannedFor rdf:resource="${plannedFor:Iteration}"/>
      <rtc_cm:com.ibm.team.workitem.linktype.parentworkitem.parent rdf:resource="#_ubrzAM8TEeC7WZs2TvSOIQ"/>
    </rtc_cm:task>
    <rtc_cm:task rdf:ID="_ubrzBs8TEeC7WZs2TvSOIQ">
      <dc:title>Verify Qualification report</dc:title>
      <dc:description>To confirm that the HW has been properly qualified. See &lt;a href=&quot;../../../iso26262/process.compliance.iso26262.base-ibm/capabilitypatterns/Verify%20Qualification%20report_EB421CFE.html&quot;&gt;detailed description&lt;/a&gt;.</dc:description>
      <rtc_cm:filedAgainst rdf:resource="${filedAgainst:Category}"/>
      <rtc_cm:plannedFor rdf:resource="${plannedFor:Iteration}"/>
      <rtc_cm:com.ibm.team.workitem.linktype.parentworkitem.parent rdf:resource="#_ubrzAM8TEeC7WZs2TvSOIQ"/>
      <rtc_cm:com.ibm.team.workitem.linktype.blocksworkitem.dependsOn rdf:resource="#_ubrzBc8TEeC7WZs2TvSOIQ"/>
    </rtc_cm:task>
  </rtc_cm:workItems>
</rtc_cm:WorkItemTemplate>
