<?xml version='1.0' encoding='UTF-8'?>
<!-- This document was created with Syntext Serna Free. -->
<rtc_cm:WorkItemTemplate xmlns:dc="http://purl.org/dc/terms/" xmlns:rtc_cm="http://jazz.net/xmlns/prod/jazz/rtc/cm/1.0/" xmlns:rdf="http://www.w3.org/1999/02/22-rdf-syntax-ns#">
<!--#RMC#process.name=Tool Environment Setupprocess.guid=_t6y9EZXnEeCeRuB-coqLuQconfiguration.name=configuration.guid=_A_S-UM73EeC7WZs2TvSOIQ#RMC#-->  <dc:identifier>tool_env_setup</dc:identifier>
  <dc:title>2.6.1 Tool Environment Set Up</dc:title>
  <dc:description>Although not an official task or set of work products as defined in ISO 26262, this particular task is neccessary to set the environment required to support ISO 26262. The tools cover aspects of the development lifecycle such as documentation, change and configuration management and requirements management. The requirements for tools to cover these aspects of the development lifecycle are detailed in ISO 26262, vol 8 and carried out during the Safety Management through product development phase.</dc:description>
  <rtc_cm:workItems>
    <rtc_cm:task rdf:ID="_lxSS4M8MEeC7WZs2TvSOIQ">
      <dc:title>Tool Environment Setup</dc:title>
      <dc:description>Although not an official task or set of work products as defined in ISO 26262, this particular task is necessary to set up the environment required to support ISO 26262 as well as the tools that will cover aspects of the development lifecycle such as documentation, change and configuration management and requirements management. The requirements for tools to cover these aspects of the development lifecycle are detailed in ISO 26262, vol 8. See &lt;a href=&quot;../../../iso26262/process.compliance.iso26262.base-ibm/capabilitypatterns/Tool%20Environment%20Setup_6BED64BF.html&quot;&gt;detailed description&lt;/a&gt;.</dc:description>
      <rtc_cm:filedAgainst rdf:resource="${filedAgainst:Category}"/>
      <rtc_cm:plannedFor rdf:resource="${plannedFor:Iteration}"/>
    </rtc_cm:task>
    <rtc_cm:task rdf:ID="_lxSS4c8MEeC7WZs2TvSOIQ">
      <dc:title>8.10 Develop document management plan</dc:title>
      <dc:description>Details the planning of the activities surrounding the document management system. See &lt;a href=&quot;../../../iso26262/process.compliance.iso26262.base-ibm/capabilitypatterns/8.10%20Develop%20document%20management%20plan_DFA5FDDD.html&quot;&gt;detailed description&lt;/a&gt;.</dc:description>
      <rtc_cm:filedAgainst rdf:resource="${filedAgainst:Category}"/>
      <rtc_cm:plannedFor rdf:resource="${plannedFor:Iteration}"/>
      <rtc_cm:com.ibm.team.workitem.linktype.parentworkitem.parent rdf:resource="#_lxSS4M8MEeC7WZs2TvSOIQ"/>
    </rtc_cm:task>
    <rtc_cm:task rdf:ID="_lxSS4s8MEeC7WZs2TvSOIQ">
      <dc:title>Implement document management plan</dc:title>
      <dc:description>Carry out the activities detailed in the document management plan to set up the document management systems and associated infrastructure. See &lt;a href=&quot;../../../iso26262/process.compliance.iso26262.base-ibm/capabilitypatterns/Implement%20document%20management%20plan_EA43DDED.html&quot;&gt;detailed description&lt;/a&gt;.</dc:description>
      <rtc_cm:filedAgainst rdf:resource="${filedAgainst:Category}"/>
      <rtc_cm:plannedFor rdf:resource="${plannedFor:Iteration}"/>
      <rtc_cm:com.ibm.team.workitem.linktype.parentworkitem.parent rdf:resource="#_lxSS4M8MEeC7WZs2TvSOIQ"/>
      <rtc_cm:com.ibm.team.workitem.linktype.blocksworkitem.dependsOn rdf:resource="#_lxSS4c8MEeC7WZs2TvSOIQ"/>
    </rtc_cm:task>
    <rtc_cm:task rdf:ID="_lxSS488MEeC7WZs2TvSOIQ">
      <dc:title>Set up Change Management environment and tools</dc:title>
      <dc:description>This task is required so that an infrastructure, environment and tools exist for Change Management. See &lt;a href=&quot;../../../iso26262/process.compliance.iso26262.base-ibm/capabilitypatterns/Set%20up%20Change%20environment%20and%20tools_7965840F.html&quot;&gt;detailed description&lt;/a&gt;.</dc:description>
      <rtc_cm:filedAgainst rdf:resource="${filedAgainst:Category}"/>
      <rtc_cm:plannedFor rdf:resource="${plannedFor:Iteration}"/>
      <rtc_cm:com.ibm.team.workitem.linktype.parentworkitem.parent rdf:resource="#_lxSS4M8MEeC7WZs2TvSOIQ"/>
      <rtc_cm:com.ibm.team.workitem.linktype.blocksworkitem.dependsOn rdf:resource="#_lxSS5M8MEeC7WZs2TvSOIQ"/>
    </rtc_cm:task>
    <rtc_cm:task rdf:ID="_lxSS5M8MEeC7WZs2TvSOIQ">
      <dc:title>Develop change management plan</dc:title>
      <dc:description>Organise how change management will be implemented and deployed through the project. See &lt;a href=&quot;../../../iso26262/process.compliance.iso26262.base-ibm/capabilitypatterns/Develop%20change%20management%20plan_7621899A.html&quot;&gt;detailed description&lt;/a&gt;.</dc:description>
      <rtc_cm:filedAgainst rdf:resource="${filedAgainst:Category}"/>
      <rtc_cm:plannedFor rdf:resource="${plannedFor:Iteration}"/>
      <rtc_cm:com.ibm.team.workitem.linktype.parentworkitem.parent rdf:resource="#_lxSS4M8MEeC7WZs2TvSOIQ"/>
    </rtc_cm:task>
    <rtc_cm:task rdf:ID="_lxSS5c8MEeC7WZs2TvSOIQ">
      <dc:title>8.7 Develop configuration management plan</dc:title>
      <dc:description>Plan to detail how to carry out and control the configuration management of the item under development. Part of this plan is the planning for the set up of the environment and tools to support CM. See &lt;a href=&quot;../../../iso26262/process.compliance.iso26262.base-ibm/capabilitypatterns/8.7%20Develop%20configuration%20management%20plan_B201F81F.html&quot;&gt;detailed description&lt;/a&gt;.</dc:description>
      <rtc_cm:filedAgainst rdf:resource="${filedAgainst:Category}"/>
      <rtc_cm:plannedFor rdf:resource="${plannedFor:Iteration}"/>
      <rtc_cm:com.ibm.team.workitem.linktype.parentworkitem.parent rdf:resource="#_lxSS4M8MEeC7WZs2TvSOIQ"/>
    </rtc_cm:task>
    <rtc_cm:task rdf:ID="_lxSS5s8MEeC7WZs2TvSOIQ">
      <dc:title>8.7 Set up Configuration Management tools and environment</dc:title>
      <dc:description>The task of setting up the infrastructure and environment to support configuration management. See &lt;a href=&quot;../../../iso26262/process.compliance.iso26262.base-ibm/capabilitypatterns/8.7%20Set%20up%20CM%20environment%20and%20tools_13CBE30E.html&quot;&gt;detailed description&lt;/a&gt;.</dc:description>
      <rtc_cm:filedAgainst rdf:resource="${filedAgainst:Category}"/>
      <rtc_cm:plannedFor rdf:resource="${plannedFor:Iteration}"/>
      <rtc_cm:com.ibm.team.workitem.linktype.parentworkitem.parent rdf:resource="#_lxSS4M8MEeC7WZs2TvSOIQ"/>
      <rtc_cm:com.ibm.team.workitem.linktype.blocksworkitem.dependsOn rdf:resource="#_lxSS5c8MEeC7WZs2TvSOIQ"/>
    </rtc_cm:task>
    <rtc_cm:task rdf:ID="_lxSS588MEeC7WZs2TvSOIQ">
      <dc:title>8.7 Apply configuration management</dc:title>
      <dc:description>This taks indicates that CM should be applied through the lifetime of the project. See &lt;a href=&quot;../../../iso26262/process.compliance.iso26262.base-ibm/capabilitypatterns/8.7%20Apply%20confguration%20management_F149601C.html&quot;&gt;detailed description&lt;/a&gt;.</dc:description>
      <rtc_cm:filedAgainst rdf:resource="${filedAgainst:Category}"/>
      <rtc_cm:plannedFor rdf:resource="${plannedFor:Iteration}"/>
      <rtc_cm:com.ibm.team.workitem.linktype.parentworkitem.parent rdf:resource="#_lxSS4M8MEeC7WZs2TvSOIQ"/>
      <rtc_cm:com.ibm.team.workitem.linktype.blocksworkitem.dependsOn rdf:resource="#_lxSS4s8MEeC7WZs2TvSOIQ"/>
      <rtc_cm:com.ibm.team.workitem.linktype.blocksworkitem.dependsOn rdf:resource="#_lxSS488MEeC7WZs2TvSOIQ"/>
      <rtc_cm:com.ibm.team.workitem.linktype.blocksworkitem.dependsOn rdf:resource="#_lxSS6M8MEeC7WZs2TvSOIQ"/>
      <rtc_cm:com.ibm.team.workitem.linktype.blocksworkitem.dependsOn rdf:resource="#_lxSS5s8MEeC7WZs2TvSOIQ"/>
    </rtc_cm:task>
    <rtc_cm:task rdf:ID="_lxSS6M8MEeC7WZs2TvSOIQ">
      <dc:title>8.6 Set up Requirements Management environment and tools</dc:title>
      <dc:description>This task is required so that an infrastructure, environment and tools exist for the management of requirements See &lt;a href=&quot;../../../iso26262/process.compliance.iso26262.base-ibm/capabilitypatterns/8.6%20Set%20up%20RM%20environment%20and%20tools_4A90952A.html&quot;&gt;detailed description&lt;/a&gt;.</dc:description>
      <rtc_cm:filedAgainst rdf:resource="${filedAgainst:Category}"/>
      <rtc_cm:plannedFor rdf:resource="${plannedFor:Iteration}"/>
      <rtc_cm:com.ibm.team.workitem.linktype.parentworkitem.parent rdf:resource="#_lxSS4M8MEeC7WZs2TvSOIQ"/>
    </rtc_cm:task>
  </rtc_cm:workItems>
</rtc_cm:WorkItemTemplate>
