<?xml version="1.0" encoding="UTF-8"?><rtc_cm:WorkItemTemplate  xmlns:dc="http://purl.org/dc/terms/"  xmlns:rtc_cm="http://jazz.net/xmlns/prod/jazz/rtc/cm/1.0/"  xmlns:rdf="http://www.w3.org/1999/02/22-rdf-syntax-ns#"><!--#RMC#process.name=val_uc_actprocess.guid=_AYgX0WKcEd6Ih4GzU1_Dawconfiguration.name=publish.practices_syseng_srs_alt-ibmconfiguration.guid=_Y2ehMMjnEd6Y2cxeBpJPWw#RMC#--><dc:identifier>se_uc_build_val_ucs</dc:identifier><dc:title>SE UC: Build and Validate UCs</dc:title><dc:description></dc:description><rtc_cm:workItems><rtc_cm:task rdf:ID="item0"><dc:title>Build and Validate Use Cases [Activity Driven]</dc:title><dc:description>&#13;&#10;&#13;&#10;See &lt;a href=&quot;../../../SE_UC/practice.tech.syseng.build_validate_uc.base-ibm/capabilitypatterns/val_uc_act_265BF9AF.html&quot;&gt;detailed description&lt;/a&gt;.</dc:description><rtc_cm:filedAgainst rdf:resource="${filedAgainst:Category}"/><rtc_cm:plannedFor rdf:resource="${plannedFor:Iteration}"/></rtc_cm:task><rtc_cm:task rdf:ID="item1"><dc:title>Define Use-Case System Context</dc:title><dc:description>This task translates a use case and its associated actors into relevant blocks in a SysML structure diagram (Internal Block Diagram).&#13;&#10;&#13;&#10;See &lt;a href=&quot;../../../SE_UC/practice.tech.syseng.build_validate_uc.base-ibm/capabilitypatterns/define_uc_sys_context_8D70920F.html&quot;&gt;detailed description&lt;/a&gt;.</dc:description><rtc_cm:filedAgainst rdf:resource="${filedAgainst:Category}"/><rtc_cm:plannedFor rdf:resource="${plannedFor:Iteration}"/><rtc_cm:com.ibm.team.workitem.linktype.parentworkitem.parent rdf:resource="#item0"/></rtc_cm:task><rtc_cm:task rdf:ID="item2"><dc:title>Define Use-Case Functional Flow</dc:title><dc:description>&#13;&#10;&#13;&#10;See &lt;a href=&quot;../../../SE_UC/practice.tech.syseng.build_validate_uc.base-ibm/capabilitypatterns/def_func_flow_C7463034.html&quot;&gt;detailed description&lt;/a&gt;.</dc:description><rtc_cm:filedAgainst rdf:resource="${filedAgainst:Category}"/><rtc_cm:plannedFor rdf:resource="${plannedFor:Iteration}"/><rtc_cm:com.ibm.team.workitem.linktype.parentworkitem.parent rdf:resource="#item0"/><rtc_cm:com.ibm.team.workitem.linktype.blocksworkitem.dependsOn rdf:resource="#item1"/></rtc_cm:task><rtc_cm:task rdf:ID="item3"><dc:title>Create Black Box Activity Diagrams</dc:title><dc:description>This task defines an activity diagram that describes the use case functional flow at the black-box level.&#13;&#10;&#13;&#10;See &lt;a href=&quot;../../../SE_UC/practice.tech.syseng.build_validate_uc.base-ibm/capabilitypatterns/create_ad_black_box_1FA0559E.html&quot;&gt;detailed description&lt;/a&gt;.</dc:description><rtc_cm:filedAgainst rdf:resource="${filedAgainst:Category}"/><rtc_cm:plannedFor rdf:resource="${plannedFor:Iteration}"/><rtc_cm:com.ibm.team.workitem.linktype.parentworkitem.parent rdf:resource="#item2"/></rtc_cm:task><rtc_cm:task rdf:ID="item4"><dc:title>Decompose Activity Diagrams</dc:title><dc:description>This task defines an activity diagram that describes the use case functional flow.&#13;&#10;&#13;&#10;See &lt;a href=&quot;../../../SE_UC/practice.tech.syseng.build_validate_uc.base-ibm/capabilitypatterns/create_ad_level_2_79E13F9E.html&quot;&gt;detailed description&lt;/a&gt;.</dc:description><rtc_cm:filedAgainst rdf:resource="${filedAgainst:Category}"/><rtc_cm:plannedFor rdf:resource="${plannedFor:Iteration}"/><rtc_cm:com.ibm.team.workitem.linktype.parentworkitem.parent rdf:resource="#item2"/></rtc_cm:task><rtc_cm:task rdf:ID="item5"><dc:title>Derive Use-Case Scenarios</dc:title><dc:description>This task generates the use case scenarios, expressed as sequence diagrams, from the use case functional flow expressed as an activty diagram.&#13;&#10;&#13;&#10;See &lt;a href=&quot;../../../SE_UC/practice.tech.syseng.build_validate_uc.base-ibm/capabilitypatterns/derive_uc_scenarios_6603FAEB.html&quot;&gt;detailed description&lt;/a&gt;.</dc:description><rtc_cm:filedAgainst rdf:resource="${filedAgainst:Category}"/><rtc_cm:plannedFor rdf:resource="${plannedFor:Iteration}"/><rtc_cm:com.ibm.team.workitem.linktype.parentworkitem.parent rdf:resource="#item0"/><rtc_cm:com.ibm.team.workitem.linktype.blocksworkitem.dependsOn rdf:resource="#item2"/></rtc_cm:task><rtc_cm:task rdf:ID="item6"><dc:title>Define Ports and Interfaces</dc:title><dc:description>This task focuses on defining the communication between the use-case block and its actor(s) via UML/SysML standard ports.&#13;&#10;&#13;&#10;See &lt;a href=&quot;../../../SE_UC/practice.tech.syseng.build_validate_uc.base-ibm/capabilitypatterns/define_ports_intfcs_AB0905F4.html&quot;&gt;detailed description&lt;/a&gt;.</dc:description><rtc_cm:filedAgainst rdf:resource="${filedAgainst:Category}"/><rtc_cm:plannedFor rdf:resource="${plannedFor:Iteration}"/><rtc_cm:com.ibm.team.workitem.linktype.parentworkitem.parent rdf:resource="#item0"/><rtc_cm:com.ibm.team.workitem.linktype.blocksworkitem.dependsOn rdf:resource="#item5"/></rtc_cm:task><rtc_cm:task rdf:ID="item7"><dc:title>Derive Use-Case State Behavior</dc:title><dc:description>This task defines the state-based behavior for a use-case block.&#13;&#10;&#13;&#10;See &lt;a href=&quot;../../../SE_UC/practice.tech.syseng.build_validate_uc.base-ibm/capabilitypatterns/derive_uc_state_behavior_191EF1F0.html&quot;&gt;detailed description&lt;/a&gt;.</dc:description><rtc_cm:filedAgainst rdf:resource="${filedAgainst:Category}"/><rtc_cm:plannedFor rdf:resource="${plannedFor:Iteration}"/><rtc_cm:com.ibm.team.workitem.linktype.parentworkitem.parent rdf:resource="#item0"/><rtc_cm:com.ibm.team.workitem.linktype.blocksworkitem.dependsOn rdf:resource="#item6"/></rtc_cm:task><rtc_cm:task rdf:ID="item8"><dc:title>Verify and Validate Functional Requirements</dc:title><dc:description>This task verifies and validates the model through model execution on the basis of the associated scenarios. The correctness and compeletness analysis is based on the visual inspection of the model behavior.&#13;&#10;&#13;&#10;See &lt;a href=&quot;../../../SE_UC/practice.tech.syseng.build_validate_uc.base-ibm/capabilitypatterns/ver_val_func_reqs_7E2DADD1.html&quot;&gt;detailed description&lt;/a&gt;.</dc:description><rtc_cm:filedAgainst rdf:resource="${filedAgainst:Category}"/><rtc_cm:plannedFor rdf:resource="${plannedFor:Iteration}"/><rtc_cm:com.ibm.team.workitem.linktype.parentworkitem.parent rdf:resource="#item0"/><rtc_cm:com.ibm.team.workitem.linktype.blocksworkitem.dependsOn rdf:resource="#item7"/></rtc_cm:task><rtc_cm:task rdf:ID="item9"><dc:title>Perform Rainy-Day Analysis</dc:title><dc:description>This task focuses on the identification of system error / fail behavior that was not covered in the initial set of requirements.&#13;&#10;&#13;&#10;See &lt;a href=&quot;../../../SE_UC/practice.tech.syseng.build_validate_uc.base-ibm/capabilitypatterns/perform_rainy_day_analysis_C85ED41C.html&quot;&gt;detailed description&lt;/a&gt;.</dc:description><rtc_cm:filedAgainst rdf:resource="${filedAgainst:Category}"/><rtc_cm:plannedFor rdf:resource="${plannedFor:Iteration}"/><rtc_cm:com.ibm.team.workitem.linktype.parentworkitem.parent rdf:resource="#item0"/><rtc_cm:com.ibm.team.workitem.linktype.blocksworkitem.dependsOn rdf:resource="#item8"/></rtc_cm:task><rtc_cm:task rdf:ID="item10"><dc:title>Update and Maintain Requirements</dc:title><dc:description>This task establishes traceability from the Use-Case block properties to the relevant system requirements.&#13;&#10;&#13;&#10;See &lt;a href=&quot;../../../SE_UC/practice.tech.syseng.build_validate_uc.base-ibm/capabilitypatterns/update_maintain_reqs_8A96271F.html&quot;&gt;detailed description&lt;/a&gt;.</dc:description><rtc_cm:filedAgainst rdf:resource="${filedAgainst:Category}"/><rtc_cm:plannedFor rdf:resource="${plannedFor:Iteration}"/><rtc_cm:com.ibm.team.workitem.linktype.parentworkitem.parent rdf:resource="#item0"/></rtc_cm:task></rtc_cm:workItems></rtc_cm:WorkItemTemplate>