<?xml version="1.0" encoding="UTF-8"?><rtc_cm:WorkItemTemplate  xmlns:dc="http://purl.org/dc/terms/"  xmlns:rtc_cm="http://jazz.net/xmlns/prod/jazz/rtc/cm/1.0/"  xmlns:rdf="http://www.w3.org/1999/02/22-rdf-syntax-ns#"><!--#RMC#process.name=arch_an_ksfprocess.guid=_49fSMZgZEd6u7McLcbxIEQconfiguration.name=publish.practices_syseng_srs_alt-ibmconfiguration.guid=_Y2ehMMjnEd6Y2cxeBpJPWw#RMC#--><dc:identifier>se_uc_arch_an</dc:identifier><dc:title>SE UC: Architectural Analysis</dc:title><dc:description></dc:description><rtc_cm:workItems><rtc_cm:task rdf:ID="item0"><dc:title>Architectural Analysis - Key Systems Functions</dc:title><dc:description>&#13;&#10;&#13;&#10;See &lt;a href=&quot;../../../SE_UC/practice.tech.syseng.arch_analysis_key_sys.base-ibm/capabilitypatterns/arch_an_ksf_D211C0EA.html&quot;&gt;detailed description&lt;/a&gt;.</dc:description><rtc_cm:filedAgainst rdf:resource="${filedAgainst:Category}"/><rtc_cm:plannedFor rdf:resource="${plannedFor:Iteration}"/></rtc_cm:task><rtc_cm:task rdf:ID="item1"><dc:title>Identify Key System Functions</dc:title><dc:description>This task defines the key system functions.&#13;&#10;&#13;&#10;See &lt;a href=&quot;../../../SE_UC/practice.tech.syseng.arch_analysis_key_sys.base-ibm/capabilitypatterns/id_key_sys_functions_D259415F.html&quot;&gt;detailed description&lt;/a&gt;.</dc:description><rtc_cm:filedAgainst rdf:resource="${filedAgainst:Category}"/><rtc_cm:plannedFor rdf:resource="${plannedFor:Iteration}"/><rtc_cm:com.ibm.team.workitem.linktype.parentworkitem.parent rdf:resource="#item0"/></rtc_cm:task><rtc_cm:task rdf:ID="item2"><dc:title>Define Candidate Solutions</dc:title><dc:description>This task focuses on identifying possible solutions for a chosen key system function.&#13;&#10;&#13;&#10;See &lt;a href=&quot;../../../SE_UC/practice.tech.syseng.arch_analysis_key_sys.base-ibm/capabilitypatterns/def_candidate_sols_33060855.html&quot;&gt;detailed description&lt;/a&gt;.</dc:description><rtc_cm:filedAgainst rdf:resource="${filedAgainst:Category}"/><rtc_cm:plannedFor rdf:resource="${plannedFor:Iteration}"/><rtc_cm:com.ibm.team.workitem.linktype.parentworkitem.parent rdf:resource="#item0"/><rtc_cm:com.ibm.team.workitem.linktype.blocksworkitem.dependsOn rdf:resource="#item1"/></rtc_cm:task><rtc_cm:task rdf:ID="item3"><dc:title>Merge Solutions into System Architecture</dc:title><dc:description>This task focuses on merging the individual solutions for each key system function to define the system equipment breakdown structure.&#13;&#10;&#13;&#10;See &lt;a href=&quot;../../../SE_UC/practice.tech.syseng.arch_analysis_key_sys.base-ibm/capabilitypatterns/merge_sols_sys_arch_B16D93DB.html&quot;&gt;detailed description&lt;/a&gt;.</dc:description><rtc_cm:filedAgainst rdf:resource="${filedAgainst:Category}"/><rtc_cm:plannedFor rdf:resource="${plannedFor:Iteration}"/><rtc_cm:com.ibm.team.workitem.linktype.parentworkitem.parent rdf:resource="#item0"/></rtc_cm:task><rtc_cm:task rdf:ID="item4"><dc:title>Perform Trade Study</dc:title><dc:description>&#13;&#10;&#13;&#10;See &lt;a href=&quot;../../../SE_UC/practice.tech.syseng.arch_analysis_key_sys.base-ibm/capabilitypatterns/Perform%20Trade%20Study_6CAC253E.html&quot;&gt;detailed description&lt;/a&gt;.</dc:description><rtc_cm:filedAgainst rdf:resource="${filedAgainst:Category}"/><rtc_cm:plannedFor rdf:resource="${plannedFor:Iteration}"/><rtc_cm:com.ibm.team.workitem.linktype.parentworkitem.parent rdf:resource="#item0"/><rtc_cm:com.ibm.team.workitem.linktype.blocksworkitem.dependsOn rdf:resource="#item2"/></rtc_cm:task><rtc_cm:task rdf:ID="item5"><dc:title>Define Assessment Criteria</dc:title><dc:description>This task identifies the assessment criteria for solution candidates.&#13;&#10;&#13;&#10;See &lt;a href=&quot;../../../SE_UC/practice.tech.syseng.arch_trade_study_wom.base-ibm/capabilitypatterns/def_criteria_B5178B46.html&quot;&gt;detailed description&lt;/a&gt;.</dc:description><rtc_cm:filedAgainst rdf:resource="${filedAgainst:Category}"/><rtc_cm:plannedFor rdf:resource="${plannedFor:Iteration}"/><rtc_cm:com.ibm.team.workitem.linktype.parentworkitem.parent rdf:resource="#item4"/></rtc_cm:task><rtc_cm:task rdf:ID="item6"><dc:title>Assign Weights to Criteria</dc:title><dc:description>This task focuses on establishing weighting factors for each criterion.&#13;&#10;&#13;&#10;See &lt;a href=&quot;../../../SE_UC/practice.tech.syseng.arch_trade_study_wom.base-ibm/capabilitypatterns/assign_weights_3D3F8989.html&quot;&gt;detailed description&lt;/a&gt;.</dc:description><rtc_cm:filedAgainst rdf:resource="${filedAgainst:Category}"/><rtc_cm:plannedFor rdf:resource="${plannedFor:Iteration}"/><rtc_cm:com.ibm.team.workitem.linktype.parentworkitem.parent rdf:resource="#item4"/><rtc_cm:com.ibm.team.workitem.linktype.blocksworkitem.dependsOn rdf:resource="#item5"/></rtc_cm:task><rtc_cm:task rdf:ID="item7"><dc:title>Define Utility Curve for each Criterion</dc:title><dc:description>This task focuses on defining utility curves for each of the assessment criteria.&#13;&#10;&#13;&#10;See &lt;a href=&quot;../../../SE_UC/practice.tech.syseng.arch_trade_study_wom.base-ibm/capabilitypatterns/def_util_curve_729BFF91.html&quot;&gt;detailed description&lt;/a&gt;.</dc:description><rtc_cm:filedAgainst rdf:resource="${filedAgainst:Category}"/><rtc_cm:plannedFor rdf:resource="${plannedFor:Iteration}"/><rtc_cm:com.ibm.team.workitem.linktype.parentworkitem.parent rdf:resource="#item4"/><rtc_cm:com.ibm.team.workitem.linktype.blocksworkitem.dependsOn rdf:resource="#item6"/></rtc_cm:task><rtc_cm:task rdf:ID="item8"><dc:title>Assign MoEs to Candidate Solutions</dc:title><dc:description>This task focuses on assigning Measures of Effectiveness (MoE) values to each of the candidate solutions.&#13;&#10;&#13;&#10;See &lt;a href=&quot;../../../SE_UC/practice.tech.syseng.arch_trade_study_wom.base-ibm/capabilitypatterns/assign_moes_A3B59675.html&quot;&gt;detailed description&lt;/a&gt;.</dc:description><rtc_cm:filedAgainst rdf:resource="${filedAgainst:Category}"/><rtc_cm:plannedFor rdf:resource="${plannedFor:Iteration}"/><rtc_cm:com.ibm.team.workitem.linktype.parentworkitem.parent rdf:resource="#item4"/><rtc_cm:com.ibm.team.workitem.linktype.blocksworkitem.dependsOn rdf:resource="#item7"/></rtc_cm:task><rtc_cm:task rdf:ID="item9"><dc:title>Determine Solution</dc:title><dc:description>This task focuses on determining the optimum solution for a selected aspect of the system.&#13;&#10;&#13;&#10;See &lt;a href=&quot;../../../SE_UC/practice.tech.syseng.arch_trade_study_wom.base-ibm/capabilitypatterns/determine_sol_D9654DFE.html&quot;&gt;detailed description&lt;/a&gt;.</dc:description><rtc_cm:filedAgainst rdf:resource="${filedAgainst:Category}"/><rtc_cm:plannedFor rdf:resource="${plannedFor:Iteration}"/><rtc_cm:com.ibm.team.workitem.linktype.parentworkitem.parent rdf:resource="#item4"/><rtc_cm:com.ibm.team.workitem.linktype.blocksworkitem.dependsOn rdf:resource="#item8"/></rtc_cm:task></rtc_cm:workItems></rtc_cm:WorkItemTemplate>