<?xml version="1.0" encoding="UTF-8"?><rtc_cm:WorkItemTemplate  xmlns:dc="http://purl.org/dc/terms/"  xmlns:rtc_cm="http://jazz.net/xmlns/prod/jazz/rtc/cm/1.0/"  xmlns:rdf="http://www.w3.org/1999/02/22-rdf-syntax-ns#"><!--#RMC#process.name=arch_dsgn_ucprocess.guid=_ZaJxkZi5Ed6JmoH2XFiafAconfiguration.name=publish.practices_syseng_srs_alt-ibmconfiguration.guid=_Y2ehMMjnEd6Y2cxeBpJPWw#RMC#--><dc:identifier>se_uc_arch_dsgn</dc:identifier><dc:title>SE UC: Architectural Design</dc:title><dc:description></dc:description><rtc_cm:workItems><rtc_cm:task rdf:ID="item0"><dc:title>Architectural Design - Use-Case based</dc:title><dc:description>&#13;&#10;&#13;&#10;See &lt;a href=&quot;../../../SE_UC/practice.tech.syseng.arch_design_uc.base-ibm/capabilitypatterns/arch_dsgn_uc_C2F6DECF.html&quot;&gt;detailed description&lt;/a&gt;.</dc:description><rtc_cm:filedAgainst rdf:resource="${filedAgainst:Category}"/><rtc_cm:plannedFor rdf:resource="${plannedFor:Iteration}"/></rtc_cm:task><rtc_cm:task rdf:ID="item1"><dc:title>Joint Realization - Use-Case based</dc:title><dc:description>&#13;&#10;&#13;&#10;See &lt;a href=&quot;../../../SE_UC/practice.tech.syseng.arch_design_uc.base-ibm/capabilitypatterns/Joint%20Realization%20-%20uc_B3157281.html&quot;&gt;detailed description&lt;/a&gt;.</dc:description><rtc_cm:filedAgainst rdf:resource="${filedAgainst:Category}"/><rtc_cm:plannedFor rdf:resource="${plannedFor:Iteration}"/><rtc_cm:com.ibm.team.workitem.linktype.parentworkitem.parent rdf:resource="#item0"/></rtc_cm:task><rtc_cm:task rdf:ID="item2"><dc:title>Derive and/or Allocate Operations</dc:title><dc:description>This task describes how to derive and allocate the defined operations.&#13;&#10;&#13;&#10;See &lt;a href=&quot;../../../SE_UC/practice.tech.syseng.joint_realization.base-ibm/capabilitypatterns/derive_alloc_ops_5B077304.html&quot;&gt;detailed description&lt;/a&gt;.</dc:description><rtc_cm:filedAgainst rdf:resource="${filedAgainst:Category}"/><rtc_cm:plannedFor rdf:resource="${plannedFor:Iteration}"/><rtc_cm:com.ibm.team.workitem.linktype.parentworkitem.parent rdf:resource="#item1"/></rtc_cm:task><rtc_cm:task rdf:ID="item3"><dc:title>Create Ports and Interfaces per Subsystem</dc:title><dc:description>This task describes the steps involved in creating the ports and interfaces.&#13;&#10;&#13;&#10;See &lt;a href=&quot;../../../SE_UC/practice.tech.syseng.joint_realization.base-ibm/capabilitypatterns/create_ports_and_intfcs_455B649B.html&quot;&gt;detailed description&lt;/a&gt;.</dc:description><rtc_cm:filedAgainst rdf:resource="${filedAgainst:Category}"/><rtc_cm:plannedFor rdf:resource="${plannedFor:Iteration}"/><rtc_cm:com.ibm.team.workitem.linktype.parentworkitem.parent rdf:resource="#item1"/><rtc_cm:com.ibm.team.workitem.linktype.blocksworkitem.dependsOn rdf:resource="#item4"/></rtc_cm:task><rtc_cm:task rdf:ID="item4"><dc:title>Generate Sequence Diagrams for each Subsystem</dc:title><dc:description>This task describes the steps involved in generating the sequence diagrams for each subsystem.&#13;&#10;&#13;&#10;See &lt;a href=&quot;../../../SE_UC/practice.tech.syseng.joint_realization.base-ibm/capabilitypatterns/gen_seq_diags_CE7F28D9.html&quot;&gt;detailed description&lt;/a&gt;.</dc:description><rtc_cm:filedAgainst rdf:resource="${filedAgainst:Category}"/><rtc_cm:plannedFor rdf:resource="${plannedFor:Iteration}"/><rtc_cm:com.ibm.team.workitem.linktype.parentworkitem.parent rdf:resource="#item1"/><rtc_cm:com.ibm.team.workitem.linktype.blocksworkitem.dependsOn rdf:resource="#item2"/></rtc_cm:task><rtc_cm:task rdf:ID="item5"><dc:title>Create Statecharts for each Subsystem</dc:title><dc:description>This task defines the state based behavior for the elements defined during the system decomposition.&#13;&#10;&#13;&#10;Steps:&#13;&#10;    - Identify wait states and action states&#13;&#10;    - Identify transitions, triggering events and associated actions&#13;&#10;&#13;&#10;See &lt;a href=&quot;../../../SE_UC/practice.tech.syseng.arch_design_uc.base-ibm/capabilitypatterns/create_sc_per_subsys.uc_9F6A2941.html&quot;&gt;detailed description&lt;/a&gt;.</dc:description><rtc_cm:filedAgainst rdf:resource="${filedAgainst:Category}"/><rtc_cm:plannedFor rdf:resource="${plannedFor:Iteration}"/><rtc_cm:com.ibm.team.workitem.linktype.parentworkitem.parent rdf:resource="#item0"/></rtc_cm:task><rtc_cm:task rdf:ID="item6"><dc:title>Verify Statecharts for each Subsystem</dc:title><dc:description>This task describes the steps needed for the verification/validation of the elements defined during system decomposition.&#13;&#10;&#13;&#10;Steps:&#13;&#10;    - Execute the Statechart&#13;&#10;    - Refactor the Statechart&#13;&#10;    - Execute the Hierarchical Statechart&#13;&#10;&#13;&#10;See &lt;a href=&quot;../../../SE_UC/practice.tech.syseng.arch_design_uc.base-ibm/capabilitypatterns/ver_sc_for_subsys.uc_4F901B03.html&quot;&gt;detailed description&lt;/a&gt;.</dc:description><rtc_cm:filedAgainst rdf:resource="${filedAgainst:Category}"/><rtc_cm:plannedFor rdf:resource="${plannedFor:Iteration}"/><rtc_cm:com.ibm.team.workitem.linktype.parentworkitem.parent rdf:resource="#item0"/><rtc_cm:com.ibm.team.workitem.linktype.blocksworkitem.dependsOn rdf:resource="#item5"/></rtc_cm:task><rtc_cm:task rdf:ID="item7"><dc:title>Verify Collaborations</dc:title><dc:description>This task excutes the architecture model to verify expected system behavior.&#13;&#10;&#13;&#10;Steps:&#13;&#10;    - Model actor block state-based behavior&#13;&#10;    - Execute the model&#13;&#10;    - Compare the generated sequence diagrams with the use-case ones&#13;&#10;&#13;&#10;See &lt;a href=&quot;../../../SE_UC/practice.tech.syseng.arch_design_uc.base-ibm/capabilitypatterns/verify_collaborations.uc_C0290856.html&quot;&gt;detailed description&lt;/a&gt;.</dc:description><rtc_cm:filedAgainst rdf:resource="${filedAgainst:Category}"/><rtc_cm:plannedFor rdf:resource="${plannedFor:Iteration}"/><rtc_cm:com.ibm.team.workitem.linktype.parentworkitem.parent rdf:resource="#item0"/><rtc_cm:com.ibm.team.workitem.linktype.blocksworkitem.dependsOn rdf:resource="#item6"/></rtc_cm:task><rtc_cm:task rdf:ID="item8"><dc:title>Allocate Nonfunctional Requirements</dc:title><dc:description>This task allocates non-functional requirements to each sub-block of the chosen architecture.&#13;&#10;&#13;&#10;Steps:&#13;&#10;    - Link system blocks to non-functional requirements&#13;&#10;    - Update traceability records&#13;&#10;&#13;&#10;See &lt;a href=&quot;../../../SE_UC/practice.tech.syseng.arch_design_uc.base-ibm/capabilitypatterns/allocate_nfr.uc_C17EE6C4.html&quot;&gt;detailed description&lt;/a&gt;.</dc:description><rtc_cm:filedAgainst rdf:resource="${filedAgainst:Category}"/><rtc_cm:plannedFor rdf:resource="${plannedFor:Iteration}"/><rtc_cm:com.ibm.team.workitem.linktype.parentworkitem.parent rdf:resource="#item0"/><rtc_cm:com.ibm.team.workitem.linktype.blocksworkitem.dependsOn rdf:resource="#item7"/></rtc_cm:task><rtc_cm:task rdf:ID="item9"><dc:title>Prioritize Subsystems</dc:title><dc:description>This task is where the subsystems are prioritized, so that their order of development or further refinement can be decided.&#13;&#10;&#13;&#10;See &lt;a href=&quot;../../../SE_UC/practice.tech.syseng.arch_design_uc.base-ibm/capabilitypatterns/prioritize_subsystems.uc_784DC83B.html&quot;&gt;detailed description&lt;/a&gt;.</dc:description><rtc_cm:filedAgainst rdf:resource="${filedAgainst:Category}"/><rtc_cm:plannedFor rdf:resource="${plannedFor:Iteration}"/><rtc_cm:com.ibm.team.workitem.linktype.parentworkitem.parent rdf:resource="#item0"/><rtc_cm:com.ibm.team.workitem.linktype.blocksworkitem.dependsOn rdf:resource="#item8"/></rtc_cm:task></rtc_cm:workItems></rtc_cm:WorkItemTemplate>