<?xml version="1.0" encoding="UTF-8"?>
<rtc_cm:WorkItemTemplate
  xmlns:dc="http://purl.org/dc/terms/"
  xmlns:rtc_cm="http://jazz.net/xmlns/prod/jazz/rtc/cm/1.0/"
  xmlns:rdf="http://www.w3.org/1999/02/22-rdf-syntax-ns#">
<!--#RMC#
process.name=elab_srs
process.guid=_xPSq8WG0Ed6ByZ91UzrddQ
configuration.name=publish.practices_syseng_srs_alt-ibm
configuration.guid=_Y2ehMMjnEd6Y2cxeBpJPWw
#RMC#-->
<dc:identifier>se_chng_hndl</dc:identifier>
<dc:title>Change Handling</dc:title>
<dc:description></dc:description>
<rtc_cm:workItems>
<rtc_cm:enhancement rdf:ID="item0">
<dc:title>SysCR -</dc:title>
<dc:description>&#13;&#10;&#13;&#10;For general guidance see &lt;a href=&quot;../../../SE_UC/practice.tech.syseng.common.extend_doors-ibm/guidances/guidelines/doors_rtc_rch_F22107E9.html&quot;&gt;Change Handling Guidelines&lt;/a&gt;.</dc:description>
<rtc_cm:filedAgainst rdf:resource="${filedAgainst:Category}"/>
<rtc_cm:plannedFor rdf:resource="${plannedFor:Iteration}"/>
</rtc_cm:enhancement>
<rtc_cm:change_request rdf:ID="item1">
<dc:title>RCR -</dc:title>
<dc:description>&#13;&#10;&#13;&#10;For general guidance see &lt;a href=&quot;../../../SE_UC/practice.tech.syseng.common.extend_doors-ibm/guidances/guidelines/doors_rtc_rch_F22107E9.html&quot;&gt;Change Handling Guidelines&lt;/a&gt;.</dc:description>
<rtc_cm:filedAgainst rdf:resource="${filedAgainst:Category}"/>
<rtc_cm:plannedFor rdf:resource="${plannedFor:Iteration}"/>
<rtc_cm:com.ibm.team.workitem.linktype.parentworkitem.parent rdf:resource="#item0"/>
</rtc_cm:change_request>
<rtc_cm:change_request rdf:ID="item2">
<dc:title>MCR -</dc:title>
<dc:description>&#13;&#10;&#13;&#10;For general guidance see &lt;a href=&quot;../../../SE_UC/practice.tech.syseng.common.extend_doors-ibm/guidances/guidelines/doors_rtc_rch_F22107E9.html&quot;&gt;Change Handling Guidelines&lt;/a&gt;.</dc:description>
<rtc_cm:filedAgainst rdf:resource="${filedAgainst:Category}"/>
<rtc_cm:plannedFor rdf:resource="${plannedFor:Iteration}"/>
<rtc_cm:com.ibm.team.workitem.linktype.parentworkitem.parent rdf:resource="#item0"/>
</rtc_cm:change_request>
<rtc_cm:change_request rdf:ID="item4">
<dc:title>HwCR -</dc:title>
<dc:description>&#13;&#10;&#13;&#10;For general guidance see &lt;a href=&quot;../../../SE_UC/practice.tech.syseng.common.extend_doors-ibm/guidances/guidelines/doors_rtc_rch_F22107E9.html&quot;&gt;Change Handling Guidelines&lt;/a&gt;.</dc:description>
<rtc_cm:filedAgainst rdf:resource="${filedAgainst:Category}"/>
<rtc_cm:plannedFor rdf:resource="${plannedFor:Iteration}"/>
<rtc_cm:com.ibm.team.workitem.linktype.parentworkitem.parent rdf:resource="#item0"/>
</rtc_cm:change_request>
<rtc_cm:change_request rdf:ID="item5">
<dc:title>SwCR -</dc:title>
<dc:description>&#13;&#10;&#13;&#10;For general guidance see &lt;a href=&quot;../../../SE_UC/practice.tech.syseng.common.extend_doors-ibm/guidances/guidelines/doors_rtc_rch_F22107E9.html&quot;&gt;Change Handling Guidelines&lt;/a&gt;.</dc:description>
<rtc_cm:filedAgainst rdf:resource="${filedAgainst:Category}"/>
<rtc_cm:plannedFor rdf:resource="${plannedFor:Iteration}"/>
<rtc_cm:com.ibm.team.workitem.linktype.parentworkitem.parent rdf:resource="#item0"/>
</rtc_cm:change_request>
<rtc_cm:change_request rdf:ID="item3">
<dc:title>TCR -</dc:title>
<dc:description>&#13;&#10;&#13;&#10;For general guidance see &lt;a href=&quot;../../../SE_UC/practice.tech.syseng.common.extend_doors-ibm/guidances/guidelines/doors_rtc_rch_F22107E9.html&quot;&gt;Change Handling Guidelines&lt;/a&gt;.</dc:description>
<rtc_cm:filedAgainst rdf:resource="${filedAgainst:Category}"/>
<rtc_cm:plannedFor rdf:resource="${plannedFor:Iteration}"/>
<rtc_cm:com.ibm.team.workitem.linktype.parentworkitem.parent rdf:resource="#item0"/>
</rtc_cm:change_request>
</rtc_cm:workItems>
</rtc_cm:WorkItemTemplate>
