<?xml version="1.0" encoding="UTF-8"?><rtc_cm:WorkItemTemplate  xmlns:dc="http://purl.org/dc/terms/"  xmlns:rtc_cm="http://jazz.net/xmlns/prod/jazz/rtc/cm/1.0/"  xmlns:rdf="http://www.w3.org/1999/02/22-rdf-syntax-ns#"><!--#RMC#process.name=monitor_control_testprocess.guid=_z3NcAb8TEdyfOezAyKOVXQconfiguration.name=configuration.guid=_03fg5QZ3EeKXLaiBtahMmw#RMC#--><dc:identifier>monitor_control_test</dc:identifier><dc:title>Monitor and Control Test</dc:title><dc:description></dc:description><rtc_cm:workItems><rtc_cm:task rdf:ID="_03fg4AZ3EeKXLaiBtahMmw"><dc:title>Monitor and Control Test</dc:title><dc:description>Monitor and control the test effort against the agreed upon plan and deliver a useful evaluation result to the stakeholders.&#13;&#10;&#13;&#10;See &lt;a href=&quot;../../../SE_UC/practice.tech.test_mgmt.base-ibm/capabilitypatterns/monitor_control_test_87028665.html&quot;&gt;detailed description&lt;/a&gt;.</dc:description><rtc_cm:filedAgainst rdf:resource="${filedAgainst:Category}"/><rtc_cm:plannedFor rdf:resource="${plannedFor:Iteration}"/></rtc_cm:task><rtc_cm:task rdf:ID="_03fg4QZ3EeKXLaiBtahMmw"><dc:title>Monitor Test Effort</dc:title><dc:description>This task focuses on making timely changes in the form of metrics-based corrections to the test effort in order to increase its effectiveness.&#13;&#10;&#13;&#10;Steps:&#13;&#10;    - Capture Work Status &#13;&#10;    - Gather Test Effort Productivity and Effectiveness Metrics &#13;&#10;    - Gather Change Request Distribution, Trend and Aging Metrics &#13;&#10;    - Gather Traceability, Coverage and Dependency Metrics &#13;&#10;    - Evaluate Metrics and Formulate Initial Assessment &#13;&#10;    - Record Findings &#13;&#10;    - Plan and Implement Improvement Initiatives &#13;&#10;    - Monitor and Support Improvement Initiatives &#13;&#10;    - Evaluate and Verify Your Results &#13;&#10;&#13;&#10;See &lt;a href=&quot;../../../SE_UC/practice.tech.test_mgmt.base-ibm/capabilitypatterns/monitor_test_effort_8672CB23.html&quot;&gt;detailed description&lt;/a&gt;.</dc:description><rtc_cm:filedAgainst rdf:resource="${filedAgainst:Category}"/><rtc_cm:plannedFor rdf:resource="${plannedFor:Iteration}"/><rtc_cm:com.ibm.team.workitem.linktype.parentworkitem.parent rdf:resource="#_03fg4AZ3EeKXLaiBtahMmw"/></rtc_cm:task><rtc_cm:task rdf:ID="_03fg4gZ3EeKXLaiBtahMmw"><dc:title>Communicate Test Project Status</dc:title><dc:description>This task focuses on providing the development team with timely information on the status of the test effort.&#13;&#10;&#13;&#10;Steps:&#13;&#10;    - Capture Status Against the Test Plan&#13;&#10;    - Communicate Testing Issues to Development Team&#13;&#10;    - Hold Test Effort Review Meetings with Development Team&#13;&#10;    - Provide Development Team with Test Reports on a Timely Basis&#13;&#10;&#13;&#10;See &lt;a href=&quot;../../../SE_UC/practice.tech.test_mgmt.base-ibm/capabilitypatterns/comunicate_test_project_status_ECE05061.html&quot;&gt;detailed description&lt;/a&gt;.</dc:description><rtc_cm:filedAgainst rdf:resource="${filedAgainst:Category}"/><rtc_cm:plannedFor rdf:resource="${plannedFor:Iteration}"/><rtc_cm:com.ibm.team.workitem.linktype.parentworkitem.parent rdf:resource="#_03fg4AZ3EeKXLaiBtahMmw"/><rtc_cm:com.ibm.team.workitem.linktype.blocksworkitem.dependsOn rdf:resource="#_03fg4QZ3EeKXLaiBtahMmw"/></rtc_cm:task><rtc_cm:task rdf:ID="_03fg4wZ3EeKXLaiBtahMmw"><dc:title>Refine Test Process</dc:title><dc:description>This task focuses on ensuring that the test process being used is appropriate for a given test effort.&#13;&#10;&#13;&#10;Steps:&#13;&#10;    - Determine Nature of Testing&#13;&#10;    - Ensure Test Process Supports Testing Context&#13;&#10;    - Capture Test Process Configuration in Test Plan&#13;&#10;    - Review Test Process Configuration with Test Team&#13;&#10;&#13;&#10;See &lt;a href=&quot;../../../SE_UC/practice.tech.test_mgmt.base-ibm/capabilitypatterns/refine_test_process_3CD25456.html&quot;&gt;detailed description&lt;/a&gt;.</dc:description><rtc_cm:filedAgainst rdf:resource="${filedAgainst:Category}"/><rtc_cm:plannedFor rdf:resource="${plannedFor:Iteration}"/><rtc_cm:com.ibm.team.workitem.linktype.parentworkitem.parent rdf:resource="#_03fg4AZ3EeKXLaiBtahMmw"/></rtc_cm:task><rtc_cm:task rdf:ID="_03fg5AZ3EeKXLaiBtahMmw"><dc:title>Refine Test Plan</dc:title><dc:description>This task focuses on planning the test for the iteration.&#13;&#10;&#13;&#10;Steps:&#13;&#10;    - Align Test Approach with Test Mission and Objectives&#13;&#10;    - Define Test Scope and Goals&#13;&#10;    - Define Testing Risks and Contingencies&#13;&#10;    - Outline Test Cases and Define Priorities and Dependencies&#13;&#10;    - Define Test Configurations&#13;&#10;    - Define Schedule and Entry and Exit Criteria&#13;&#10;    - Create and Integrate Plans&#13;&#10;    - Review Test Plan with Stakeholders&#13;&#10;&#13;&#10;See &lt;a href=&quot;../../../SE_UC/practice.tech.test_mgmt.base-ibm/capabilitypatterns/plan_test_effort_627FB147.html&quot;&gt;detailed description&lt;/a&gt;.</dc:description><rtc_cm:filedAgainst rdf:resource="${filedAgainst:Category}"/><rtc_cm:plannedFor rdf:resource="${plannedFor:Iteration}"/><rtc_cm:com.ibm.team.workitem.linktype.parentworkitem.parent rdf:resource="#_03fg4AZ3EeKXLaiBtahMmw"/></rtc_cm:task></rtc_cm:workItems></rtc_cm:WorkItemTemplate>