<?xml version="1.0" encoding="UTF-8"?><rtc_cm:WorkItemTemplate  xmlns:dc="http://purl.org/dc/terms/"  xmlns:rtc_cm="http://jazz.net/xmlns/prod/jazz/rtc/cm/1.0/"  xmlns:rdf="http://www.w3.org/1999/02/22-rdf-syntax-ns#"><!--#RMC#process.name=plan_test_cycleprocess.guid=_YnUjQb8TEdyfOezAyKOVXQconfiguration.name=configuration.guid=_9hDXtgZ3EeKXLaiBtahMmw#RMC#--><dc:identifier>plan_test_cycle</dc:identifier><dc:title>Plan Test Cycle</dc:title><dc:description></dc:description><rtc_cm:workItems><rtc_cm:task rdf:ID="_9hDXsAZ3EeKXLaiBtahMmw"><dc:title>Plan Test Cycle</dc:title><dc:description>Identify the appropriate focus of the test effort for the cycle, and gain agreement with stakeholders on the corresponding goals that will direct the test effort.&#13;&#10;&#13;&#10;See &lt;a href=&quot;../../../SE_UC/practice.tech.test_mgmt.base-ibm/capabilitypatterns/plan_test_cycle_5539B771.html&quot;&gt;detailed description&lt;/a&gt;.</dc:description><rtc_cm:filedAgainst rdf:resource="${filedAgainst:Category}"/><rtc_cm:plannedFor rdf:resource="${plannedFor:Iteration}"/></rtc_cm:task><rtc_cm:task rdf:ID="_9hDXsQZ3EeKXLaiBtahMmw"><dc:title>Identify Test Motivators</dc:title><dc:description>This task describes how to identify the specific list of things, including both events and work products, that will serve to motivate testing in a given iteration.&#13;&#10;&#13;&#10;Steps:&#13;&#10;    - Identify Iteration Target Items &#13;&#10;    - Gather and Examine Related Information &#13;&#10;    - Identify Candidate Motivators &#13;&#10;    - Determine Quality Risks &#13;&#10;    - Prioritize the List of Test Motivators &#13;&#10;    - Maintain Traceability Relationships &#13;&#10;    - Evaluate and Verify Motivators&#13;&#10;&#13;&#10;See &lt;a href=&quot;../../../SE_UC/practice.tech.test_mgmt.base-ibm/capabilitypatterns/identify_test_motivators_79F5528B.html&quot;&gt;detailed description&lt;/a&gt;.</dc:description><rtc_cm:filedAgainst rdf:resource="${filedAgainst:Category}"/><rtc_cm:plannedFor rdf:resource="${plannedFor:Iteration}"/><rtc_cm:com.ibm.team.workitem.linktype.parentworkitem.parent rdf:resource="#_9hDXsAZ3EeKXLaiBtahMmw"/></rtc_cm:task><rtc_cm:task rdf:ID="_9hDXsgZ3EeKXLaiBtahMmw"><dc:title>Agree on the Mission</dc:title><dc:description>This task focuses on finding the right balance between the available testing resources and the objectives for the iteration.&#13;&#10;&#13;&#10;Steps:&#13;&#10;    - Understand Iteration Objectives&#13;&#10;    - Investigate Options for the Scope of the Assessment Effort&#13;&#10;    - Present Options to Stakeholders&#13;&#10;    - Formulate Mission Statement&#13;&#10;    - Identify Test Deliverables&#13;&#10;    - Gain Stakeholder Agreement&#13;&#10;&#13;&#10;See &lt;a href=&quot;../../../SE_UC/practice.tech.test_mgmt.base-ibm/capabilitypatterns/agree_on_mission_A1C0A966.html&quot;&gt;detailed description&lt;/a&gt;.</dc:description><rtc_cm:filedAgainst rdf:resource="${filedAgainst:Category}"/><rtc_cm:plannedFor rdf:resource="${plannedFor:Iteration}"/><rtc_cm:com.ibm.team.workitem.linktype.parentworkitem.parent rdf:resource="#_9hDXsAZ3EeKXLaiBtahMmw"/><rtc_cm:com.ibm.team.workitem.linktype.blocksworkitem.dependsOn rdf:resource="#_9hDXsQZ3EeKXLaiBtahMmw"/></rtc_cm:task><rtc_cm:task rdf:ID="_9hDXswZ3EeKXLaiBtahMmw"><dc:title>Plan Test Effort</dc:title><dc:description>This task focuses on planning the test for the iteration.&#13;&#10;&#13;&#10;Steps:&#13;&#10;    - Align Test Approach with Test Mission and Objectives&#13;&#10;    - Define Test Scope and Goals&#13;&#10;    - Define Testing Risks and Contingencies&#13;&#10;    - Outline Test Cases and Define Priorities and Dependencies&#13;&#10;    - Define Test Configurations&#13;&#10;    - Define Schedule and Entry and Exit Criteria&#13;&#10;    - Create and Integrate Plans&#13;&#10;    - Review Test Plan with Stakeholders&#13;&#10;&#13;&#10;See &lt;a href=&quot;../../../SE_UC/practice.tech.test_mgmt.base-ibm/capabilitypatterns/plan_test_effort_D4B83FCB.html&quot;&gt;detailed description&lt;/a&gt;.</dc:description><rtc_cm:filedAgainst rdf:resource="${filedAgainst:Category}"/><rtc_cm:plannedFor rdf:resource="${plannedFor:Iteration}"/><rtc_cm:com.ibm.team.workitem.linktype.parentworkitem.parent rdf:resource="#_9hDXsAZ3EeKXLaiBtahMmw"/><rtc_cm:com.ibm.team.workitem.linktype.blocksworkitem.dependsOn rdf:resource="#_9hDXsgZ3EeKXLaiBtahMmw"/></rtc_cm:task><rtc_cm:task rdf:ID="_9hDXtAZ3EeKXLaiBtahMmw"><dc:title>Plan Team Preparation</dc:title><dc:description>This task focuses on preparing the test team based on specific test project needs.&#13;&#10;&#13;&#10;Steps:&#13;&#10;    - Determine Test Team Skill Requirements&#13;&#10;    - Capture Test Team Preparation Requirements&#13;&#10;    - Compile Comprehensive List of Test Team Preparation Objectives&#13;&#10;    - Discuss Test Team Role and Responsibility Assignment with Test Staff&#13;&#10;    - Review Test Team Preparation Plan&#13;&#10;&#13;&#10;See &lt;a href=&quot;../../../SE_UC/practice.tech.test_mgmt.base-ibm/capabilitypatterns/plan_team_preparation_7EA01E86.html&quot;&gt;detailed description&lt;/a&gt;.</dc:description><rtc_cm:filedAgainst rdf:resource="${filedAgainst:Category}"/><rtc_cm:plannedFor rdf:resource="${plannedFor:Iteration}"/><rtc_cm:com.ibm.team.workitem.linktype.parentworkitem.parent rdf:resource="#_9hDXsAZ3EeKXLaiBtahMmw"/></rtc_cm:task><rtc_cm:task rdf:ID="_9hDXtQZ3EeKXLaiBtahMmw"><dc:title>Refine Test Process</dc:title><dc:description>This task focuses on ensuring that the test process being used is appropriate for a given test effort.&#13;&#10;&#13;&#10;Steps:&#13;&#10;    - Determine Nature of Testing&#13;&#10;    - Ensure Test Process Supports Testing Context&#13;&#10;    - Capture Test Process Configuration in Test Plan&#13;&#10;    - Review Test Process Configuration with Test Team&#13;&#10;&#13;&#10;See &lt;a href=&quot;../../../SE_UC/practice.tech.test_mgmt.base-ibm/capabilitypatterns/refine_test_process_7E538838.html&quot;&gt;detailed description&lt;/a&gt;.</dc:description><rtc_cm:filedAgainst rdf:resource="${filedAgainst:Category}"/><rtc_cm:plannedFor rdf:resource="${plannedFor:Iteration}"/><rtc_cm:com.ibm.team.workitem.linktype.parentworkitem.parent rdf:resource="#_9hDXsAZ3EeKXLaiBtahMmw"/></rtc_cm:task></rtc_cm:workItems></rtc_cm:WorkItemTemplate>