<?xml version="1.0" encoding="UTF-8"?><rtc_cm:WorkItemTemplate  xmlns:dc="http://purl.org/dc/terms/"  xmlns:rtc_cm="http://jazz.net/xmlns/prod/jazz/rtc/cm/1.0/"  xmlns:rdf="http://www.w3.org/1999/02/22-rdf-syntax-ns#"><!--#RMC#process.name=Perform Acceptance Testingprocess.guid=_bH0Fweb-EeGcDsTeRQzr_Qconfiguration.name=configuration.guid=_y7v7BgZ5EeKXLaiBtahMmw#RMC#--><dc:identifier>perform_acceptance_testing</dc:identifier><dc:title>Perform Acceptance Testing</dc:title><dc:description></dc:description><rtc_cm:workItems><rtc_cm:task rdf:ID="_y7v7AAZ5EeKXLaiBtahMmw"><dc:title>Perform Acceptance Testing</dc:title><dc:description>&#13;&#10;&#13;&#10;See &lt;a href=&quot;../../../SE_UC/practice.tech.syseng.system_testing.base-ibm/capabilitypatterns/Perform%20Acceptance%20Testing_4A8D8279.html&quot;&gt;detailed description&lt;/a&gt;.</dc:description><rtc_cm:filedAgainst rdf:resource="${filedAgainst:Category}"/><rtc_cm:plannedFor rdf:resource="${plannedFor:Iteration}"/></rtc_cm:task><rtc_cm:task rdf:ID="_y7v7AQZ5EeKXLaiBtahMmw"><dc:title>Identify Test Cases for Acceptance Testing</dc:title><dc:description>This task describes how to identify the test cases for acceptance testing covering both system verification and system validation.&#13;&#10;&#13;&#10;See &lt;a href=&quot;../../../SE_UC/practice.tech.syseng.system_testing.base-ibm/capabilitypatterns/id_accept_test_cases_51BF67BE.html&quot;&gt;detailed description&lt;/a&gt;.</dc:description><rtc_cm:filedAgainst rdf:resource="${filedAgainst:Category}"/><rtc_cm:plannedFor rdf:resource="${plannedFor:Iteration}"/><rtc_cm:com.ibm.team.workitem.linktype.parentworkitem.parent rdf:resource="#_y7v7AAZ5EeKXLaiBtahMmw"/></rtc_cm:task><rtc_cm:task rdf:ID="_y7v7AgZ5EeKXLaiBtahMmw"><dc:title>Develop Test Cases for Acceptance Testing</dc:title><dc:description>This task describes how to develop the test cases and test data for acceptance testing covering both system verification and system validation.&#13;&#10;&#13;&#10;See &lt;a href=&quot;../../../SE_UC/practice.tech.syseng.system_testing.base-ibm/capabilitypatterns/dev_accept_test_cases_A967B67E.html&quot;&gt;detailed description&lt;/a&gt;.</dc:description><rtc_cm:filedAgainst rdf:resource="${filedAgainst:Category}"/><rtc_cm:plannedFor rdf:resource="${plannedFor:Iteration}"/><rtc_cm:com.ibm.team.workitem.linktype.parentworkitem.parent rdf:resource="#_y7v7AAZ5EeKXLaiBtahMmw"/><rtc_cm:com.ibm.team.workitem.linktype.blocksworkitem.dependsOn rdf:resource="#_y7v7AQZ5EeKXLaiBtahMmw"/></rtc_cm:task><rtc_cm:task rdf:ID="_y7v7AwZ5EeKXLaiBtahMmw"><dc:title>Execute Tests</dc:title><dc:description>This task describes how to run tests required to evaluate product quality, and how to capture test results that facilitate ongoing assessment of the system.&#13;&#10;&#13;&#10;See &lt;a href=&quot;../../../SE_UC/practice.tech.syseng.system_testing.base-ibm/capabilitypatterns/sys_exec_test_C92E1335.html&quot;&gt;detailed description&lt;/a&gt;.</dc:description><rtc_cm:filedAgainst rdf:resource="${filedAgainst:Category}"/><rtc_cm:plannedFor rdf:resource="${plannedFor:Iteration}"/><rtc_cm:com.ibm.team.workitem.linktype.parentworkitem.parent rdf:resource="#_y7v7AAZ5EeKXLaiBtahMmw"/><rtc_cm:com.ibm.team.workitem.linktype.blocksworkitem.dependsOn rdf:resource="#_y7v7AgZ5EeKXLaiBtahMmw"/></rtc_cm:task><rtc_cm:task rdf:ID="_y7v7BAZ5EeKXLaiBtahMmw"><dc:title>Analyze Results</dc:title><dc:description>This task focuses on locating, isolating, and diagnosing test results, and then documenting them effectively.&#13;&#10;&#13;&#10;See &lt;a href=&quot;../../../SE_UC/practice.tech.syseng.system_testing.base-ibm/capabilitypatterns/sys_analyze_results_627950BC.html&quot;&gt;detailed description&lt;/a&gt;.</dc:description><rtc_cm:filedAgainst rdf:resource="${filedAgainst:Category}"/><rtc_cm:plannedFor rdf:resource="${plannedFor:Iteration}"/><rtc_cm:com.ibm.team.workitem.linktype.parentworkitem.parent rdf:resource="#_y7v7AAZ5EeKXLaiBtahMmw"/><rtc_cm:com.ibm.team.workitem.linktype.blocksworkitem.dependsOn rdf:resource="#_y7v7AwZ5EeKXLaiBtahMmw"/></rtc_cm:task><rtc_cm:task rdf:ID="_y7v7BQZ5EeKXLaiBtahMmw"><dc:title>Get Customer Signoff</dc:title><dc:description>Often, completing System Acceptance Tests is the final schedule milestone before shipping the product.  For custom systems, the customer will witness and sign off on the completed test.&#13;&#10;&#13;&#10;See &lt;a href=&quot;../../../SE_UC/practice.tech.syseng.system_testing.base-ibm/capabilitypatterns/get_signoff_2B12B41B.html&quot;&gt;detailed description&lt;/a&gt;.</dc:description><rtc_cm:filedAgainst rdf:resource="${filedAgainst:Category}"/><rtc_cm:plannedFor rdf:resource="${plannedFor:Iteration}"/><rtc_cm:com.ibm.team.workitem.linktype.parentworkitem.parent rdf:resource="#_y7v7AAZ5EeKXLaiBtahMmw"/><rtc_cm:com.ibm.team.workitem.linktype.blocksworkitem.dependsOn rdf:resource="#_y7v7BAZ5EeKXLaiBtahMmw"/></rtc_cm:task></rtc_cm:workItems></rtc_cm:WorkItemTemplate>