<?xml version="1.0" encoding="UTF-8"?><rtc_cm:WorkItemTemplate  xmlns:dc="http://purl.org/dc/terms/"  xmlns:rtc_cm="http://jazz.net/xmlns/prod/jazz/rtc/cm/1.0/"  xmlns:rdf="http://www.w3.org/1999/02/22-rdf-syntax-ns#"><!--#RMC#process.name=Perform Component Integration Testingprocess.guid=_xVLxweb8EeGcDsTeRQzr_Qconfiguration.name=configuration.guid=_9-eopQZ5EeKXLaiBtahMmw#RMC#--><dc:identifier>perform_comp_int_testing</dc:identifier><dc:title>Perform Component Integration Testing</dc:title><dc:description></dc:description><rtc_cm:workItems><rtc_cm:task rdf:ID="_9-eooAZ5EeKXLaiBtahMmw"><dc:title>Perform Component Integration Testing</dc:title><dc:description>&#13;&#10;&#13;&#10;See &lt;a href=&quot;../../../SE_UC/practice.tech.syseng.system_testing.base-ibm/capabilitypatterns/Perform%20Component%20Integration%20Testing_E7D11412.html&quot;&gt;detailed description&lt;/a&gt;.</dc:description><rtc_cm:filedAgainst rdf:resource="${filedAgainst:Category}"/><rtc_cm:plannedFor rdf:resource="${plannedFor:Iteration}"/></rtc_cm:task><rtc_cm:task rdf:ID="_9-eooQZ5EeKXLaiBtahMmw"><dc:title>Indentify Test Cases for Component Integration</dc:title><dc:description>This task describes how to identify the test cases for component integration testing.&#13;&#10;&#13;&#10;See &lt;a href=&quot;../../../SE_UC/practice.tech.syseng.system_testing.base-ibm/capabilitypatterns/id_comp_int_test_cases_C1AF9EE8.html&quot;&gt;detailed description&lt;/a&gt;.</dc:description><rtc_cm:filedAgainst rdf:resource="${filedAgainst:Category}"/><rtc_cm:plannedFor rdf:resource="${plannedFor:Iteration}"/><rtc_cm:com.ibm.team.workitem.linktype.parentworkitem.parent rdf:resource="#_9-eooAZ5EeKXLaiBtahMmw"/></rtc_cm:task><rtc_cm:task rdf:ID="_9-eoogZ5EeKXLaiBtahMmw"><dc:title>Develop Test Cases for Component Integration</dc:title><dc:description>This task describes how to develop the test cases and test data for component integration testing.&#13;&#10;&#13;&#10;See &lt;a href=&quot;../../../SE_UC/practice.tech.syseng.system_testing.base-ibm/capabilitypatterns/dev_comp_int_test_cases_F015727E.html&quot;&gt;detailed description&lt;/a&gt;.</dc:description><rtc_cm:filedAgainst rdf:resource="${filedAgainst:Category}"/><rtc_cm:plannedFor rdf:resource="${plannedFor:Iteration}"/><rtc_cm:com.ibm.team.workitem.linktype.parentworkitem.parent rdf:resource="#_9-eooAZ5EeKXLaiBtahMmw"/><rtc_cm:com.ibm.team.workitem.linktype.blocksworkitem.dependsOn rdf:resource="#_9-eooQZ5EeKXLaiBtahMmw"/></rtc_cm:task><rtc_cm:task rdf:ID="_9-eoowZ5EeKXLaiBtahMmw"><dc:title>Execute Tests</dc:title><dc:description>This task describes how to run tests required to evaluate product quality, and how to capture test results that facilitate ongoing assessment of the system.&#13;&#10;&#13;&#10;See &lt;a href=&quot;../../../SE_UC/practice.tech.syseng.system_testing.base-ibm/capabilitypatterns/sys_exec_test_38A25968.html&quot;&gt;detailed description&lt;/a&gt;.</dc:description><rtc_cm:filedAgainst rdf:resource="${filedAgainst:Category}"/><rtc_cm:plannedFor rdf:resource="${plannedFor:Iteration}"/><rtc_cm:com.ibm.team.workitem.linktype.parentworkitem.parent rdf:resource="#_9-eooAZ5EeKXLaiBtahMmw"/><rtc_cm:com.ibm.team.workitem.linktype.blocksworkitem.dependsOn rdf:resource="#_9-eoogZ5EeKXLaiBtahMmw"/></rtc_cm:task><rtc_cm:task rdf:ID="_9-eopAZ5EeKXLaiBtahMmw"><dc:title>Analyze Results</dc:title><dc:description>This task focuses on locating, isolating, and diagnosing test results, and then documenting them effectively.&#13;&#10;&#13;&#10;See &lt;a href=&quot;../../../SE_UC/practice.tech.syseng.system_testing.base-ibm/capabilitypatterns/sys_analyze_results_D941FA69.html&quot;&gt;detailed description&lt;/a&gt;.</dc:description><rtc_cm:filedAgainst rdf:resource="${filedAgainst:Category}"/><rtc_cm:plannedFor rdf:resource="${plannedFor:Iteration}"/><rtc_cm:com.ibm.team.workitem.linktype.parentworkitem.parent rdf:resource="#_9-eooAZ5EeKXLaiBtahMmw"/><rtc_cm:com.ibm.team.workitem.linktype.blocksworkitem.dependsOn rdf:resource="#_9-eoowZ5EeKXLaiBtahMmw"/></rtc_cm:task></rtc_cm:workItems></rtc_cm:WorkItemTemplate>