<?xml version="1.0" encoding="UTF-8"?><rtc_cm:WorkItemTemplate  xmlns:dc="http://purl.org/dc/terms/"  xmlns:rtc_cm="http://jazz.net/xmlns/prod/jazz/rtc/cm/1.0/"  xmlns:rdf="http://www.w3.org/1999/02/22-rdf-syntax-ns#"><!--#RMC#process.name=Perform Systems Integration Testingprocess.guid=_3SXsceb9EeGcDsTeRQzr_Qconfiguration.name=configuration.guid=_F5YCpQZ6EeKXLaiBtahMmw#RMC#--><dc:identifier>perform_sys_int_testing</dc:identifier><dc:title>Perform System Integration Testing</dc:title><dc:description></dc:description><rtc_cm:workItems><rtc_cm:task rdf:ID="_F5YCoAZ6EeKXLaiBtahMmw"><dc:title>Perform Systems Integration Testing</dc:title><dc:description>&#13;&#10;&#13;&#10;See &lt;a href=&quot;../../../SE_UC/practice.tech.syseng.system_testing.base-ibm/capabilitypatterns/Perform%20Systems%20Integration%20Testing_55B2CA38.html&quot;&gt;detailed description&lt;/a&gt;.</dc:description><rtc_cm:filedAgainst rdf:resource="${filedAgainst:Category}"/><rtc_cm:plannedFor rdf:resource="${plannedFor:Iteration}"/></rtc_cm:task><rtc_cm:task rdf:ID="_F5YCoQZ6EeKXLaiBtahMmw"><dc:title>Identify Test Cases for Systems Integration</dc:title><dc:description>This task describes how to identify the test cases for systems testing.&#13;&#10;&#13;&#10;See &lt;a href=&quot;../../../SE_UC/practice.tech.syseng.system_testing.base-ibm/capabilitypatterns/id_sys_int_test_cases_A09C1C1D.html&quot;&gt;detailed description&lt;/a&gt;.</dc:description><rtc_cm:filedAgainst rdf:resource="${filedAgainst:Category}"/><rtc_cm:plannedFor rdf:resource="${plannedFor:Iteration}"/><rtc_cm:com.ibm.team.workitem.linktype.parentworkitem.parent rdf:resource="#_F5YCoAZ6EeKXLaiBtahMmw"/></rtc_cm:task><rtc_cm:task rdf:ID="_F5YCogZ6EeKXLaiBtahMmw"><dc:title>Develop Test Cases for Systems Integration</dc:title><dc:description>This task describes how to develop the test cases and test data for systems integration testing.&#13;&#10;&#13;&#10;See &lt;a href=&quot;../../../SE_UC/practice.tech.syseng.system_testing.base-ibm/capabilitypatterns/dev_sys_int_test_cases_1FF26358.html&quot;&gt;detailed description&lt;/a&gt;.</dc:description><rtc_cm:filedAgainst rdf:resource="${filedAgainst:Category}"/><rtc_cm:plannedFor rdf:resource="${plannedFor:Iteration}"/><rtc_cm:com.ibm.team.workitem.linktype.parentworkitem.parent rdf:resource="#_F5YCoAZ6EeKXLaiBtahMmw"/><rtc_cm:com.ibm.team.workitem.linktype.blocksworkitem.dependsOn rdf:resource="#_F5YCoQZ6EeKXLaiBtahMmw"/></rtc_cm:task><rtc_cm:task rdf:ID="_F5YCowZ6EeKXLaiBtahMmw"><dc:title>Execute Tests</dc:title><dc:description>This task describes how to run tests required to evaluate product quality, and how to capture test results that facilitate ongoing assessment of the system.&#13;&#10;&#13;&#10;See &lt;a href=&quot;../../../SE_UC/practice.tech.syseng.system_testing.base-ibm/capabilitypatterns/sys_exec_test_1A44F718.html&quot;&gt;detailed description&lt;/a&gt;.</dc:description><rtc_cm:filedAgainst rdf:resource="${filedAgainst:Category}"/><rtc_cm:plannedFor rdf:resource="${plannedFor:Iteration}"/><rtc_cm:com.ibm.team.workitem.linktype.parentworkitem.parent rdf:resource="#_F5YCoAZ6EeKXLaiBtahMmw"/><rtc_cm:com.ibm.team.workitem.linktype.blocksworkitem.dependsOn rdf:resource="#_F5YCogZ6EeKXLaiBtahMmw"/></rtc_cm:task><rtc_cm:task rdf:ID="_F5YCpAZ6EeKXLaiBtahMmw"><dc:title>Analyze Results</dc:title><dc:description>This task focuses on locating, isolating, and diagnosing test results, and then documenting them effectively.&#13;&#10;&#13;&#10;See &lt;a href=&quot;../../../SE_UC/practice.tech.syseng.system_testing.base-ibm/capabilitypatterns/sys_analyze_results_1A7D0F5A.html&quot;&gt;detailed description&lt;/a&gt;.</dc:description><rtc_cm:filedAgainst rdf:resource="${filedAgainst:Category}"/><rtc_cm:plannedFor rdf:resource="${plannedFor:Iteration}"/><rtc_cm:com.ibm.team.workitem.linktype.parentworkitem.parent rdf:resource="#_F5YCoAZ6EeKXLaiBtahMmw"/><rtc_cm:com.ibm.team.workitem.linktype.blocksworkitem.dependsOn rdf:resource="#_F5YCowZ6EeKXLaiBtahMmw"/></rtc_cm:task></rtc_cm:workItems></rtc_cm:WorkItemTemplate>