<?xml version="1.0" encoding="UTF-8"?><rtc_cm:WorkItemTemplate  xmlns:dc="http://purl.org/dc/terms/"  xmlns:rtc_cm="http://jazz.net/xmlns/prod/jazz/rtc/cm/1.0/"  xmlns:rdf="http://www.w3.org/1999/02/22-rdf-syntax-ns#"><!--#RMC#process.name=DO 178Bprocess.guid=_1XfvAW9iEeCJFoHdlpPovQconfiguration.name=configuration.guid=_-bKnVaNJEeCHu5XnACwLPw#RMC#--><dc:identifier>prespiral_planning</dc:identifier><dc:title>Prespiral Planning</dc:title><dc:description></dc:description><rtc_cm:workItems><rtc_cm:task rdf:ID="_NpSh4KNLEeCHu5XnACwLPw"><dc:title>Prespiral Planning</dc:title><dc:description>&#13;&#10;&#13;&#10;See &lt;a href=&quot;../../../do178/process.compliance.do178.base-ibm/deliveryprocesses/prespiral_planning_7E89D450.html&quot;&gt;detailed description&lt;/a&gt;.</dc:description><rtc_cm:filedAgainst rdf:resource="${filedAgainst:Category}"/><rtc_cm:plannedFor rdf:resource="${plannedFor:Iteration}"/></rtc_cm:task><rtc_cm:task rdf:ID="_NpSh4aNLEeCHu5XnACwLPw"><dc:title>Plan Project</dc:title><dc:description>&#13;&#10;&#13;&#10;See &lt;a href=&quot;../../../do178/process.compliance.do178.base-ibm/capabilitypatterns/Plan%20Project_DD273B64.html&quot;&gt;detailed description&lt;/a&gt;.</dc:description><rtc_cm:filedAgainst rdf:resource="${filedAgainst:Category}"/><rtc_cm:plannedFor rdf:resource="${plannedFor:Iteration}"/><rtc_cm:com.ibm.team.workitem.linktype.parentworkitem.parent rdf:resource="#_NpSh4KNLEeCHu5XnACwLPw"/></rtc_cm:task><rtc_cm:task rdf:ID="_NpSh4qNLEeCHu5XnACwLPw"><dc:title>Create Schedule</dc:title><dc:description>This task creates the project schedule.&#13;&#10;&#13;&#10;Steps:&#13;&#10;    - Identify desired functionality&#13;&#10;    - Identify key risks&#13;&#10;    - Plan the set of prototypes&#13;&#10;    - Construct detailed prototype plans&#13;&#10;    - Evaluate schedule&#13;&#10;    - Rework schedule until it is acceptable&#13;&#10;&#13;&#10;See &lt;a href=&quot;../../../do178/process.compliance.do178.base-ibm/capabilitypatterns/create_schedule_955570A5.html&quot;&gt;detailed description&lt;/a&gt;.</dc:description><rtc_cm:filedAgainst rdf:resource="${filedAgainst:Category}"/><rtc_cm:plannedFor rdf:resource="${plannedFor:Iteration}"/><rtc_cm:com.ibm.team.workitem.linktype.parentworkitem.parent rdf:resource="#_NpSh4aNLEeCHu5XnACwLPw"/></rtc_cm:task><rtc_cm:task rdf:ID="_NpSh46NLEeCHu5XnACwLPw"><dc:title>Create Team Structure</dc:title><dc:description>This task defines project roles and allocates team members to those roles. &#13;&#10;&#13;&#10;Steps:&#13;&#10;    - Review development process&#13;&#10;    - Review schedule&#13;&#10;    - Determine key roles&#13;&#10;    - Evaluate personnel for strenghts and weaknesses&#13;&#10;    - Assign personnel to key roles&#13;&#10;    - Evaluate proposed team structure in terms of schedule&#13;&#10;    - Create and publish the team organization chart&#13;&#10;&#13;&#10;See &lt;a href=&quot;../../../do178/process.compliance.do178.base-ibm/capabilitypatterns/create_team_structure_1954387C.html&quot;&gt;detailed description&lt;/a&gt;.</dc:description><rtc_cm:filedAgainst rdf:resource="${filedAgainst:Category}"/><rtc_cm:plannedFor rdf:resource="${plannedFor:Iteration}"/><rtc_cm:com.ibm.team.workitem.linktype.parentworkitem.parent rdf:resource="#_NpSh4aNLEeCHu5XnACwLPw"/></rtc_cm:task><rtc_cm:task rdf:ID="_NpSh5KNLEeCHu5XnACwLPw"><dc:title>Plan for Reuse</dc:title><dc:description>This task plans for the identification of reusable elements and specifies how they will be reused. &#13;&#10;&#13;&#10;Steps:&#13;&#10;    - Identify reuse needs&#13;&#10;    - Identify reuse opportunities&#13;&#10;    - Estimate cost for constructing reusable assets&#13;&#10;    - Determine which reusable assets to construct&#13;&#10;    - Evaluate impact of reuse plan on schedule&#13;&#10;    - Specify how reusable assets will be managed&#13;&#10;    - Specify how assets will be reused&#13;&#10;    - Capture the reuse planning aspects&#13;&#10;    - Update schedule to reflect reuse&#13;&#10;&#13;&#10;See &lt;a href=&quot;../../../do178/process.compliance.do178.base-ibm/capabilitypatterns/plan_for_reuse_3A5DE16B.html&quot;&gt;detailed description&lt;/a&gt;.</dc:description><rtc_cm:filedAgainst rdf:resource="${filedAgainst:Category}"/><rtc_cm:plannedFor rdf:resource="${plannedFor:Iteration}"/><rtc_cm:com.ibm.team.workitem.linktype.parentworkitem.parent rdf:resource="#_NpSh4aNLEeCHu5XnACwLPw"/></rtc_cm:task><rtc_cm:task rdf:ID="_NpSh5aNLEeCHu5XnACwLPw"><dc:title>Plan for Risk Reduction</dc:title><dc:description>This task plans for the management of risks during the project. &#13;&#10;&#13;&#10;Steps:&#13;&#10;    - Identify key project hazards&#13;&#10;    - Determine likelihood of key project hazards&#13;&#10;    - Compute key project risks&#13;&#10;    - Rank project risks&#13;&#10;    - Specify risk mitigation activities for key project risks&#13;&#10;    - Capture the risk management aspects&#13;&#10;&#13;&#10;See &lt;a href=&quot;../../../do178/process.compliance.do178.base-ibm/capabilitypatterns/plan_for_risk_red_AA83BDF.html&quot;&gt;detailed description&lt;/a&gt;.</dc:description><rtc_cm:filedAgainst rdf:resource="${filedAgainst:Category}"/><rtc_cm:plannedFor rdf:resource="${plannedFor:Iteration}"/><rtc_cm:com.ibm.team.workitem.linktype.parentworkitem.parent rdf:resource="#_NpSh4aNLEeCHu5XnACwLPw"/></rtc_cm:task><rtc_cm:task rdf:ID="_NpSh5qNLEeCHu5XnACwLPw"><dc:title>Perform Initial Safety and Reliability Analysis</dc:title><dc:description>This task creates performs initial safety and reliability analysis and captures the results in a hazard analysis document.&#13;&#10;&#13;&#10;Steps:&#13;&#10;    - Create initial hazard analysis&#13;&#10;    - Identify hazards&#13;&#10;    - Quantify risks&#13;&#10;&#13;&#10;See &lt;a href=&quot;../../../do178/process.compliance.do178.base-ibm/capabilitypatterns/perf_safe_rel_analysis_6A58B8B0.html&quot;&gt;detailed description&lt;/a&gt;.</dc:description><rtc_cm:filedAgainst rdf:resource="${filedAgainst:Category}"/><rtc_cm:plannedFor rdf:resource="${plannedFor:Iteration}"/><rtc_cm:com.ibm.team.workitem.linktype.parentworkitem.parent rdf:resource="#_NpSh4aNLEeCHu5XnACwLPw"/></rtc_cm:task><rtc_cm:task rdf:ID="_NpSh56NLEeCHu5XnACwLPw"><dc:title>Specify Logical Architecture</dc:title><dc:description>Specify the organization of things that exist at design-time.&#13;&#10;&#13;&#10;Steps:&#13;&#10;    - Identify the team structure&#13;&#10;    - Identify the elements that must be shared among teams&#13;&#10;    - Construct the set of models&#13;&#10;    - Identify the structure of each model&#13;&#10;&#13;&#10;See &lt;a href=&quot;../../../do178/process.compliance.do178.base-ibm/capabilitypatterns/spec_logical_arch_DB870FCD.html&quot;&gt;detailed description&lt;/a&gt;.</dc:description><rtc_cm:filedAgainst rdf:resource="${filedAgainst:Category}"/><rtc_cm:plannedFor rdf:resource="${plannedFor:Iteration}"/><rtc_cm:com.ibm.team.workitem.linktype.parentworkitem.parent rdf:resource="#_NpSh4aNLEeCHu5XnACwLPw"/></rtc_cm:task><rtc_cm:task rdf:ID="_NpSh6KNLEeCHu5XnACwLPw"><dc:title>Create Plans</dc:title><dc:description>&#13;&#10;&#13;&#10;See &lt;a href=&quot;../../../do178/process.compliance.do178.base-ibm/capabilitypatterns/Create%20Plans_50C0AA6C.html&quot;&gt;detailed description&lt;/a&gt;.</dc:description><rtc_cm:filedAgainst rdf:resource="${filedAgainst:Category}"/><rtc_cm:plannedFor rdf:resource="${plannedFor:Iteration}"/><rtc_cm:com.ibm.team.workitem.linktype.parentworkitem.parent rdf:resource="#_NpSh4KNLEeCHu5XnACwLPw"/><rtc_cm:com.ibm.team.workitem.linktype.blocksworkitem.dependsOn rdf:resource="#_NpSh4aNLEeCHu5XnACwLPw"/></rtc_cm:task><rtc_cm:task rdf:ID="_NpSh6aNLEeCHu5XnACwLPw"><dc:title>Create QA Plan</dc:title><dc:description>This task creates the project-specific Software Quality Assurance Plan (SQAP). &#13;&#10;&#13;&#10;See &lt;a href=&quot;../../../do178/process.compliance.do178.base-ibm/capabilitypatterns/create_qa_plan_62A421DF.html&quot;&gt;detailed description&lt;/a&gt;.</dc:description><rtc_cm:filedAgainst rdf:resource="${filedAgainst:Category}"/><rtc_cm:plannedFor rdf:resource="${plannedFor:Iteration}"/><rtc_cm:com.ibm.team.workitem.linktype.parentworkitem.parent rdf:resource="#_NpSh6KNLEeCHu5XnACwLPw"/></rtc_cm:task><rtc_cm:task rdf:ID="_NpSh6qNLEeCHu5XnACwLPw"><dc:title>Create Config Mgmt Plan</dc:title><dc:description>&#13;&#10;&#13;&#10;See &lt;a href=&quot;../../../do178/process.compliance.do178.base-ibm/capabilitypatterns/Create%20CM%20Plan_926BA401.html&quot;&gt;detailed description&lt;/a&gt;.</dc:description><rtc_cm:filedAgainst rdf:resource="${filedAgainst:Category}"/><rtc_cm:plannedFor rdf:resource="${plannedFor:Iteration}"/><rtc_cm:com.ibm.team.workitem.linktype.parentworkitem.parent rdf:resource="#_NpSh6KNLEeCHu5XnACwLPw"/></rtc_cm:task><rtc_cm:task rdf:ID="_NpSh66NLEeCHu5XnACwLPw"><dc:title>Create Change Mgmt Plan</dc:title><dc:description>&#13;&#10;&#13;&#10;See &lt;a href=&quot;../../../do178/process.compliance.do178.base-ibm/capabilitypatterns/Create%20Change%20Mgmt%20Plan_62966965.html&quot;&gt;detailed description&lt;/a&gt;.</dc:description><rtc_cm:filedAgainst rdf:resource="${filedAgainst:Category}"/><rtc_cm:plannedFor rdf:resource="${plannedFor:Iteration}"/><rtc_cm:com.ibm.team.workitem.linktype.parentworkitem.parent rdf:resource="#_NpSh6KNLEeCHu5XnACwLPw"/></rtc_cm:task><rtc_cm:task rdf:ID="_NpSh7KNLEeCHu5XnACwLPw"><dc:title>Create Certification Plan</dc:title><dc:description>This task creates the Plan for Software Aspects of Certification (PSAC), a plan required by the DO-178B standard. &#13;&#10;&#13;&#10;See &lt;a href=&quot;../../../do178/process.compliance.do178.base-ibm/capabilitypatterns/create_cert_plan_889B209E.html&quot;&gt;detailed description&lt;/a&gt;.</dc:description><rtc_cm:filedAgainst rdf:resource="${filedAgainst:Category}"/><rtc_cm:plannedFor rdf:resource="${plannedFor:Iteration}"/><rtc_cm:com.ibm.team.workitem.linktype.parentworkitem.parent rdf:resource="#_NpSh6KNLEeCHu5XnACwLPw"/></rtc_cm:task><rtc_cm:task rdf:ID="_NpSh7aNLEeCHu5XnACwLPw"><dc:title>Create SW Development Plan</dc:title><dc:description>This task creates the project Software Development Plan (SDP).&#13;&#10;&#13;&#10;See &lt;a href=&quot;../../../do178/process.compliance.do178.base-ibm/capabilitypatterns/create_sw_dev_plan_CF0493CF.html&quot;&gt;detailed description&lt;/a&gt;.</dc:description><rtc_cm:filedAgainst rdf:resource="${filedAgainst:Category}"/><rtc_cm:plannedFor rdf:resource="${plannedFor:Iteration}"/><rtc_cm:com.ibm.team.workitem.linktype.parentworkitem.parent rdf:resource="#_NpSh6KNLEeCHu5XnACwLPw"/></rtc_cm:task><rtc_cm:task rdf:ID="_NpSh7qNLEeCHu5XnACwLPw"><dc:title>Create SW Verification Plan</dc:title><dc:description>This task creates the Software Verification Plan (SVP). &#13;&#10;&#13;&#10;See &lt;a href=&quot;../../../do178/process.compliance.do178.base-ibm/capabilitypatterns/create_ver_plan_694ED6FC.html&quot;&gt;detailed description&lt;/a&gt;.</dc:description><rtc_cm:filedAgainst rdf:resource="${filedAgainst:Category}"/><rtc_cm:plannedFor rdf:resource="${plannedFor:Iteration}"/><rtc_cm:com.ibm.team.workitem.linktype.parentworkitem.parent rdf:resource="#_NpSh6KNLEeCHu5XnACwLPw"/></rtc_cm:task></rtc_cm:workItems></rtc_cm:WorkItemTemplate>