<?xml version="1.0" encoding="UTF-8"?><rtc_cm:WorkItemTemplate  xmlns:dc="http://purl.org/dc/terms/"  xmlns:rtc_cm="http://jazz.net/xmlns/prod/jazz/rtc/cm/1.0/"  xmlns:rdf="http://www.w3.org/1999/02/22-rdf-syntax-ns#"><!--#RMC#process.name=DO 178Bprocess.guid=_1XfvAW9iEeCJFoHdlpPovQconfiguration.name=configuration.guid=_-bKnVaNJEeCHu5XnACwLPw#RMC#--><dc:identifier>control_project</dc:identifier><dc:title>Control Project</dc:title><dc:description></dc:description><rtc_cm:workItems><rtc_cm:task rdf:ID="_aZ34cKNLEeCHu5XnACwLPw"><dc:title>Control Project</dc:title><dc:description>&#13;&#10;&#13;&#10;See &lt;a href=&quot;../../../do178/process.compliance.do178.base-ibm/deliveryprocesses/control_project_F4953DB7.html&quot;&gt;detailed description&lt;/a&gt;.</dc:description><rtc_cm:filedAgainst rdf:resource="${filedAgainst:Category}"/><rtc_cm:plannedFor rdf:resource="${plannedFor:Iteration}"/></rtc_cm:task><rtc_cm:task rdf:ID="_aZ34caNLEeCHu5XnACwLPw"><dc:title>Refine and Deploy the Development Environment</dc:title><dc:description>&#13;&#10;&#13;&#10;See &lt;a href=&quot;../../../do178/process.compliance.do178.base-ibm/capabilitypatterns/def_dev_env_2A15A41.html&quot;&gt;detailed description&lt;/a&gt;.</dc:description><rtc_cm:filedAgainst rdf:resource="${filedAgainst:Category}"/><rtc_cm:plannedFor rdf:resource="${plannedFor:Iteration}"/><rtc_cm:com.ibm.team.workitem.linktype.parentworkitem.parent rdf:resource="#_aZ34cKNLEeCHu5XnACwLPw"/></rtc_cm:task><rtc_cm:task rdf:ID="_aZ34cqNLEeCHu5XnACwLPw"><dc:title>Tailor the Process</dc:title><dc:description>This task describes how to tailor a process for a project.&#13;&#10;&#13;&#10;Steps:&#13;&#10;    - Define the scope of the tailoring effort&#13;&#10;    - Involve appropriate stakeholders&#13;&#10;    - Decide how the process will be documented&#13;&#10;    - Develop project-specific content&#13;&#10;    - Decide which tools will be used to create and maintain work products&#13;&#10;    - Review and approve the process&#13;&#10;&#13;&#10;See &lt;a href=&quot;../../../do178/process.compliance.do178.base-ibm/capabilitypatterns/tailor_process_CB2724F3.html&quot;&gt;detailed description&lt;/a&gt;.</dc:description><rtc_cm:filedAgainst rdf:resource="${filedAgainst:Category}"/><rtc_cm:plannedFor rdf:resource="${plannedFor:Iteration}"/><rtc_cm:com.ibm.team.workitem.linktype.parentworkitem.parent rdf:resource="#_aZ34caNLEeCHu5XnACwLPw"/></rtc_cm:task><rtc_cm:task rdf:ID="_aZ34c6NLEeCHu5XnACwLPw"><dc:title>Set Up Tools</dc:title><dc:description>&#13;&#10;&#13;&#10;Steps:&#13;&#10;    -  Install the Tool on the Server &#13;&#10;    -  Customize the Tool&#13;&#10;    -  Integrate with Other Tools &#13;&#10;    -  Install and Customize Tools on Clients &#13;&#10;&#13;&#10;See &lt;a href=&quot;../../../do178/process.compliance.do178.base-ibm/capabilitypatterns/setup_tools_C328306E.html&quot;&gt;detailed description&lt;/a&gt;.</dc:description><rtc_cm:filedAgainst rdf:resource="${filedAgainst:Category}"/><rtc_cm:plannedFor rdf:resource="${plannedFor:Iteration}"/><rtc_cm:com.ibm.team.workitem.linktype.parentworkitem.parent rdf:resource="#_aZ34caNLEeCHu5XnACwLPw"/></rtc_cm:task><rtc_cm:task rdf:ID="_aZ34dKNLEeCHu5XnACwLPw"><dc:title>Deploy the Process</dc:title><dc:description>This task describes how to rollout a development process to the project team.&#13;&#10;&#13;&#10;Steps:&#13;&#10;    - Make the changes public&#13;&#10;    - Educate project members&#13;&#10;    - Collect feedback&#13;&#10;&#13;&#10;See &lt;a href=&quot;../../../do178/process.compliance.do178.base-ibm/capabilitypatterns/deploy_process_8AD0A360.html&quot;&gt;detailed description&lt;/a&gt;.</dc:description><rtc_cm:filedAgainst rdf:resource="${filedAgainst:Category}"/><rtc_cm:plannedFor rdf:resource="${plannedFor:Iteration}"/><rtc_cm:com.ibm.team.workitem.linktype.parentworkitem.parent rdf:resource="#_aZ34caNLEeCHu5XnACwLPw"/><rtc_cm:com.ibm.team.workitem.linktype.blocksworkitem.dependsOn rdf:resource="#_aZ34cqNLEeCHu5XnACwLPw"/></rtc_cm:task><rtc_cm:task rdf:ID="_aZ34daNLEeCHu5XnACwLPw"><dc:title>Verify Tool Configuration and Installation</dc:title><dc:description>This task describes how to verify that the Development Configuration is ready to be used by the project.&#13;&#10;&#13;&#10;Steps:&#13;&#10;    - Verify the Environment  &#13;&#10;    - Verify the Tools &#13;&#10;    - Verify Data&#13;&#10;    - Run the Tools&#13;&#10;&#13;&#10;See &lt;a href=&quot;../../../do178/process.compliance.do178.base-ibm/capabilitypatterns/verify_tool_config_installation_D357B8E0.html&quot;&gt;detailed description&lt;/a&gt;.</dc:description><rtc_cm:filedAgainst rdf:resource="${filedAgainst:Category}"/><rtc_cm:plannedFor rdf:resource="${plannedFor:Iteration}"/><rtc_cm:com.ibm.team.workitem.linktype.parentworkitem.parent rdf:resource="#_aZ34caNLEeCHu5XnACwLPw"/><rtc_cm:com.ibm.team.workitem.linktype.blocksworkitem.dependsOn rdf:resource="#_aZ34c6NLEeCHu5XnACwLPw"/></rtc_cm:task></rtc_cm:workItems></rtc_cm:WorkItemTemplate>