<?xml version="1.0" encoding="UTF-8"?><rtc_cm:WorkItemTemplate  xmlns:dc="http://purl.org/dc/terms/"  xmlns:rtc_cm="http://jazz.net/xmlns/prod/jazz/rtc/cm/1.0/"  xmlns:rdf="http://www.w3.org/1999/02/22-rdf-syntax-ns#"><!--#RMC#process.name=DO 178Bprocess.guid=_1XfvAW9iEeCJFoHdlpPovQconfiguration.name=configuration.guid=_-bKnVaNJEeCHu5XnACwLPw#RMC#--><dc:identifier>dev_reqs</dc:identifier><dc:title>Develop Requirements</dc:title><dc:description></dc:description><rtc_cm:workItems><rtc_cm:task rdf:ID="_fTPbIKNLEeCHu5XnACwLPw"><dc:title>Develop Requirements</dc:title><dc:description>&#13;&#10;&#13;&#10;See &lt;a href=&quot;../../../do178/process.compliance.do178.base-ibm/deliveryprocesses/elab_srs_DE68B697.html&quot;&gt;detailed description&lt;/a&gt;.</dc:description><rtc_cm:filedAgainst rdf:resource="${filedAgainst:Category}"/><rtc_cm:plannedFor rdf:resource="${plannedFor:Iteration}"/></rtc_cm:task><rtc_cm:task rdf:ID="_fTPbIaNLEeCHu5XnACwLPw"><dc:title>Analyze and Refine Stakeholder Requirements</dc:title><dc:description>This task captures and describes the stakeholder requirements for the &quot;system to be&quot;.&#13;&#10;&#13;&#10;Steps:&#13;&#10;    - Identify and capture domain terms&#13;&#10;    - Create or update the structure for specification&#13;&#10;    - Gather stakeholder requests&#13;&#10;    - Gather requirements&#13;&#10;    - Refine requirements&#13;&#10;    - Establish and update traceability&#13;&#10;    - Ensure consistency&#13;&#10;    - Ensure understanding&#13;&#10;    - Achieve concurrence&#13;&#10;&#13;&#10;See &lt;a href=&quot;../../../do178/practice.tech.syseng.elab_draft_srs.base-ibm/capabilitypatterns/an_stk_reqs_EF0DD1D1.html&quot;&gt;detailed description&lt;/a&gt;.</dc:description><rtc_cm:filedAgainst rdf:resource="${filedAgainst:Category}"/><rtc_cm:plannedFor rdf:resource="${plannedFor:Iteration}"/><rtc_cm:com.ibm.team.workitem.linktype.parentworkitem.parent rdf:resource="#_fTPbIKNLEeCHu5XnACwLPw"/></rtc_cm:task><rtc_cm:task rdf:ID="_fTPbIqNLEeCHu5XnACwLPw"><dc:title>Identify System Use Cases</dc:title><dc:description>This task describes the steps performed during the identification of the system use cases.&#13;&#10;&#13;&#10;Steps:&#13;&#10;    - Find and outline Actors and Use Cases&#13;&#10;    - Refine Use Cases and Scenarios&#13;&#10;    - Ensure consistency&#13;&#10;    - Ensure understanding&#13;&#10;    - Achieve concurrence&#13;&#10;&#13;&#10;See &lt;a href=&quot;../../../do178/process.compliance.do178.base-ibm/deliveryprocesses/id_sys_uc_AC71FED2.html&quot;&gt;detailed description&lt;/a&gt;.</dc:description><rtc_cm:filedAgainst rdf:resource="${filedAgainst:Category}"/><rtc_cm:plannedFor rdf:resource="${plannedFor:Iteration}"/><rtc_cm:com.ibm.team.workitem.linktype.parentworkitem.parent rdf:resource="#_fTPbIKNLEeCHu5XnACwLPw"/><rtc_cm:com.ibm.team.workitem.linktype.blocksworkitem.dependsOn rdf:resource="#_fTPbI6NLEeCHu5XnACwLPw"/><rtc_cm:com.ibm.team.workitem.linktype.blocksworkitem.dependsOn rdf:resource="#_fTPbJaNLEeCHu5XnACwLPw"/></rtc_cm:task><rtc_cm:task rdf:ID="_fTPbI6NLEeCHu5XnACwLPw"><dc:title>Generate System Requirements</dc:title><dc:description>This task generates the system requirements for the &quot;system to be&quot; from the stakeholder requirements.&#13;&#10;&#13;&#10;Steps:&#13;&#10;    - Create structure for specification&#13;&#10;    - Transform stakeholder requirements&#13;&#10;    - Generate interface control document&#13;&#10;&#13;&#10;See &lt;a href=&quot;../../../do178/process.compliance.do178.base-ibm/deliveryprocesses/gen_sys_reqs_26442ECE.html&quot;&gt;detailed description&lt;/a&gt;.</dc:description><rtc_cm:filedAgainst rdf:resource="${filedAgainst:Category}"/><rtc_cm:plannedFor rdf:resource="${plannedFor:Iteration}"/><rtc_cm:com.ibm.team.workitem.linktype.parentworkitem.parent rdf:resource="#_fTPbIKNLEeCHu5XnACwLPw"/><rtc_cm:com.ibm.team.workitem.linktype.blocksworkitem.dependsOn rdf:resource="#_fTPbIaNLEeCHu5XnACwLPw"/></rtc_cm:task><rtc_cm:task rdf:ID="_fTPbJKNLEeCHu5XnACwLPw"><dc:title>Trace Use Cases to System Requirements</dc:title><dc:description>This task establishes traceability from use cases to the relevant system requirements.&#13;&#10;&#13;&#10;Steps:&#13;&#10;    - Identify system requirements that are applicable to the subject system use case&#13;&#10;    - Establish traceability from the relevant use cases to the system requirements &#13;&#10;&#13;&#10;See &lt;a href=&quot;../../../do178/practice.tech.syseng.elab_draft_srs.base-ibm/capabilitypatterns/trace_uc_reqs_DCF91A52.html&quot;&gt;detailed description&lt;/a&gt;.</dc:description><rtc_cm:filedAgainst rdf:resource="${filedAgainst:Category}"/><rtc_cm:plannedFor rdf:resource="${plannedFor:Iteration}"/><rtc_cm:com.ibm.team.workitem.linktype.parentworkitem.parent rdf:resource="#_fTPbIKNLEeCHu5XnACwLPw"/><rtc_cm:com.ibm.team.workitem.linktype.blocksworkitem.dependsOn rdf:resource="#_fTPbIqNLEeCHu5XnACwLPw"/></rtc_cm:task><rtc_cm:task rdf:ID="_fTPbJaNLEeCHu5XnACwLPw"><dc:title>Link Stakeholder Requirements to System Requirements</dc:title><dc:description>This task presents some of the key aspects of maintaining the traceability between the stakeholder requirements and the system requirements.&#13;&#10;&#13;&#10;See &lt;a href=&quot;../../../do178/process.compliance.do178.base-ibm/deliveryprocesses/link_reqs_55915654.html&quot;&gt;detailed description&lt;/a&gt;.</dc:description><rtc_cm:filedAgainst rdf:resource="${filedAgainst:Category}"/><rtc_cm:plannedFor rdf:resource="${plannedFor:Iteration}"/><rtc_cm:com.ibm.team.workitem.linktype.parentworkitem.parent rdf:resource="#_fTPbIKNLEeCHu5XnACwLPw"/><rtc_cm:com.ibm.team.workitem.linktype.blocksworkitem.dependsOn rdf:resource="#_fTPbIaNLEeCHu5XnACwLPw"/></rtc_cm:task><rtc_cm:task rdf:ID="_fTPbJqNLEeCHu5XnACwLPw"><dc:title>Prioritize and Partition Use Cases</dc:title><dc:description>This task is where the system use cases are prioritized, so that their order of development can be decided and the architecturally-significant system use cases are identified and prioritized.&#13;&#10;&#13;&#10;See &lt;a href=&quot;../../../do178/practice.tech.syseng.elab_draft_srs.base-ibm/capabilitypatterns/pri_part_uc_A832A446.html&quot;&gt;detailed description&lt;/a&gt;.</dc:description><rtc_cm:filedAgainst rdf:resource="${filedAgainst:Category}"/><rtc_cm:plannedFor rdf:resource="${plannedFor:Iteration}"/><rtc_cm:com.ibm.team.workitem.linktype.parentworkitem.parent rdf:resource="#_fTPbIKNLEeCHu5XnACwLPw"/></rtc_cm:task></rtc_cm:workItems></rtc_cm:WorkItemTemplate>