<?xml version="1.0" encoding="UTF-8"?><rtc_cm:WorkItemTemplate  xmlns:dc="http://purl.org/dc/terms/"  xmlns:rtc_cm="http://jazz.net/xmlns/prod/jazz/rtc/cm/1.0/"  xmlns:rdf="http://www.w3.org/1999/02/22-rdf-syntax-ns#"><!--#RMC#process.name=DO 178Bprocess.guid=_1XfvAW9iEeCJFoHdlpPovQconfiguration.name=configuration.guid=_-bKnVaNJEeCHu5XnACwLPw#RMC#--><dc:identifier>prepare_for_v_and_v</dc:identifier><dc:title>Prepare for Verification and Validation</dc:title><dc:description></dc:description><rtc_cm:workItems><rtc_cm:task rdf:ID="_5LgZoKNLEeCHu5XnACwLPw"><dc:title>Prepare for Verification and Validation</dc:title><dc:description>&#13;&#10;&#13;&#10;See &lt;a href=&quot;../../../do178/process.compliance.do178.base-ibm/capabilitypatterns/prep_validation_testing_242474C1.html&quot;&gt;detailed description&lt;/a&gt;.</dc:description><rtc_cm:filedAgainst rdf:resource="${filedAgainst:Category}"/><rtc_cm:plannedFor rdf:resource="${plannedFor:Iteration}"/></rtc_cm:task><rtc_cm:task rdf:ID="_5LgZoaNLEeCHu5XnACwLPw"><dc:title>Design Test</dc:title><dc:description>&#13;&#10;&#13;&#10;See &lt;a href=&quot;../../../do178/process.compliance.do178.base-ibm/capabilitypatterns/Design%20Test_8ECCE749.html&quot;&gt;detailed description&lt;/a&gt;.</dc:description><rtc_cm:filedAgainst rdf:resource="${filedAgainst:Category}"/><rtc_cm:plannedFor rdf:resource="${plannedFor:Iteration}"/><rtc_cm:com.ibm.team.workitem.linktype.parentworkitem.parent rdf:resource="#_5LgZoKNLEeCHu5XnACwLPw"/></rtc_cm:task><rtc_cm:task rdf:ID="_5LgZoqNLEeCHu5XnACwLPw"><dc:title>Develop Tests</dc:title><dc:description>&#13;&#10;&#13;&#10;See &lt;a href=&quot;../../../do178/process.compliance.do178.base-ibm/capabilitypatterns/Develop%20Tests_F901235.html&quot;&gt;detailed description&lt;/a&gt;.</dc:description><rtc_cm:filedAgainst rdf:resource="${filedAgainst:Category}"/><rtc_cm:plannedFor rdf:resource="${plannedFor:Iteration}"/><rtc_cm:com.ibm.team.workitem.linktype.parentworkitem.parent rdf:resource="#_5LgZoKNLEeCHu5XnACwLPw"/></rtc_cm:task><rtc_cm:task rdf:ID="_5LgZo6NLEeCHu5XnACwLPw"><dc:title>Prepare Test Run</dc:title><dc:description>&#13;&#10;&#13;&#10;See &lt;a href=&quot;../../../do178/process.compliance.do178.base-ibm/capabilitypatterns/Prepare%20Test%20Run_E95DA2C7.html&quot;&gt;detailed description&lt;/a&gt;.</dc:description><rtc_cm:filedAgainst rdf:resource="${filedAgainst:Category}"/><rtc_cm:plannedFor rdf:resource="${plannedFor:Iteration}"/><rtc_cm:com.ibm.team.workitem.linktype.parentworkitem.parent rdf:resource="#_5LgZoKNLEeCHu5XnACwLPw"/></rtc_cm:task></rtc_cm:workItems></rtc_cm:WorkItemTemplate>