<?xml version="1.0" encoding="UTF-8"?><rtc_cm:WorkItemTemplate  xmlns:dc="http://purl.org/dc/terms/"  xmlns:rtc_cm="http://jazz.net/xmlns/prod/jazz/rtc/cm/1.0/"  xmlns:rdf="http://www.w3.org/1999/02/22-rdf-syntax-ns#"><!--#RMC#process.name=DO 178Bprocess.guid=_1XfvAW9iEeCJFoHdlpPovQconfiguration.name=configuration.guid=_-bKnVaNJEeCHu5XnACwLPw#RMC#--><dc:identifier>prototype_def</dc:identifier><dc:title>Prototype Definition</dc:title><dc:description></dc:description><rtc_cm:workItems><rtc_cm:task rdf:ID="_ovCnMKNLEeCHu5XnACwLPw"><dc:title>Prototype Definition</dc:title><dc:description>&#13;&#10;&#13;&#10;See &lt;a href=&quot;../../../do178/process.compliance.do178.base-ibm/capabilitypatterns/prototype_definition_1CCE7143.html&quot;&gt;detailed description&lt;/a&gt;.</dc:description><rtc_cm:filedAgainst rdf:resource="${filedAgainst:Category}"/><rtc_cm:plannedFor rdf:resource="${plannedFor:Iteration}"/></rtc_cm:task><rtc_cm:task rdf:ID="_ovCnMaNLEeCHu5XnACwLPw"><dc:title>Define Use-Case System Context</dc:title><dc:description>This task translates a use case and its associated actors into relevant blocks in a SysML structure diagram (Internal Block Diagram).&#13;&#10;&#13;&#10;Steps:&#13;&#10;    - Define Use-Case Block&#13;&#10;    - Define Actor Block(s)&#13;&#10;    - Create Internal Block Diagram&#13;&#10;&#13;&#10;See &lt;a href=&quot;../../../do178/process.compliance.do178.base-ibm/capabilitypatterns/define_uc_sys_context_8001FEC5.html&quot;&gt;detailed description&lt;/a&gt;.</dc:description><rtc_cm:filedAgainst rdf:resource="${filedAgainst:Category}"/><rtc_cm:plannedFor rdf:resource="${plannedFor:Iteration}"/><rtc_cm:com.ibm.team.workitem.linktype.parentworkitem.parent rdf:resource="#_ovCnMKNLEeCHu5XnACwLPw"/></rtc_cm:task><rtc_cm:task rdf:ID="_ovCnMqNLEeCHu5XnACwLPw"><dc:title>Define Use-Case Scenarios</dc:title><dc:description>This task describes how to define the main use-case scenarios.&#13;&#10;&#13;&#10;See &lt;a href=&quot;../../../do178/process.compliance.do178.base-ibm/capabilitypatterns/define_uc_scenarios_C16CB262.html&quot;&gt;detailed description&lt;/a&gt;.</dc:description><rtc_cm:filedAgainst rdf:resource="${filedAgainst:Category}"/><rtc_cm:plannedFor rdf:resource="${plannedFor:Iteration}"/><rtc_cm:com.ibm.team.workitem.linktype.parentworkitem.parent rdf:resource="#_ovCnMKNLEeCHu5XnACwLPw"/><rtc_cm:com.ibm.team.workitem.linktype.blocksworkitem.dependsOn rdf:resource="#_ovCnMaNLEeCHu5XnACwLPw"/></rtc_cm:task><rtc_cm:task rdf:ID="_ovCnM6NLEeCHu5XnACwLPw"><dc:title>Derive Use-Case Functional Flow</dc:title><dc:description>This task describes how to merge all defined scenarios into a common workflow.&#13;&#10;&#13;&#10;See &lt;a href=&quot;../../../do178/process.compliance.do178.base-ibm/capabilitypatterns/derive_uc_func_flow_812BA828.html&quot;&gt;detailed description&lt;/a&gt;.</dc:description><rtc_cm:filedAgainst rdf:resource="${filedAgainst:Category}"/><rtc_cm:plannedFor rdf:resource="${plannedFor:Iteration}"/><rtc_cm:com.ibm.team.workitem.linktype.parentworkitem.parent rdf:resource="#_ovCnMKNLEeCHu5XnACwLPw"/></rtc_cm:task><rtc_cm:task rdf:ID="_ovCnNKNLEeCHu5XnACwLPw"><dc:title>Define Ports and Interfaces</dc:title><dc:description>This task focuses on defining the communication between the use-case block and its actor(s) via UML/SysML standard ports.&#13;&#10;&#13;&#10;Steps:&#13;&#10;    - Create behavior ports&#13;&#10;    - Create interfaces&#13;&#10;    - Associate interfaces with ports&#13;&#10;    - Connect ports&#13;&#10;&#13;&#10;See &lt;a href=&quot;../../../do178/process.compliance.do178.base-ibm/capabilitypatterns/define_ports_intfcs_5A62FC6.html&quot;&gt;detailed description&lt;/a&gt;.</dc:description><rtc_cm:filedAgainst rdf:resource="${filedAgainst:Category}"/><rtc_cm:plannedFor rdf:resource="${plannedFor:Iteration}"/><rtc_cm:com.ibm.team.workitem.linktype.parentworkitem.parent rdf:resource="#_ovCnMKNLEeCHu5XnACwLPw"/><rtc_cm:com.ibm.team.workitem.linktype.blocksworkitem.dependsOn rdf:resource="#_ovCnM6NLEeCHu5XnACwLPw"/></rtc_cm:task><rtc_cm:task rdf:ID="_ovCnNaNLEeCHu5XnACwLPw"><dc:title>Derive Use-Case State Behavior</dc:title><dc:description>This task defines the state-based behavior for a use-case block.&#13;&#10;&#13;&#10;Steps:&#13;&#10;    - Identify wait states and action states&#13;&#10;    - Identify transitions, triggering events and associated actions&#13;&#10;    - Execute the Statechart&#13;&#10;    - Refactor the Statechart &#13;&#10;    - Execute the Hierarchical Statechart&#13;&#10;&#13;&#10;See &lt;a href=&quot;../../../do178/process.compliance.do178.base-ibm/capabilitypatterns/derive_uc_state_behavior_4ABC8362.html&quot;&gt;detailed description&lt;/a&gt;.</dc:description><rtc_cm:filedAgainst rdf:resource="${filedAgainst:Category}"/><rtc_cm:plannedFor rdf:resource="${plannedFor:Iteration}"/><rtc_cm:com.ibm.team.workitem.linktype.parentworkitem.parent rdf:resource="#_ovCnMKNLEeCHu5XnACwLPw"/><rtc_cm:com.ibm.team.workitem.linktype.blocksworkitem.dependsOn rdf:resource="#_ovCnNKNLEeCHu5XnACwLPw"/></rtc_cm:task><rtc_cm:task rdf:ID="_ovCnNqNLEeCHu5XnACwLPw"><dc:title>Verify and Validate Functional Requirements</dc:title><dc:description>This task verifies and validates the model through model execution on the basis of the associated scenarios. The correctness and completeness analysis is based on the visual inspection of the model behavior.&#13;&#10;&#13;&#10;Steps:&#13;&#10;    - Model actor block state-based behavior&#13;&#10;    - Execute the model&#13;&#10;    - Compare the generated sequence diagrams with the input&#13;&#10;&#13;&#10;See &lt;a href=&quot;../../../do178/process.compliance.do178.base-ibm/capabilitypatterns/ver_val_func_reqs_683827D4.html&quot;&gt;detailed description&lt;/a&gt;.</dc:description><rtc_cm:filedAgainst rdf:resource="${filedAgainst:Category}"/><rtc_cm:plannedFor rdf:resource="${plannedFor:Iteration}"/><rtc_cm:com.ibm.team.workitem.linktype.parentworkitem.parent rdf:resource="#_ovCnMKNLEeCHu5XnACwLPw"/><rtc_cm:com.ibm.team.workitem.linktype.blocksworkitem.dependsOn rdf:resource="#_ovCnNaNLEeCHu5XnACwLPw"/></rtc_cm:task><rtc_cm:task rdf:ID="_ovCnN6NLEeCHu5XnACwLPw"><dc:title>Perform UC Review</dc:title><dc:description>This task examines a work product to ensure that it meets the need and intent of the work product and conforms to relevant standards and guidelines, during a review meeting.&#13;&#10;&#13;&#10;Steps:&#13;&#10;    - Determine the purpose of the review&#13;&#10;    - Prepare material for review&#13;&#10;    - Disseminate materials to reviewers&#13;&#10;    - Schedule review&#13;&#10;    - Reviewers inspect material individually&#13;&#10;    - Collectively discuss review comments&#13;&#10;    - Perform actions&#13;&#10;&#13;&#10;See &lt;a href=&quot;../../../do178/process.compliance.do178.base-ibm/capabilitypatterns/perform_review_uc_E3FFA589.html&quot;&gt;detailed description&lt;/a&gt;.</dc:description><rtc_cm:filedAgainst rdf:resource="${filedAgainst:Category}"/><rtc_cm:plannedFor rdf:resource="${plannedFor:Iteration}"/><rtc_cm:com.ibm.team.workitem.linktype.parentworkitem.parent rdf:resource="#_ovCnMKNLEeCHu5XnACwLPw"/><rtc_cm:com.ibm.team.workitem.linktype.blocksworkitem.dependsOn rdf:resource="#_ovCnNqNLEeCHu5XnACwLPw"/></rtc_cm:task><rtc_cm:task rdf:ID="_ovCnOKNLEeCHu5XnACwLPw"><dc:title>Update and Maintain Requirements</dc:title><dc:description>This task establishes traceability from the Use-Case block properties to the relevant system requirements.&#13;&#10;&#13;&#10;Steps:&#13;&#10;    - Identify system requirements that are applicable to the subject system use case&#13;&#10;    - Establish traceability from the relevant use-case block properties to the system requirements  &#13;&#10;&#13;&#10;See &lt;a href=&quot;../../../do178/process.compliance.do178.base-ibm/capabilitypatterns/update_maintain_reqs_9FB8467D.html&quot;&gt;detailed description&lt;/a&gt;.</dc:description><rtc_cm:filedAgainst rdf:resource="${filedAgainst:Category}"/><rtc_cm:plannedFor rdf:resource="${plannedFor:Iteration}"/><rtc_cm:com.ibm.team.workitem.linktype.parentworkitem.parent rdf:resource="#_ovCnMKNLEeCHu5XnACwLPw"/></rtc_cm:task><rtc_cm:task rdf:ID="_ovCnOaNLEeCHu5XnACwLPw"><dc:title>Perform Review</dc:title><dc:description>This task examines a work product to ensure that it meets the need and intent of the work product and conforms to relevant standards and guidelines, during a review meeting.&#13;&#10;&#13;&#10;Steps:&#13;&#10;    - Determine the purpose of the review&#13;&#10;    - Prepare material for review&#13;&#10;    - Disseminate materials to reviewers&#13;&#10;    - Schedule review&#13;&#10;    - Reviewers inspect material individually&#13;&#10;    - Collectively discuss review comments&#13;&#10;    - Perform actions&#13;&#10;&#13;&#10;See &lt;a href=&quot;../../../do178/process.compliance.do178.base-ibm/capabilitypatterns/perform_review_6A524AB1.html&quot;&gt;detailed description&lt;/a&gt;.</dc:description><rtc_cm:filedAgainst rdf:resource="${filedAgainst:Category}"/><rtc_cm:plannedFor rdf:resource="${plannedFor:Iteration}"/><rtc_cm:com.ibm.team.workitem.linktype.parentworkitem.parent rdf:resource="#_ovCnMKNLEeCHu5XnACwLPw"/><rtc_cm:com.ibm.team.workitem.linktype.blocksworkitem.dependsOn rdf:resource="#_ovCnOKNLEeCHu5XnACwLPw"/></rtc_cm:task></rtc_cm:workItems></rtc_cm:WorkItemTemplate>