<?xml version="1.0" encoding="UTF-8"?><rtc_cm:WorkItemTemplate  xmlns:dc="http://purl.org/dc/terms/"  xmlns:rtc_cm="http://jazz.net/xmlns/prod/jazz/rtc/cm/1.0/"  xmlns:rdf="http://www.w3.org/1999/02/22-rdf-syntax-ns#"><!--#RMC#process.name=DO 178Bprocess.guid=_1XfvAW9iEeCJFoHdlpPovQconfiguration.name=configuration.guid=_-bKnVaNJEeCHu5XnACwLPw#RMC#--><dc:identifier>ver_and_val</dc:identifier><dc:title>Verification and Validation</dc:title><dc:description></dc:description><rtc_cm:workItems><rtc_cm:task rdf:ID="_wbOPwKNLEeCHu5XnACwLPw"><dc:title>Verification and Validation</dc:title><dc:description>&#13;&#10;&#13;&#10;See &lt;a href=&quot;../../../do178/process.compliance.do178.base-ibm/capabilitypatterns/validation_700BCA64.html&quot;&gt;detailed description&lt;/a&gt;.</dc:description><rtc_cm:filedAgainst rdf:resource="${filedAgainst:Category}"/><rtc_cm:plannedFor rdf:resource="${plannedFor:Iteration}"/></rtc_cm:task></rtc_cm:workItems></rtc_cm:WorkItemTemplate>