<?xml version="1.0" encoding="UTF-8"?><rtc_cm:WorkItemTemplate  xmlns:dc="http://purl.org/dc/terms/"  xmlns:rtc_cm="http://jazz.net/xmlns/prod/jazz/rtc/cm/1.0/"  xmlns:rdf="http://www.w3.org/1999/02/22-rdf-syntax-ns#"><!--#RMC#process.name=microcycleprocess.guid=_vkJLMWw_EeCcMLi_sG6TzQconfiguration.name=configuration.guid=_LaUSEafvEeC8keEVtPuRxA#RMC#--><dc:identifier>hi_fi_modeling</dc:identifier><dc:title>High Fidelity Modeling</dc:title><dc:description></dc:description><rtc_cm:workItems><rtc_cm:task rdf:ID="_LaUSEKfvEeC8keEVtPuRxA"><dc:title>High-Fidelity Modeling</dc:title><dc:description>&#13;&#10;&#13;&#10;See &lt;a href=&quot;../../../do178/process.compliance.do178.base-ibm/capabilitypatterns/hi_fi_modeling_CAFF14A5.html&quot;&gt;detailed description&lt;/a&gt;.</dc:description><rtc_cm:filedAgainst rdf:resource="${filedAgainst:Category}"/><rtc_cm:plannedFor rdf:resource="${plannedFor:Iteration}"/></rtc_cm:task></rtc_cm:workItems></rtc_cm:WorkItemTemplate>