<?xml version="1.0" encoding="UTF-8"?><rtc_cm:WorkItemTemplate  xmlns:dc="http://purl.org/dc/terms/"  xmlns:rtc_cm="http://jazz.net/xmlns/prod/jazz/rtc/cm/1.0/"  xmlns:rdf="http://www.w3.org/1999/02/22-rdf-syntax-ns#"><!--#RMC#process.name=microcycleprocess.guid=_vkJLMWw_EeCcMLi_sG6TzQconfiguration.name=configuration.guid=_LaUSEafvEeC8keEVtPuRxA#RMC#--><dc:identifier>arch_dsgn_rt</dc:identifier><dc:title>Architectural Design</dc:title><dc:description></dc:description><rtc_cm:workItems><rtc_cm:task rdf:ID="_cEWmcKfvEeC8keEVtPuRxA"><dc:title>Architectural Design - RT</dc:title><dc:description>&#13;&#10;&#13;&#10;See &lt;a href=&quot;../../../do178/process.compliance.do178.base-ibm/capabilitypatterns/arch_dsgn_rt_2415F91F.html&quot;&gt;detailed description&lt;/a&gt;.</dc:description><rtc_cm:filedAgainst rdf:resource="${filedAgainst:Category}"/><rtc_cm:plannedFor rdf:resource="${plannedFor:Iteration}"/></rtc_cm:task><rtc_cm:task rdf:ID="_cEWmcafvEeC8keEVtPuRxA"><dc:title>Define Criteria and Scope</dc:title><dc:description>&#13;&#10;&#13;&#10;See &lt;a href=&quot;../../../do178/process.real_time.base-ibm/capabilitypatterns/def_criteria_scope_98B3FC8B.html&quot;&gt;detailed description&lt;/a&gt;.</dc:description><rtc_cm:filedAgainst rdf:resource="${filedAgainst:Category}"/><rtc_cm:plannedFor rdf:resource="${plannedFor:Iteration}"/><rtc_cm:com.ibm.team.workitem.linktype.parentworkitem.parent rdf:resource="#_cEWmcKfvEeC8keEVtPuRxA"/></rtc_cm:task><rtc_cm:task rdf:ID="_cEWmcqfvEeC8keEVtPuRxA"><dc:title>Design and Optimize - Architectural Level</dc:title><dc:description>&#13;&#10;&#13;&#10;See &lt;a href=&quot;../../../do178/process.real_time.base-ibm/capabilitypatterns/arch_dsgn_opt_rt_9256216E.html&quot;&gt;detailed description&lt;/a&gt;.</dc:description><rtc_cm:filedAgainst rdf:resource="${filedAgainst:Category}"/><rtc_cm:plannedFor rdf:resource="${plannedFor:Iteration}"/><rtc_cm:com.ibm.team.workitem.linktype.parentworkitem.parent rdf:resource="#_cEWmcKfvEeC8keEVtPuRxA"/><rtc_cm:com.ibm.team.workitem.linktype.blocksworkitem.dependsOn rdf:resource="#_cEWmcafvEeC8keEVtPuRxA"/></rtc_cm:task><rtc_cm:task rdf:ID="_cEWmc6fvEeC8keEVtPuRxA"><dc:title>Translate and Validate - Architecture Level</dc:title><dc:description>&#13;&#10;&#13;&#10;See &lt;a href=&quot;../../../do178/process.real_time.base-ibm/capabilitypatterns/trans_val_arch_3CDD6FAE.html&quot;&gt;detailed description&lt;/a&gt;.</dc:description><rtc_cm:filedAgainst rdf:resource="${filedAgainst:Category}"/><rtc_cm:plannedFor rdf:resource="${plannedFor:Iteration}"/><rtc_cm:com.ibm.team.workitem.linktype.parentworkitem.parent rdf:resource="#_cEWmcKfvEeC8keEVtPuRxA"/><rtc_cm:com.ibm.team.workitem.linktype.blocksworkitem.dependsOn rdf:resource="#_cEWmcqfvEeC8keEVtPuRxA"/></rtc_cm:task></rtc_cm:workItems></rtc_cm:WorkItemTemplate>