<?xml version="1.0" encoding="UTF-8"?><rtc_cm:WorkItemTemplate  xmlns:dc="http://purl.org/dc/terms/"  xmlns:rtc_cm="http://jazz.net/xmlns/prod/jazz/rtc/cm/1.0/"  xmlns:rdf="http://www.w3.org/1999/02/22-rdf-syntax-ns#"><!--#RMC#process.name=microcycleprocess.guid=_vkJLMWw_EeCcMLi_sG6TzQconfiguration.name=configuration.guid=_LaUSEafvEeC8keEVtPuRxA#RMC#--><dc:identifier>collab_dsgn_rt</dc:identifier><dc:title>Collaboration Design</dc:title><dc:description></dc:description><rtc_cm:workItems><rtc_cm:task rdf:ID="_jfjMsKfvEeC8keEVtPuRxA"><dc:title>Collaboration Design - RT</dc:title><dc:description>&#13;&#10;&#13;&#10;See &lt;a href=&quot;../../../do178/process.compliance.do178.base-ibm/capabilitypatterns/mech_dsgn_rt_899DAD97.html&quot;&gt;detailed description&lt;/a&gt;.</dc:description><rtc_cm:filedAgainst rdf:resource="${filedAgainst:Category}"/><rtc_cm:plannedFor rdf:resource="${plannedFor:Iteration}"/></rtc_cm:task><rtc_cm:task rdf:ID="_jfjMsafvEeC8keEVtPuRxA"><dc:title>Define Criteria and Scope</dc:title><dc:description>&#13;&#10;&#13;&#10;See &lt;a href=&quot;../../../do178/process.real_time.base-ibm/capabilitypatterns/def_criteria_scope_81AC8E4.html&quot;&gt;detailed description&lt;/a&gt;.</dc:description><rtc_cm:filedAgainst rdf:resource="${filedAgainst:Category}"/><rtc_cm:plannedFor rdf:resource="${plannedFor:Iteration}"/><rtc_cm:com.ibm.team.workitem.linktype.parentworkitem.parent rdf:resource="#_jfjMsKfvEeC8keEVtPuRxA"/></rtc_cm:task><rtc_cm:task rdf:ID="_jfjMsqfvEeC8keEVtPuRxA"><dc:title>Design and Optimize - Collaboration Level</dc:title><dc:description>&#13;&#10;&#13;&#10;See &lt;a href=&quot;../../../do178/process.real_time.base-ibm/capabilitypatterns/mech_dsgn_opt_rt_AFCC8E3D.html&quot;&gt;detailed description&lt;/a&gt;.</dc:description><rtc_cm:filedAgainst rdf:resource="${filedAgainst:Category}"/><rtc_cm:plannedFor rdf:resource="${plannedFor:Iteration}"/><rtc_cm:com.ibm.team.workitem.linktype.parentworkitem.parent rdf:resource="#_jfjMsKfvEeC8keEVtPuRxA"/><rtc_cm:com.ibm.team.workitem.linktype.blocksworkitem.dependsOn rdf:resource="#_jfjMsafvEeC8keEVtPuRxA"/></rtc_cm:task><rtc_cm:task rdf:ID="_jfjMs6fvEeC8keEVtPuRxA"><dc:title>Translate and Validate - Collaboration Level</dc:title><dc:description>&#13;&#10;&#13;&#10;See &lt;a href=&quot;../../../do178/process.real_time.base-ibm/capabilitypatterns/trans_val_mech_9894EF89.html&quot;&gt;detailed description&lt;/a&gt;.</dc:description><rtc_cm:filedAgainst rdf:resource="${filedAgainst:Category}"/><rtc_cm:plannedFor rdf:resource="${plannedFor:Iteration}"/><rtc_cm:com.ibm.team.workitem.linktype.parentworkitem.parent rdf:resource="#_jfjMsKfvEeC8keEVtPuRxA"/><rtc_cm:com.ibm.team.workitem.linktype.blocksworkitem.dependsOn rdf:resource="#_jfjMsqfvEeC8keEVtPuRxA"/></rtc_cm:task></rtc_cm:workItems></rtc_cm:WorkItemTemplate>