<?xml version="1.0" encoding="UTF-8"?>
<rtc_cm:WorkItemTemplate
  xmlns:dc="http://purl.org/dc/terms/"
  xmlns:rtc_cm="http://jazz.net/xmlns/prod/jazz/rtc/cm/1.0/"
  xmlns:rdf="http://www.w3.org/1999/02/22-rdf-syntax-ns#">
<!--#RMC#
process.name=dev_team_wkflow
process.guid=_qYu4lmiuEeGt9vfFeBDxPg
configuration.name=tech.practices_for_clm_solution-ibm
configuration.guid=_qZqFoGiuEeGt9vfFeBDxPg
#RMC#-->
<dc:identifier>dev_team_wkflow.Develop_Story</dc:identifier>
<dc:title>Development Team Workflow - Develop Story</dc:title>
<dc:description></dc:description>
<rtc_cm:workItems>
<rtc_cm:com.ibm.team.apt.workItemType.story rdf:ID="-7H1bYPLgEeGcxNgLB-1TgQ">
<dc:title>Develop Story: (story name)</dc:title>
<dc:description>&#13;&#10;&#13;&#10;See &lt;a href=&quot;../../../clm/process.clm_solution.base-ibm/deliveryprocesses/Develop_5D4EE33.html&quot;&gt;detailed description&lt;/a&gt;.</dc:description>
<rtc_cm:filedAgainst rdf:resource="${filedAgainst:Category}"/>
<rtc_cm:plannedFor rdf:resource="${plannedFor:Iteration}"/>
</rtc_cm:com.ibm.team.apt.workItemType.story>
</rtc_cm:workItems>
</rtc_cm:WorkItemTemplate>