<?xml version="1.0" encoding="UTF-8"?>
<rtc_cm:WorkItemTemplate
  xmlns:dc="http://purl.org/dc/terms/"
  xmlns:rtc_cm="http://jazz.net/xmlns/prod/jazz/rtc/cm/1.0/"
  xmlns:rdf="http://www.w3.org/1999/02/22-rdf-syntax-ns#">
<!--#RMC#
process.name=dev_team_wkflow
process.guid=_qYu4lmiuEeGt9vfFeBDxPg
configuration.name=tech.practices_for_clm_solution-ibm
configuration.guid=_qZqFoGiuEeGt9vfFeBDxPg
#RMC#-->
<dc:identifier>dev_team_wkflow.Fix_Defect</dc:identifier>
<dc:title>Development Team Workflow - Fix Defect</dc:title>
<dc:description></dc:description>
<rtc_cm:workItems>
<rtc_cm:defect rdf:ID="-Lfj3wPLhEeGcxNgLB-1TgQ">
<dc:title>Fix Defect: (defect name)</dc:title>
<dc:description>&#13;&#10;&#13;&#10;See &lt;a href=&quot;../../../clm/process.clm_solution.base-ibm/deliveryprocesses/Fix%20Defect_676C27A7.html&quot;&gt;detailed description&lt;/a&gt;.</dc:description>
<rtc_cm:filedAgainst rdf:resource="${filedAgainst:Category}"/>
<rtc_cm:plannedFor rdf:resource="${plannedFor:Iteration}"/>
</rtc_cm:defect>
</rtc_cm:workItems>
</rtc_cm:WorkItemTemplate>