<?xml version="1.0" encoding="UTF-8"?>
<rtc_cm:WorkItemTemplate
  xmlns:dc="http://purl.org/dc/terms/"
  xmlns:rtc_cm="http://jazz.net/xmlns/prod/jazz/rtc/cm/1.0/"
  xmlns:rdf="http://www.w3.org/1999/02/22-rdf-syntax-ns#">
<!--#RMC#
process.name=dev_team_wkflow
process.guid=_qYu4lmiuEeGt9vfFeBDxPg
configuration.name=tech.practices_for_clm_solution-ibm
configuration.guid=_qZqFoGiuEeGt9vfFeBDxPg
#RMC#-->
<dc:identifier>dev_team_wkflow.Transition</dc:identifier>
<dc:title>Development Team Workflow - Transition Iteration</dc:title>
<dc:description></dc:description>
<rtc_cm:workItems>
<rtc_cm:task rdf:ID="-hY4w8PLgEeGcxNgLB-1TgQ">
<dc:title>Plan Iteration</dc:title>
<dc:description>Agree on which stories can be contained in an iteration. The discussion includes understanding the requirements associated to each story, and understanding the test cases needed to validate and test the implementation.&#13;&#10;&#13;&#10;See &lt;a href=&quot;../../../clm/process.clm_solution.base-ibm/deliveryprocesses/Plan%20Iteration_8662999B.html&quot;&gt;detailed description&lt;/a&gt;.</dc:description>
<rtc_cm:filedAgainst rdf:resource="${filedAgainst:Category}"/>
<rtc_cm:plannedFor rdf:resource="${plannedFor:Iteration}"/>
</rtc_cm:task>
<rtc_cm:task rdf:ID="-hY8bUPLgEeGcxNgLB-1TgQ">
<dc:title>Complete User Documentation</dc:title>
<dc:description>&#13;&#10;&#13;&#10;See &lt;a href=&quot;../../../clm/process.clm_solution.base-ibm/deliveryprocesses/Complete%20User%20Documentation_741B111F.html&quot;&gt;detailed description&lt;/a&gt;.</dc:description>
<rtc_cm:filedAgainst rdf:resource="${filedAgainst:Category}"/>
<rtc_cm:plannedFor rdf:resource="${plannedFor:Iteration}"/>
<rtc_cm:com.ibm.team.workitem.linktype.blocksworkitem.dependsOn rdf:resource="#-hY4w8PLgEeGcxNgLB-1TgQ"/>
</rtc_cm:task>
<rtc_cm:task rdf:ID="-hY-QgPLgEeGcxNgLB-1TgQ">
<dc:title>Design User Support and Training</dc:title>
<dc:description>&#13;&#10;&#13;&#10;See &lt;a href=&quot;../../../clm/process.clm_solution.base-ibm/deliveryprocesses/design_support_training_slot.train_E13A0963.html&quot;&gt;detailed description&lt;/a&gt;.</dc:description>
<rtc_cm:filedAgainst rdf:resource="${filedAgainst:Category}"/>
<rtc_cm:plannedFor rdf:resource="${plannedFor:Iteration}"/>
<rtc_cm:com.ibm.team.workitem.linktype.parentworkitem.parent rdf:resource="#-hY8bUPLgEeGcxNgLB-1TgQ"/>
</rtc_cm:task>
<rtc_cm:task rdf:ID="-hZAFsPLgEeGcxNgLB-1TgQ">
<dc:title>Develop User Support and Training</dc:title>
<dc:description>&#13;&#10;&#13;&#10;See &lt;a href=&quot;../../../clm/process.clm_solution.base-ibm/deliveryprocesses/develop_support_training_slot.train_A5CBEB82.html&quot;&gt;detailed description&lt;/a&gt;.</dc:description>
<rtc_cm:filedAgainst rdf:resource="${filedAgainst:Category}"/>
<rtc_cm:plannedFor rdf:resource="${plannedFor:Iteration}"/>
<rtc_cm:com.ibm.team.workitem.linktype.parentworkitem.parent rdf:resource="#-hY8bUPLgEeGcxNgLB-1TgQ"/>
<rtc_cm:com.ibm.team.workitem.linktype.blocksworkitem.dependsOn rdf:resource="#-hY-QgPLgEeGcxNgLB-1TgQ"/>
</rtc_cm:task>
<rtc_cm:task rdf:ID="-hZB64PLgEeGcxNgLB-1TgQ">
<dc:title>Conduct User Training</dc:title>
<dc:description>&#13;&#10;&#13;&#10;See &lt;a href=&quot;../../../clm/process.clm_solution.base-ibm/deliveryprocesses/conduct_user_training_slot_FD3ED55D.html&quot;&gt;detailed description&lt;/a&gt;.</dc:description>
<rtc_cm:filedAgainst rdf:resource="${filedAgainst:Category}"/>
<rtc_cm:plannedFor rdf:resource="${plannedFor:Iteration}"/>
<rtc_cm:com.ibm.team.workitem.linktype.parentworkitem.parent rdf:resource="#-hY8bUPLgEeGcxNgLB-1TgQ"/>
<rtc_cm:com.ibm.team.workitem.linktype.blocksworkitem.dependsOn rdf:resource="#-hZAFsPLgEeGcxNgLB-1TgQ"/>
</rtc_cm:task>
<rtc_cm:task rdf:ID="-hZEXIPLgEeGcxNgLB-1TgQ">
<dc:title>Make Final Build Available</dc:title>
<dc:description>&#13;&#10;&#13;&#10;See &lt;a href=&quot;../../../clm/process.clm_solution.base-ibm/deliveryprocesses/Make%20Final%20Build%20Available_DFE73F7D.html&quot;&gt;detailed description&lt;/a&gt;.</dc:description>
<rtc_cm:filedAgainst rdf:resource="${filedAgainst:Category}"/>
<rtc_cm:plannedFor rdf:resource="${plannedFor:Iteration}"/>
<rtc_cm:com.ibm.team.workitem.linktype.blocksworkitem.dependsOn rdf:resource="#-hY4w8PLgEeGcxNgLB-1TgQ"/>
</rtc_cm:task>
<rtc_cm:task rdf:ID="-hZGMUPLgEeGcxNgLB-1TgQ">
<dc:title>Plan Deployment Effort</dc:title>
<dc:description>&#13;&#10;&#13;&#10;See &lt;a href=&quot;../../../clm/process.clm_solution.base-ibm/deliveryprocesses/Plan%20Deployment%20Effort_2CBC4948.html&quot;&gt;detailed description&lt;/a&gt;.</dc:description>
<rtc_cm:filedAgainst rdf:resource="${filedAgainst:Category}"/>
<rtc_cm:plannedFor rdf:resource="${plannedFor:Iteration}"/>
<rtc_cm:com.ibm.team.workitem.linktype.parentworkitem.parent rdf:resource="#-hZEXIPLgEeGcxNgLB-1TgQ"/>
</rtc_cm:task>
<rtc_cm:task rdf:ID="-hZIBgPLgEeGcxNgLB-1TgQ">
<dc:title>Prepare for Deployment</dc:title>
<dc:description>&#13;&#10;&#13;&#10;See &lt;a href=&quot;../../../clm/process.clm_solution.base-ibm/deliveryprocesses/Prepare%20for%20Deployment_55DC9AF7.html&quot;&gt;detailed description&lt;/a&gt;.</dc:description>
<rtc_cm:filedAgainst rdf:resource="${filedAgainst:Category}"/>
<rtc_cm:plannedFor rdf:resource="${plannedFor:Iteration}"/>
<rtc_cm:com.ibm.team.workitem.linktype.parentworkitem.parent rdf:resource="#-hZEXIPLgEeGcxNgLB-1TgQ"/>
<rtc_cm:com.ibm.team.workitem.linktype.blocksworkitem.dependsOn rdf:resource="#-hZGMUPLgEeGcxNgLB-1TgQ"/>
</rtc_cm:task>
<rtc_cm:task rdf:ID="-hZJ2sPLgEeGcxNgLB-1TgQ">
<dc:title>Deploy Solution</dc:title>
<dc:description>&#13;&#10;&#13;&#10;See &lt;a href=&quot;../../../clm/process.clm_solution.base-ibm/deliveryprocesses/Deploy%20Solution_FD67C9E8.html&quot;&gt;detailed description&lt;/a&gt;.</dc:description>
<rtc_cm:filedAgainst rdf:resource="${filedAgainst:Category}"/>
<rtc_cm:plannedFor rdf:resource="${plannedFor:Iteration}"/>
<rtc_cm:com.ibm.team.workitem.linktype.parentworkitem.parent rdf:resource="#-hZEXIPLgEeGcxNgLB-1TgQ"/>
<rtc_cm:com.ibm.team.workitem.linktype.blocksworkitem.dependsOn rdf:resource="#-hZIBgPLgEeGcxNgLB-1TgQ"/>
</rtc_cm:task>
<rtc_cm:com.ibm.team.workitem.workItemType.retrospective rdf:ID="-hZMS8PLgEeGcxNgLB-1TgQ">
<dc:title>Assess Iteration Results (Team Level)</dc:title>
<dc:description>Determine success or failure of the iteration. Apply the lessons learned to modify the project or improve the process.&#13;&#10;&#13;&#10;See &lt;a href=&quot;../../../clm/process.clm_solution.base-ibm/deliveryprocesses/assess_iteration_results_team.assign_10B6DDE5.html&quot;&gt;detailed description&lt;/a&gt;.</dc:description>
<rtc_cm:filedAgainst rdf:resource="${filedAgainst:Category}"/>
<rtc_cm:plannedFor rdf:resource="${plannedFor:Iteration}"/>
</rtc_cm:com.ibm.team.workitem.workItemType.retrospective>
</rtc_cm:workItems>
</rtc_cm:WorkItemTemplate>