<?xml version="1.0" encoding="UTF-8"?>
<rtc_cm:WorkItemTemplate
  xmlns:dc="http://purl.org/dc/terms/"
  xmlns:rtc_cm="http://jazz.net/xmlns/prod/jazz/rtc/cm/1.0/"
  xmlns:rdf="http://www.w3.org/1999/02/22-rdf-syntax-ns#">
<!--#RMC#
process.name=indep_test_team_wkflow
process.guid=_qYkgjmiuEeGt9vfFeBDxPg
configuration.name=tech.practices_for_clm_solution-ibm
configuration.guid=_qZqFoGiuEeGt9vfFeBDxPg
#RMC#-->
<dc:identifier>indep_test_team_wkflow.Construction</dc:identifier>
<dc:title>Independent Test Team Workflow - Construction Iteration</dc:title>
<dc:description></dc:description>
<rtc_cm:workItems>
<rtc_cm:task rdf:ID="-pH2yUPLhEeGcxNgLB-1TgQ">
<dc:title>Plan Iteration</dc:title>
<dc:description>Understand the requirements associated to each story, and define the test cases needed to validate and test the implementation.&#13;&#10;&#13;&#10;See &lt;a href=&quot;../../../clm/process.clm_solution.base-ibm/deliveryprocesses/Plan%20Iteration_21C2439A.html&quot;&gt;detailed description&lt;/a&gt;.</dc:description>
<rtc_cm:filedAgainst rdf:resource="${filedAgainst:Category}"/>
<rtc_cm:plannedFor rdf:resource="${plannedFor:Iteration}"/>
</rtc_cm:task>
<rtc_cm:task rdf:ID="-pH6csPLhEeGcxNgLB-1TgQ">
<dc:title>Plan Test Cycle</dc:title>
<dc:description>Identify the appropriate focus of the test effort for the cycle, and gain agreement with stakeholders on the corresponding goals that will direct the test effort.&#13;&#10;&#13;&#10;See &lt;a href=&quot;../../../clm/process.clm_solution.base-ibm/deliveryprocesses/plan_test_cycle_BF412B66.html&quot;&gt;detailed description&lt;/a&gt;.</dc:description>
<rtc_cm:filedAgainst rdf:resource="${filedAgainst:Category}"/>
<rtc_cm:plannedFor rdf:resource="${plannedFor:Iteration}"/>
<rtc_cm:com.ibm.team.workitem.linktype.parentworkitem.parent rdf:resource="#-pH2yUPLhEeGcxNgLB-1TgQ"/>
</rtc_cm:task>
<rtc_cm:task rdf:ID="-pH848PLhEeGcxNgLB-1TgQ">
<dc:title>Define Test Approach</dc:title>
<dc:description>Define the test strategy and the specific techniques that will be employed, and outline the test architecture.&#13;&#10;&#13;&#10;See &lt;a href=&quot;../../../clm/process.clm_solution.base-ibm/deliveryprocesses/plan_test_83D30D85.html&quot;&gt;detailed description&lt;/a&gt;.</dc:description>
<rtc_cm:filedAgainst rdf:resource="${filedAgainst:Category}"/>
<rtc_cm:plannedFor rdf:resource="${plannedFor:Iteration}"/>
<rtc_cm:com.ibm.team.workitem.linktype.parentworkitem.parent rdf:resource="#-pH2yUPLhEeGcxNgLB-1TgQ"/>
<rtc_cm:com.ibm.team.workitem.linktype.blocksworkitem.dependsOn rdf:resource="#-pH6csPLhEeGcxNgLB-1TgQ"/>
</rtc_cm:task>
<rtc_cm:task rdf:ID="-pH-uIPLhEeGcxNgLB-1TgQ">
<dc:title>Verify Test Approach</dc:title>
<dc:description>Demonstrate that the various techniques outlined in the test approach will facilitate the planned test effort. The intent is to verify by demonstration that the approach will work, produce accurate results and is appropriate for the available resources.&#13;&#10;&#13;&#10;See &lt;a href=&quot;../../../clm/process.clm_solution.base-ibm/deliveryprocesses/ver_test_B583E7E8.html&quot;&gt;detailed description&lt;/a&gt;.</dc:description>
<rtc_cm:filedAgainst rdf:resource="${filedAgainst:Category}"/>
<rtc_cm:plannedFor rdf:resource="${plannedFor:Iteration}"/>
<rtc_cm:com.ibm.team.workitem.linktype.parentworkitem.parent rdf:resource="#-pH2yUPLhEeGcxNgLB-1TgQ"/>
<rtc_cm:com.ibm.team.workitem.linktype.blocksworkitem.dependsOn rdf:resource="#-pH848PLhEeGcxNgLB-1TgQ"/>
</rtc_cm:task>
<rtc_cm:task rdf:ID="-pIAjUPLhEeGcxNgLB-1TgQ">
<dc:title>Improve Test Assets</dc:title>
<dc:description>Maintain and improve the test-related assets.&#13;&#10;&#13;&#10;See &lt;a href=&quot;../../../clm/process.clm_solution.base-ibm/deliveryprocesses/impr_test_67CE418B.html&quot;&gt;detailed description&lt;/a&gt;.</dc:description>
<rtc_cm:filedAgainst rdf:resource="${filedAgainst:Category}"/>
<rtc_cm:plannedFor rdf:resource="${plannedFor:Iteration}"/>
<rtc_cm:com.ibm.team.workitem.linktype.parentworkitem.parent rdf:resource="#-pH2yUPLhEeGcxNgLB-1TgQ"/>
<rtc_cm:com.ibm.team.workitem.linktype.blocksworkitem.dependsOn rdf:resource="#-pH848PLhEeGcxNgLB-1TgQ"/>
</rtc_cm:task>
<rtc_cm:task rdf:ID="-pICYgPLhEeGcxNgLB-1TgQ">
<dc:title>Gather and Analyze Data</dc:title>
<dc:description>Get a better understanding of the system under test.&#13;&#10;&#13;&#10;See &lt;a href=&quot;../../../clm/process.clm_solution.base-ibm/deliveryprocesses/gather_analyze_data_DF8B19DF.html&quot;&gt;detailed description&lt;/a&gt;.</dc:description>
<rtc_cm:filedAgainst rdf:resource="${filedAgainst:Category}"/>
<rtc_cm:plannedFor rdf:resource="${plannedFor:Iteration}"/>
<rtc_cm:com.ibm.team.workitem.linktype.parentworkitem.parent rdf:resource="#-pH2yUPLhEeGcxNgLB-1TgQ"/>
<rtc_cm:com.ibm.team.workitem.linktype.blocksworkitem.dependsOn rdf:resource="#-pH848PLhEeGcxNgLB-1TgQ"/>
</rtc_cm:task>
<rtc_cm:task rdf:ID="-pIENsPLhEeGcxNgLB-1TgQ">
<dc:title>Test and Evaluate</dc:title>
<dc:description>Achieve appropriate breadth and depth of the test effort to enable a sufficient evaluation of the items being targeted by the tests.&#13;&#10;&#13;&#10;See &lt;a href=&quot;../../../clm/process.clm_solution.base-ibm/deliveryprocesses/test_and_evaluate_67CE418B.html&quot;&gt;detailed description&lt;/a&gt;.</dc:description>
<rtc_cm:filedAgainst rdf:resource="${filedAgainst:Category}"/>
<rtc_cm:plannedFor rdf:resource="${plannedFor:Iteration}"/>
<rtc_cm:com.ibm.team.workitem.linktype.blocksworkitem.dependsOn rdf:resource="#-pH848PLhEeGcxNgLB-1TgQ"/>
<rtc_cm:com.ibm.team.workitem.linktype.blocksworkitem.dependsOn rdf:resource="#-pH2yUPLhEeGcxNgLB-1TgQ"/>
</rtc_cm:task>
<rtc_cm:task rdf:ID="-pIGC4PLhEeGcxNgLB-1TgQ">
<dc:title>Design Test</dc:title>
<dc:description>&#13;&#10;&#13;&#10;See &lt;a href=&quot;../../../clm/practice.tech.independent_testing.base-ibm/capabilitypatterns/design_test_AC9B63D2.html&quot;&gt;detailed description&lt;/a&gt;.</dc:description>
<rtc_cm:filedAgainst rdf:resource="${filedAgainst:Category}"/>
<rtc_cm:plannedFor rdf:resource="${plannedFor:Iteration}"/>
<rtc_cm:com.ibm.team.workitem.linktype.parentworkitem.parent rdf:resource="#-pIENsPLhEeGcxNgLB-1TgQ"/>
</rtc_cm:task>
<rtc_cm:task rdf:ID="-pIH4EPLhEeGcxNgLB-1TgQ">
<dc:title>Develop Test</dc:title>
<dc:description>&#13;&#10;&#13;&#10;See &lt;a href=&quot;../../../clm/practice.tech.independent_testing.base-ibm/capabilitypatterns/dev_test_65BF57A8.html&quot;&gt;detailed description&lt;/a&gt;.</dc:description>
<rtc_cm:filedAgainst rdf:resource="${filedAgainst:Category}"/>
<rtc_cm:plannedFor rdf:resource="${plannedFor:Iteration}"/>
<rtc_cm:com.ibm.team.workitem.linktype.parentworkitem.parent rdf:resource="#-pIENsPLhEeGcxNgLB-1TgQ"/>
<rtc_cm:com.ibm.team.workitem.linktype.blocksworkitem.dependsOn rdf:resource="#-pIGC4PLhEeGcxNgLB-1TgQ"/>
</rtc_cm:task>
<rtc_cm:task rdf:ID="-pIJtQPLhEeGcxNgLB-1TgQ">
<dc:title>Prepare Test Run</dc:title>
<dc:description>&#13;&#10;&#13;&#10;See &lt;a href=&quot;../../../clm/practice.tech.independent_testing.base-ibm/capabilitypatterns/prep_test_run_99C421B7.html&quot;&gt;detailed description&lt;/a&gt;.</dc:description>
<rtc_cm:filedAgainst rdf:resource="${filedAgainst:Category}"/>
<rtc_cm:plannedFor rdf:resource="${plannedFor:Iteration}"/>
<rtc_cm:com.ibm.team.workitem.linktype.parentworkitem.parent rdf:resource="#-pIENsPLhEeGcxNgLB-1TgQ"/>
<rtc_cm:com.ibm.team.workitem.linktype.blocksworkitem.dependsOn rdf:resource="#-pIH4EPLhEeGcxNgLB-1TgQ"/>
</rtc_cm:task>
<rtc_cm:task rdf:ID="-pILicPLhEeGcxNgLB-1TgQ">
<dc:title>Run Test</dc:title>
<dc:description>&#13;&#10;&#13;&#10;See &lt;a href=&quot;../../../clm/practice.tech.independent_testing.base-ibm/capabilitypatterns/run_eval_test_5EDAC9FA.html&quot;&gt;detailed description&lt;/a&gt;.</dc:description>
<rtc_cm:filedAgainst rdf:resource="${filedAgainst:Category}"/>
<rtc_cm:plannedFor rdf:resource="${plannedFor:Iteration}"/>
<rtc_cm:com.ibm.team.workitem.linktype.parentworkitem.parent rdf:resource="#-pIENsPLhEeGcxNgLB-1TgQ"/>
<rtc_cm:com.ibm.team.workitem.linktype.blocksworkitem.dependsOn rdf:resource="#-pIJtQPLhEeGcxNgLB-1TgQ"/>
</rtc_cm:task>
<rtc_cm:task rdf:ID="-pINXoPLhEeGcxNgLB-1TgQ">
<dc:title>Perform Exploratory Testing</dc:title>
<dc:description>&#13;&#10;&#13;&#10;See &lt;a href=&quot;../../../clm/practice.tech.independent_testing.base-ibm/capabilitypatterns/perform_exploratory_testing_EF2AE2DA.html&quot;&gt;detailed description&lt;/a&gt;.</dc:description>
<rtc_cm:filedAgainst rdf:resource="${filedAgainst:Category}"/>
<rtc_cm:plannedFor rdf:resource="${plannedFor:Iteration}"/>
<rtc_cm:com.ibm.team.workitem.linktype.parentworkitem.parent rdf:resource="#-pIENsPLhEeGcxNgLB-1TgQ"/>
</rtc_cm:task>
</rtc_cm:workItems>
</rtc_cm:WorkItemTemplate>