<?xml version="1.0" encoding="UTF-8"?>
<rtc_cm:WorkItemTemplate
  xmlns:dc="http://purl.org/dc/terms/"
  xmlns:rtc_cm="http://jazz.net/xmlns/prod/jazz/rtc/cm/1.0/"
  xmlns:rdf="http://www.w3.org/1999/02/22-rdf-syntax-ns#">
<!--#RMC#
process.name=project_leadership_team_wkflow
process.guid=_qY8T9GiuEeGt9vfFeBDxPg
configuration.name=tech.practices_for_clm_solution-ibm
configuration.guid=_qZqFoGiuEeGt9vfFeBDxPg
#RMC#-->
<dc:identifier>project_leadership_team_wkflow.Inception</dc:identifier>
<dc:title>Project Leadership Team Workflow - Inception Iteration</dc:title>
<dc:description></dc:description>
<rtc_cm:workItems>
<rtc_cm:task rdf:ID="-ozAQwPLuEeGcxNgLB-1TgQ">
<dc:title>Inspect, Adapt, Setup</dc:title>
<dc:description>&#13;&#10;&#13;&#10;See &lt;a href=&quot;../../../clm/process.clm_solution.base-ibm/deliveryprocesses/Inspect,%20Adapt,%20Setup_B30AFAB3.html&quot;&gt;detailed description&lt;/a&gt;.</dc:description>
<rtc_cm:filedAgainst rdf:resource="${filedAgainst:Category}"/>
<rtc_cm:plannedFor rdf:resource="${plannedFor:Iteration}"/>
</rtc_cm:task>
<rtc_cm:task rdf:ID="-ozD7IPLuEeGcxNgLB-1TgQ">
<dc:title>Define Operational Objectives</dc:title>
<dc:description>&#13;&#10;&#13;&#10;See &lt;a href=&quot;../../../clm/process.clm_solution.base-ibm/deliveryprocesses/Define%20Operational%20Objectives_B93BC173.html&quot;&gt;detailed description&lt;/a&gt;.</dc:description>
<rtc_cm:filedAgainst rdf:resource="${filedAgainst:Category}"/>
<rtc_cm:plannedFor rdf:resource="${plannedFor:Iteration}"/>
<rtc_cm:com.ibm.team.workitem.linktype.parentworkitem.parent rdf:resource="#-ozAQwPLuEeGcxNgLB-1TgQ"/>
</rtc_cm:task>
<rtc_cm:task rdf:ID="-ozFwUPLuEeGcxNgLB-1TgQ">
<dc:title>Select Practices and Define Team Process</dc:title>
<dc:description>This task describes how to tailor a process for a project.&#13;&#10;&#13;&#10;See &lt;a href=&quot;../../../clm/process.clm_solution.base-ibm/deliveryprocesses/tailor_process_D8D4112C.html&quot;&gt;detailed description&lt;/a&gt;.</dc:description>
<rtc_cm:filedAgainst rdf:resource="${filedAgainst:Category}"/>
<rtc_cm:plannedFor rdf:resource="${plannedFor:Iteration}"/>
<rtc_cm:com.ibm.team.workitem.linktype.parentworkitem.parent rdf:resource="#-ozAQwPLuEeGcxNgLB-1TgQ"/>
<rtc_cm:com.ibm.team.workitem.linktype.blocksworkitem.dependsOn rdf:resource="#-ozD7IPLuEeGcxNgLB-1TgQ"/>
</rtc_cm:task>
<rtc_cm:task rdf:ID="-ozHlgPLuEeGcxNgLB-1TgQ">
<dc:title>Deploy Tools</dc:title>
<dc:description>&#13;&#10;&#13;&#10;See &lt;a href=&quot;../../../clm/process.clm_solution.base-ibm/deliveryprocesses/Deploy%20Tools_3C2EBEF1.html&quot;&gt;detailed description&lt;/a&gt;.</dc:description>
<rtc_cm:filedAgainst rdf:resource="${filedAgainst:Category}"/>
<rtc_cm:plannedFor rdf:resource="${plannedFor:Iteration}"/>
<rtc_cm:com.ibm.team.workitem.linktype.parentworkitem.parent rdf:resource="#-ozAQwPLuEeGcxNgLB-1TgQ"/>
<rtc_cm:com.ibm.team.workitem.linktype.blocksworkitem.dependsOn rdf:resource="#-ozD7IPLuEeGcxNgLB-1TgQ"/>
</rtc_cm:task>
<rtc_cm:task rdf:ID="-ozKBwPLuEeGcxNgLB-1TgQ">
<dc:title>Onboard Leadership and Sub Teams</dc:title>
<dc:description>This task describes how to rollout a development process to the project team.&#13;&#10;&#13;&#10;See &lt;a href=&quot;../../../clm/process.clm_solution.base-ibm/deliveryprocesses/deploy_process_9143CF3F.html&quot;&gt;detailed description&lt;/a&gt;.</dc:description>
<rtc_cm:filedAgainst rdf:resource="${filedAgainst:Category}"/>
<rtc_cm:plannedFor rdf:resource="${plannedFor:Iteration}"/>
<rtc_cm:com.ibm.team.workitem.linktype.parentworkitem.parent rdf:resource="#-ozAQwPLuEeGcxNgLB-1TgQ"/>
<rtc_cm:com.ibm.team.workitem.linktype.blocksworkitem.dependsOn rdf:resource="#-ozFwUPLuEeGcxNgLB-1TgQ"/>
<rtc_cm:com.ibm.team.workitem.linktype.blocksworkitem.dependsOn rdf:resource="#-ozHlgPLuEeGcxNgLB-1TgQ"/>
</rtc_cm:task>
<rtc_cm:task rdf:ID="-ozL28PLuEeGcxNgLB-1TgQ">
<dc:title>Plan Release</dc:title>
<dc:description>Align plans to ensure that the teams share a common vision of the project, with complete alignment across requirements, development and test plans.&#13;&#10;&#13;&#10;See &lt;a href=&quot;../../../clm/process.clm_solution.base-ibm/deliveryprocesses/Plan%20Release_EBBD1A7.html&quot;&gt;detailed description&lt;/a&gt;.</dc:description>
<rtc_cm:filedAgainst rdf:resource="${filedAgainst:Category}"/>
<rtc_cm:plannedFor rdf:resource="${plannedFor:Iteration}"/>
<rtc_cm:com.ibm.team.workitem.linktype.blocksworkitem.dependsOn rdf:resource="#-ozAQwPLuEeGcxNgLB-1TgQ"/>
</rtc_cm:task>
<rtc_cm:task rdf:ID="-ozNsIPLuEeGcxNgLB-1TgQ">
<dc:title>Plan Iteration (Project Level)</dc:title>
<dc:description>Plan the scope and responsibilities for a single iteration.&#13;&#10;&#13;&#10;See &lt;a href=&quot;../../../clm/process.clm_solution.base-ibm/deliveryprocesses/plan_iteration_project_31E5AD66.html&quot;&gt;detailed description&lt;/a&gt;.</dc:description>
<rtc_cm:filedAgainst rdf:resource="${filedAgainst:Category}"/>
<rtc_cm:plannedFor rdf:resource="${plannedFor:Iteration}"/>
<rtc_cm:com.ibm.team.workitem.linktype.parentworkitem.parent rdf:resource="#-ozL28PLuEeGcxNgLB-1TgQ"/>
</rtc_cm:task>
<rtc_cm:task rdf:ID="-ozPhUPLuEeGcxNgLB-1TgQ">
<dc:title>Define Vision</dc:title>
<dc:description>Define the vision for the future system. Describe the problem and features based on stakeholder requests.&#13;&#10;&#13;&#10;See &lt;a href=&quot;../../../clm/process.clm_solution.base-ibm/deliveryprocesses/develop_technical_vision_B007C705.html&quot;&gt;detailed description&lt;/a&gt;.</dc:description>
<rtc_cm:filedAgainst rdf:resource="${filedAgainst:Category}"/>
<rtc_cm:plannedFor rdf:resource="${plannedFor:Iteration}"/>
<rtc_cm:com.ibm.team.workitem.linktype.parentworkitem.parent rdf:resource="#-ozL28PLuEeGcxNgLB-1TgQ"/>
</rtc_cm:task>
<rtc_cm:task rdf:ID="-ozR9kPLuEeGcxNgLB-1TgQ">
<dc:title>Identify and Organize Requirements</dc:title>
<dc:description>&#13;&#10;&#13;&#10;See &lt;a href=&quot;../../../clm/process.clm_solution.base-ibm/deliveryprocesses/Identify%20and%20Organize%20Requirements_68113F48.html&quot;&gt;detailed description&lt;/a&gt;.</dc:description>
<rtc_cm:filedAgainst rdf:resource="${filedAgainst:Category}"/>
<rtc_cm:plannedFor rdf:resource="${plannedFor:Iteration}"/>
<rtc_cm:com.ibm.team.workitem.linktype.parentworkitem.parent rdf:resource="#-ozL28PLuEeGcxNgLB-1TgQ"/>
</rtc_cm:task>
<rtc_cm:task rdf:ID="-ozTywPLuEeGcxNgLB-1TgQ">
<dc:title>Envision the Architecture</dc:title>
<dc:description>This task is where the &quot;vision&quot; for the architecture is developed through analysis of the architecturally significant requirements and identification of architectural constraints, decisions and objectives.&#13;&#10;&#13;&#10;See &lt;a href=&quot;../../../clm/process.clm_solution.base-ibm/deliveryprocesses/envision_the_arch_8C684EA9.html&quot;&gt;detailed description&lt;/a&gt;.</dc:description>
<rtc_cm:filedAgainst rdf:resource="${filedAgainst:Category}"/>
<rtc_cm:plannedFor rdf:resource="${plannedFor:Iteration}"/>
<rtc_cm:com.ibm.team.workitem.linktype.parentworkitem.parent rdf:resource="#-ozL28PLuEeGcxNgLB-1TgQ"/>
</rtc_cm:task>
<rtc_cm:task rdf:ID="-ozWPAPLuEeGcxNgLB-1TgQ">
<dc:title>Plan Release</dc:title>
<dc:description>A collaborative task that outlines an initial agreement on how the project will achieve its goals. The resulting project plan provides a summary-level overview of the project.&#13;&#10;&#13;&#10;See &lt;a href=&quot;../../../clm/process.clm_solution.base-ibm/deliveryprocesses/plan_project.rename_AB811DAD.html&quot;&gt;detailed description&lt;/a&gt;.</dc:description>
<rtc_cm:filedAgainst rdf:resource="${filedAgainst:Category}"/>
<rtc_cm:plannedFor rdf:resource="${plannedFor:Iteration}"/>
<rtc_cm:com.ibm.team.workitem.linktype.parentworkitem.parent rdf:resource="#-ozL28PLuEeGcxNgLB-1TgQ"/>
</rtc_cm:task>
<rtc_cm:task rdf:ID="-ozYEMPLuEeGcxNgLB-1TgQ">
<dc:title>Plan System Integration</dc:title>
<dc:description>This task describes how to plan the integration of the system. &#13;&#10;&#13;&#10;See &lt;a href=&quot;../../../clm/process.clm_solution.base-ibm/deliveryprocesses/plan_system_integration_382CFB8.html&quot;&gt;detailed description&lt;/a&gt;.</dc:description>
<rtc_cm:filedAgainst rdf:resource="${filedAgainst:Category}"/>
<rtc_cm:plannedFor rdf:resource="${plannedFor:Iteration}"/>
<rtc_cm:com.ibm.team.workitem.linktype.parentworkitem.parent rdf:resource="#-ozL28PLuEeGcxNgLB-1TgQ"/>
</rtc_cm:task>
<rtc_cm:task rdf:ID="-ozZ5YPLuEeGcxNgLB-1TgQ">
<dc:title>Plan Test Effort</dc:title>
<dc:description>Identify the appropriate focus of the test effort for the cycle, and gain agreement with stakeholders on the corresponding goals that will direct the test effort.&#13;&#10;&#13;&#10;See &lt;a href=&quot;../../../clm/process.clm_solution.base-ibm/deliveryprocesses/plan_test_cycle_A0E33D9D.html&quot;&gt;detailed description&lt;/a&gt;.</dc:description>
<rtc_cm:filedAgainst rdf:resource="${filedAgainst:Category}"/>
<rtc_cm:plannedFor rdf:resource="${plannedFor:Iteration}"/>
<rtc_cm:com.ibm.team.workitem.linktype.parentworkitem.parent rdf:resource="#-ozL28PLuEeGcxNgLB-1TgQ"/>
</rtc_cm:task>
<rtc_cm:task rdf:ID="-ozbukPLuEeGcxNgLB-1TgQ">
<dc:title>Assess and Aprove Plan</dc:title>
<dc:description>&#13;&#10;&#13;&#10;See &lt;a href=&quot;../../../clm/process.clm_solution.base-ibm/deliveryprocesses/Assess%20and%20Aprove%20Plan_532D9740.html&quot;&gt;detailed description&lt;/a&gt;.</dc:description>
<rtc_cm:filedAgainst rdf:resource="${filedAgainst:Category}"/>
<rtc_cm:plannedFor rdf:resource="${plannedFor:Iteration}"/>
<rtc_cm:com.ibm.team.workitem.linktype.parentworkitem.parent rdf:resource="#-ozL28PLuEeGcxNgLB-1TgQ"/>
<rtc_cm:com.ibm.team.workitem.linktype.blocksworkitem.dependsOn rdf:resource="#-ozR9kPLuEeGcxNgLB-1TgQ"/>
<rtc_cm:com.ibm.team.workitem.linktype.blocksworkitem.dependsOn rdf:resource="#-ozWPAPLuEeGcxNgLB-1TgQ"/>
<rtc_cm:com.ibm.team.workitem.linktype.blocksworkitem.dependsOn rdf:resource="#-ozZ5YPLuEeGcxNgLB-1TgQ"/>
<rtc_cm:com.ibm.team.workitem.linktype.blocksworkitem.dependsOn rdf:resource="#-ozNsIPLuEeGcxNgLB-1TgQ"/>
<rtc_cm:com.ibm.team.workitem.linktype.blocksworkitem.dependsOn rdf:resource="#-ozYEMPLuEeGcxNgLB-1TgQ"/>
<rtc_cm:com.ibm.team.workitem.linktype.blocksworkitem.dependsOn rdf:resource="#-ozTywPLuEeGcxNgLB-1TgQ"/>
</rtc_cm:task>
<rtc_cm:com.ibm.team.workitem.workItemType.retrospective rdf:ID="-ozdjwPLuEeGcxNgLB-1TgQ">
<dc:title>Assess Iteration Results (Project Level)</dc:title>
<dc:description>Determine success or failure of the iteration. Apply the lessons learned to modify the project or improve the process.&#13;&#10;&#13;&#10;See &lt;a href=&quot;../../../clm/process.clm_solution.base-ibm/deliveryprocesses/assess_iteration_results_project_5F7021F.html&quot;&gt;detailed description&lt;/a&gt;.</dc:description>
<rtc_cm:filedAgainst rdf:resource="${filedAgainst:Category}"/>
<rtc_cm:plannedFor rdf:resource="${plannedFor:Iteration}"/>
</rtc_cm:com.ibm.team.workitem.workItemType.retrospective>
</rtc_cm:workItems>
</rtc_cm:WorkItemTemplate>