<?xml version="1.0" encoding="UTF-8"?>
<rtc_cm:WorkItemTemplate
  xmlns:dc="http://purl.org/dc/terms/"
  xmlns:rtc_cm="http://jazz.net/xmlns/prod/jazz/rtc/cm/1.0/"
  xmlns:rdf="http://www.w3.org/1999/02/22-rdf-syntax-ns#">
<!--#RMC#
process.name=project_leadership_team_wkflow
process.guid=_qY8T9GiuEeGt9vfFeBDxPg
configuration.name=tech.practices_for_clm_solution-ibm
configuration.guid=_qZqFoGiuEeGt9vfFeBDxPg
#RMC#-->
<dc:identifier>project_leadership_team_wkflow.Transition</dc:identifier>
<dc:title>Project Leadership Team Workflow - Transition Iteration</dc:title>
<dc:description></dc:description>
<rtc_cm:workItems>
<rtc_cm:task rdf:ID="-IBFJQPLiEeGcxNgLB-1TgQ">
<dc:title>Plan Iteration</dc:title>
<dc:description>Agree on which stories can be contained in an iteration. The discussion includes understanding the requirements associated to each story, and understanding the test cases needed to validate and test the implementation.&#13;&#10;&#13;&#10;See &lt;a href=&quot;../../../clm/process.clm_solution.base-ibm/deliveryprocesses/Plan%20Iteration_3B508EF6.html&quot;&gt;detailed description&lt;/a&gt;.</dc:description>
<rtc_cm:filedAgainst rdf:resource="${filedAgainst:Category}"/>
<rtc_cm:plannedFor rdf:resource="${plannedFor:Iteration}"/>
</rtc_cm:task>
<rtc_cm:task rdf:ID="-IBIzoPLiEeGcxNgLB-1TgQ">
<dc:title>Plan Development Effort</dc:title>
<dc:description>&#13;&#10;&#13;&#10;See &lt;a href=&quot;../../../clm/process.clm_solution.base-ibm/deliveryprocesses/Plan%20Development%20Effort_C393B6A2.html&quot;&gt;detailed description&lt;/a&gt;.</dc:description>
<rtc_cm:filedAgainst rdf:resource="${filedAgainst:Category}"/>
<rtc_cm:plannedFor rdf:resource="${plannedFor:Iteration}"/>
<rtc_cm:com.ibm.team.workitem.linktype.parentworkitem.parent rdf:resource="#-IBFJQPLiEeGcxNgLB-1TgQ"/>
</rtc_cm:task>
<rtc_cm:task rdf:ID="-IBKo0PLiEeGcxNgLB-1TgQ">
<dc:title>Assess Plan Coverage</dc:title>
<dc:description>&#13;&#10;&#13;&#10;See &lt;a href=&quot;../../../clm/process.clm_solution.base-ibm/deliveryprocesses/Assess%20Plan%20Coverage_3A6FF264.html&quot;&gt;detailed description&lt;/a&gt;.</dc:description>
<rtc_cm:filedAgainst rdf:resource="${filedAgainst:Category}"/>
<rtc_cm:plannedFor rdf:resource="${plannedFor:Iteration}"/>
<rtc_cm:com.ibm.team.workitem.linktype.parentworkitem.parent rdf:resource="#-IBFJQPLiEeGcxNgLB-1TgQ"/>
<rtc_cm:com.ibm.team.workitem.linktype.blocksworkitem.dependsOn rdf:resource="#-IBIzoPLiEeGcxNgLB-1TgQ"/>
</rtc_cm:task>
<rtc_cm:com.ibm.team.workitem.workItemType.retrospective rdf:ID="-IBMeAPLiEeGcxNgLB-1TgQ">
<dc:title>Assess Iteration Results (Project Level)</dc:title>
<dc:description>Determine success or failure of the iteration. Apply the lessons learned to modify the project or improve the process.&#13;&#10;&#13;&#10;See &lt;a href=&quot;../../../clm/process.clm_solution.base-ibm/deliveryprocesses/assess_iteration_results_project_73B4920F.html&quot;&gt;detailed description&lt;/a&gt;.</dc:description>
<rtc_cm:filedAgainst rdf:resource="${filedAgainst:Category}"/>
<rtc_cm:plannedFor rdf:resource="${plannedFor:Iteration}"/>
</rtc_cm:com.ibm.team.workitem.workItemType.retrospective>
</rtc_cm:workItems>
</rtc_cm:WorkItemTemplate>