<?xml version="1.0" encoding="UTF-8"?>
<rtc_cm:WorkItemTemplate
  xmlns:dc="http://purl.org/dc/terms/"
  xmlns:rtc_cm="http://jazz.net/xmlns/prod/jazz/rtc/cm/1.0/"
  xmlns:rdf="http://www.w3.org/1999/02/22-rdf-syntax-ns#">
<!--#RMC#
process.name=project_leadership_team_wkflow
process.guid=_qY8T9GiuEeGt9vfFeBDxPg
configuration.name=tech.practices_for_clm_solution-ibm
configuration.guid=_qZqFoGiuEeGt9vfFeBDxPg
#RMC#-->
<dc:identifier>project_leadership_team_wkflow.Construction</dc:identifier>
<dc:title>Project Leadership Team Workflow - Construction Iteration</dc:title>
<dc:description></dc:description>
<rtc_cm:workItems>
<rtc_cm:task rdf:ID="-u2k8wPLuEeGcxNgLB-1TgQ">
<dc:title>Plan Iteration</dc:title>
<dc:description>Agree on which stories can be contained in an iteration. The discussion includes understanding the requirements associated to each story, and understanding the test cases needed to validate and test the implementation.&#13;&#10;&#13;&#10;See &lt;a href=&quot;../../../clm/process.clm_solution.base-ibm/deliveryprocesses/Plan%20Iteration_2216FD6B.html&quot;&gt;detailed description&lt;/a&gt;.</dc:description>
<rtc_cm:filedAgainst rdf:resource="${filedAgainst:Category}"/>
<rtc_cm:plannedFor rdf:resource="${plannedFor:Iteration}"/>
</rtc_cm:task>
<rtc_cm:task rdf:ID="-u2oAEPLuEeGcxNgLB-1TgQ">
<dc:title>Propose Requirements</dc:title>
<dc:description>Define the vision for the future system. Describe the problem and features based on stakeholder requests.&#13;&#10;&#13;&#10;See &lt;a href=&quot;../../../clm/process.clm_solution.base-ibm/deliveryprocesses/develop_technical_vision_222429FC.html&quot;&gt;detailed description&lt;/a&gt;.</dc:description>
<rtc_cm:filedAgainst rdf:resource="${filedAgainst:Category}"/>
<rtc_cm:plannedFor rdf:resource="${plannedFor:Iteration}"/>
<rtc_cm:com.ibm.team.workitem.linktype.parentworkitem.parent rdf:resource="#-u2k8wPLuEeGcxNgLB-1TgQ"/>
</rtc_cm:task>
<rtc_cm:task rdf:ID="-u2p1QPLuEeGcxNgLB-1TgQ">
<dc:title>Refine the Architecture</dc:title>
<dc:description>Refine the architecture to an appropriate level of detail to support development.&#13;&#10;&#13;&#10;See &lt;a href=&quot;../../../clm/process.clm_solution.base-ibm/deliveryprocesses/refine_the_arch_EFA551DC.html&quot;&gt;detailed description&lt;/a&gt;.</dc:description>
<rtc_cm:filedAgainst rdf:resource="${filedAgainst:Category}"/>
<rtc_cm:plannedFor rdf:resource="${plannedFor:Iteration}"/>
<rtc_cm:com.ibm.team.workitem.linktype.parentworkitem.parent rdf:resource="#-u2k8wPLuEeGcxNgLB-1TgQ"/>
</rtc_cm:task>
<rtc_cm:task rdf:ID="-u2rDYPLuEeGcxNgLB-1TgQ">
<dc:title>Plan Development Effort</dc:title>
<dc:description>&#13;&#10;&#13;&#10;See &lt;a href=&quot;../../../clm/process.clm_solution.base-ibm/deliveryprocesses/Plan%20Development%20Effort_28E00945.html&quot;&gt;detailed description&lt;/a&gt;.</dc:description>
<rtc_cm:filedAgainst rdf:resource="${filedAgainst:Category}"/>
<rtc_cm:plannedFor rdf:resource="${plannedFor:Iteration}"/>
<rtc_cm:com.ibm.team.workitem.linktype.parentworkitem.parent rdf:resource="#-u2k8wPLuEeGcxNgLB-1TgQ"/>
</rtc_cm:task>
<rtc_cm:task rdf:ID="-u2s4kPLuEeGcxNgLB-1TgQ">
<dc:title>Assess Plan Coverage</dc:title>
<dc:description>&#13;&#10;&#13;&#10;See &lt;a href=&quot;../../../clm/process.clm_solution.base-ibm/deliveryprocesses/Assess%20Plan%20Coverage_400756A.html&quot;&gt;detailed description&lt;/a&gt;.</dc:description>
<rtc_cm:filedAgainst rdf:resource="${filedAgainst:Category}"/>
<rtc_cm:plannedFor rdf:resource="${plannedFor:Iteration}"/>
<rtc_cm:com.ibm.team.workitem.linktype.parentworkitem.parent rdf:resource="#-u2k8wPLuEeGcxNgLB-1TgQ"/>
<rtc_cm:com.ibm.team.workitem.linktype.blocksworkitem.dependsOn rdf:resource="#-u2rDYPLuEeGcxNgLB-1TgQ"/>
</rtc_cm:task>
<rtc_cm:com.ibm.team.workItemType.buildtrackingitem rdf:ID="-u2utwPLuEeGcxNgLB-1TgQ">
<dc:title>Build</dc:title>
<dc:description>This task describes how to integrate the implementation subsystems piecewise into a build. &#13;&#10;&#13;&#10;See &lt;a href=&quot;../../../clm/process.clm_solution.base-ibm/deliveryprocesses/integrate_system_33D1BB6A.html&quot;&gt;detailed description&lt;/a&gt;.</dc:description>
<rtc_cm:filedAgainst rdf:resource="${filedAgainst:Category}"/>
<rtc_cm:plannedFor rdf:resource="${plannedFor:Iteration}"/>
<rtc_cm:com.ibm.team.workitem.linktype.blocksworkitem.dependsOn rdf:resource="#-u2k8wPLuEeGcxNgLB-1TgQ"/>
</rtc_cm:com.ibm.team.workItemType.buildtrackingitem>
<rtc_cm:task rdf:ID="-u2wi8PLuEeGcxNgLB-1TgQ">
<dc:title>Stabilize</dc:title>
<dc:description>&#13;&#10;&#13;&#10;See &lt;a href=&quot;../../../clm/process.clm_solution.base-ibm/deliveryprocesses/Stabilize_E15A2BEE.html&quot;&gt;detailed description&lt;/a&gt;.</dc:description>
<rtc_cm:filedAgainst rdf:resource="${filedAgainst:Category}"/>
<rtc_cm:plannedFor rdf:resource="${plannedFor:Iteration}"/>
</rtc_cm:task>
<rtc_cm:com.ibm.team.workitem.workItemType.retrospective rdf:ID="-u2yYIPLuEeGcxNgLB-1TgQ">
<dc:title>Assess Iteration Results (Project Level)</dc:title>
<dc:description>Determine success or failure of the iteration. Apply the lessons learned to modify the project or improve the process.&#13;&#10;&#13;&#10;See &lt;a href=&quot;../../../clm/process.clm_solution.base-ibm/deliveryprocesses/assess_iteration_results_project_1B82BEA3.html&quot;&gt;detailed description&lt;/a&gt;.</dc:description>
<rtc_cm:filedAgainst rdf:resource="${filedAgainst:Category}"/>
<rtc_cm:plannedFor rdf:resource="${plannedFor:Iteration}"/>
<rtc_cm:com.ibm.team.workitem.linktype.parentworkitem.parent rdf:resource="#-u2wi8PLuEeGcxNgLB-1TgQ"/>
</rtc_cm:com.ibm.team.workitem.workItemType.retrospective>
<rtc_cm:task rdf:ID="-u20NUPLuEeGcxNgLB-1TgQ">
<dc:title>Update Process</dc:title>
<dc:description>This task describes how to rollout a development process to the project team.&#13;&#10;&#13;&#10;See &lt;a href=&quot;../../../clm/process.clm_solution.base-ibm/deliveryprocesses/deploy_process_34B0E97A.html&quot;&gt;detailed description&lt;/a&gt;.</dc:description>
<rtc_cm:filedAgainst rdf:resource="${filedAgainst:Category}"/>
<rtc_cm:plannedFor rdf:resource="${plannedFor:Iteration}"/>
<rtc_cm:com.ibm.team.workitem.linktype.parentworkitem.parent rdf:resource="#-u2wi8PLuEeGcxNgLB-1TgQ"/>
</rtc_cm:task>
</rtc_cm:workItems>
</rtc_cm:WorkItemTemplate>