<?xml version="1.0" encoding="UTF-8"?>
<rtc_cm:WorkItemTemplate
  xmlns:dc="http://purl.org/dc/terms/"
  xmlns:rtc_cm="http://jazz.net/xmlns/prod/jazz/rtc/cm/1.0/"
  xmlns:rdf="http://www.w3.org/1999/02/22-rdf-syntax-ns#">
<!--#RMC#
process.name=dev_team_wkflow
process.guid=_qYu4lmiuEeGt9vfFeBDxPg
configuration.name=tech.practices_for_clm_solution-ibm
configuration.guid=_qZqFoGiuEeGt9vfFeBDxPg
#RMC#-->
<dc:identifier>dev_team_wkflow.Construction</dc:identifier>
<dc:title>Development Team Workflow - Construction Iteration</dc:title>
<dc:description></dc:description>
<rtc_cm:workItems>
<rtc_cm:task rdf:ID="-NEFt4POXEeGsnI1J7skWlw">
<dc:title>Plan Iteration</dc:title>
<dc:description>Agree on which stories can be contained in an iteration. The discussion includes understanding the requirements associated to each story, and understanding the test cases needed to validate and test the implementation.&#13;&#10;&#13;&#10;See &lt;a href=&quot;../../../clm/process.clm_solution.base-ibm/deliveryprocesses/Plan%20Iteration_F777B0B7.html&quot;&gt;detailed description&lt;/a&gt;.</dc:description>
<rtc_cm:filedAgainst rdf:resource="${filedAgainst:Category}"/>
<rtc_cm:plannedFor rdf:resource="${plannedFor:Iteration}"/>
</rtc_cm:task>
<rtc_cm:task rdf:ID="-NEJ-UPOXEeGsnI1J7skWlw">
<dc:title>Propose Requirements</dc:title>
<dc:description>&#13;&#10;&#13;&#10;See &lt;a href=&quot;../../../clm/process.clm_solution.base-ibm/deliveryprocesses/Propose%20Requirements_46D6E793.html&quot;&gt;detailed description&lt;/a&gt;.</dc:description>
<rtc_cm:filedAgainst rdf:resource="${filedAgainst:Category}"/>
<rtc_cm:plannedFor rdf:resource="${plannedFor:Iteration}"/>
<rtc_cm:com.ibm.team.workitem.linktype.parentworkitem.parent rdf:resource="#-NEFt4POXEeGsnI1J7skWlw"/>
</rtc_cm:task>
<rtc_cm:task rdf:ID="-NEL0gPOXEeGsnI1J7skWlw">
<dc:title>Explore Design Options</dc:title>
<dc:description>Identify the elements and devise the interactions, behavior, relations, and data necessary to realize some functionality.&lt;p/&gt;Render the design visually to aid in solving the problem and communicating the  solution.&#13;&#10;&#13;&#10;See &lt;a href=&quot;../../../clm/process.clm_solution.base-ibm/deliveryprocesses/design_solution_328D55CD.html&quot;&gt;detailed description&lt;/a&gt;.</dc:description>
<rtc_cm:filedAgainst rdf:resource="${filedAgainst:Category}"/>
<rtc_cm:plannedFor rdf:resource="${plannedFor:Iteration}"/>
<rtc_cm:com.ibm.team.workitem.linktype.parentworkitem.parent rdf:resource="#-NEFt4POXEeGsnI1J7skWlw"/>
</rtc_cm:task>
<rtc_cm:task rdf:ID="-NENpsPOXEeGsnI1J7skWlw">
<dc:title>Plan Iteration (Team Level)</dc:title>
<dc:description>Plan the scope and responsibilities for a single iteration.&#13;&#10;&#13;&#10;See &lt;a href=&quot;../../../clm/process.clm_solution.base-ibm/deliveryprocesses/plan_iteration_team.assign_AB6DFA38.html&quot;&gt;detailed description&lt;/a&gt;.</dc:description>
<rtc_cm:filedAgainst rdf:resource="${filedAgainst:Category}"/>
<rtc_cm:plannedFor rdf:resource="${plannedFor:Iteration}"/>
<rtc_cm:com.ibm.team.workitem.linktype.parentworkitem.parent rdf:resource="#-NEFt4POXEeGsnI1J7skWlw"/>
</rtc_cm:task>
<rtc_cm:task rdf:ID="-NEQF8POXEeGsnI1J7skWlw">
<dc:title>Plan Test Effort</dc:title>
<dc:description>This task focuses on planning the test for the iteration.&#13;&#10;&#13;&#10;See &lt;a href=&quot;../../../clm/process.clm_solution.base-ibm/deliveryprocesses/plan_test_effort_74336D68.html&quot;&gt;detailed description&lt;/a&gt;.</dc:description>
<rtc_cm:filedAgainst rdf:resource="${filedAgainst:Category}"/>
<rtc_cm:plannedFor rdf:resource="${plannedFor:Iteration}"/>
<rtc_cm:com.ibm.team.workitem.linktype.parentworkitem.parent rdf:resource="#-NEFt4POXEeGsnI1J7skWlw"/>
</rtc_cm:task>
<rtc_cm:task rdf:ID="-NER7IPOXEeGsnI1J7skWlw">
<dc:title>Assess Plan Coverage (Team Level)</dc:title>
<dc:description>Assess that artifacts such as requirements, plan items, and test cases have all traceability associations defined.&#13;&#10;&#13;&#10;See &lt;a href=&quot;../../../clm/process.clm_solution.base-ibm/deliveryprocesses/assess_plan_coverage_team_level_A609EC8.html&quot;&gt;detailed description&lt;/a&gt;.</dc:description>
<rtc_cm:filedAgainst rdf:resource="${filedAgainst:Category}"/>
<rtc_cm:plannedFor rdf:resource="${plannedFor:Iteration}"/>
<rtc_cm:com.ibm.team.workitem.linktype.parentworkitem.parent rdf:resource="#-NEFt4POXEeGsnI1J7skWlw"/>
<rtc_cm:com.ibm.team.workitem.linktype.blocksworkitem.dependsOn rdf:resource="#-NEJ-UPOXEeGsnI1J7skWlw"/>
</rtc_cm:task>
<rtc_cm:task rdf:ID="-NETwUPOXEeGsnI1J7skWlw">
<dc:title>Complete Stories</dc:title>
<dc:description>&#13;&#10;&#13;&#10;See &lt;a href=&quot;../../../clm/process.clm_solution.base-ibm/deliveryprocesses/Complete%20Stories_3FC109ED.html&quot;&gt;detailed description&lt;/a&gt;.</dc:description>
<rtc_cm:filedAgainst rdf:resource="${filedAgainst:Category}"/>
<rtc_cm:plannedFor rdf:resource="${plannedFor:Iteration}"/>
<rtc_cm:com.ibm.team.workitem.linktype.blocksworkitem.dependsOn rdf:resource="#-NEFt4POXEeGsnI1J7skWlw"/>
</rtc_cm:task>
<rtc_cm:task rdf:ID="-NEVlgPOXEeGsnI1J7skWlw">
<dc:title>Construct Tests</dc:title>
<dc:description>&#13;&#10;&#13;&#10;See &lt;a href=&quot;../../../clm/process.clm_solution.base-ibm/deliveryprocesses/Construct%20Tests_181C76AF.html&quot;&gt;detailed description&lt;/a&gt;.</dc:description>
<rtc_cm:filedAgainst rdf:resource="${filedAgainst:Category}"/>
<rtc_cm:plannedFor rdf:resource="${plannedFor:Iteration}"/>
<rtc_cm:com.ibm.team.workitem.linktype.parentworkitem.parent rdf:resource="#-NETwUPOXEeGsnI1J7skWlw"/>
</rtc_cm:task>
<rtc_cm:com.ibm.team.apt.workItemType.story rdf:ID="-NEXasPOXEeGsnI1J7skWlw">
<dc:title>Develop Story: (story name)</dc:title>
<dc:description>&#13;&#10;&#13;&#10;See &lt;a href=&quot;../../../clm/process.clm_solution.base-ibm/deliveryprocesses/Develop_5D4EE33.html&quot;&gt;detailed description&lt;/a&gt;.</dc:description>
<rtc_cm:filedAgainst rdf:resource="${filedAgainst:Category}"/>
<rtc_cm:plannedFor rdf:resource="${plannedFor:Iteration}"/>
<rtc_cm:com.ibm.team.workitem.linktype.parentworkitem.parent rdf:resource="#-NETwUPOXEeGsnI1J7skWlw"/>
<rtc_cm:com.ibm.team.workitem.linktype.blocksworkitem.dependsOn rdf:resource="#-NEVlgPOXEeGsnI1J7skWlw"/>
</rtc_cm:com.ibm.team.apt.workItemType.story>
<rtc_cm:com.ibm.team.workItemType.buildtrackingitem rdf:ID="-NEZP4POXEeGsnI1J7skWlw">
<dc:title>Build</dc:title>
<dc:description>This task describes how to integrate all changes made by developers into the code base and perform the minimal testing to validate the build.&#13;&#10;&#13;&#10;See &lt;a href=&quot;../../../clm/process.clm_solution.base-ibm/deliveryprocesses/integrate_and_create_build.add_role_E1F3C6DB.html&quot;&gt;detailed description&lt;/a&gt;.</dc:description>
<rtc_cm:filedAgainst rdf:resource="${filedAgainst:Category}"/>
<rtc_cm:plannedFor rdf:resource="${plannedFor:Iteration}"/>
<rtc_cm:com.ibm.team.workitem.linktype.parentworkitem.parent rdf:resource="#-NETwUPOXEeGsnI1J7skWlw"/>
<rtc_cm:com.ibm.team.workitem.linktype.blocksworkitem.dependsOn rdf:resource="#-NEXasPOXEeGsnI1J7skWlw"/>
</rtc_cm:com.ibm.team.workItemType.buildtrackingitem>
<rtc_cm:task rdf:ID="-NEbsIPOXEeGsnI1J7skWlw">
<dc:title>Test</dc:title>
<dc:description>&#13;&#10;&#13;&#10;See &lt;a href=&quot;../../../clm/process.clm_solution.base-ibm/deliveryprocesses/Test%20Find%20Defect_FBC8EDD4.html&quot;&gt;detailed description&lt;/a&gt;.</dc:description>
<rtc_cm:filedAgainst rdf:resource="${filedAgainst:Category}"/>
<rtc_cm:plannedFor rdf:resource="${plannedFor:Iteration}"/>
<rtc_cm:com.ibm.team.workitem.linktype.parentworkitem.parent rdf:resource="#-NETwUPOXEeGsnI1J7skWlw"/>
<rtc_cm:com.ibm.team.workitem.linktype.blocksworkitem.dependsOn rdf:resource="#-NEZP4POXEeGsnI1J7skWlw"/>
</rtc_cm:task>
<rtc_cm:defect rdf:ID="-NEdhUPOXEeGsnI1J7skWlw">
<dc:title>Fix Defect: (defect name)</dc:title>
<dc:description>&#13;&#10;&#13;&#10;See &lt;a href=&quot;../../../clm/process.clm_solution.base-ibm/deliveryprocesses/Fix%20Defect_676C27A7.html&quot;&gt;detailed description&lt;/a&gt;.</dc:description>
<rtc_cm:filedAgainst rdf:resource="${filedAgainst:Category}"/>
<rtc_cm:plannedFor rdf:resource="${plannedFor:Iteration}"/>
<rtc_cm:com.ibm.team.workitem.linktype.parentworkitem.parent rdf:resource="#-NETwUPOXEeGsnI1J7skWlw"/>
</rtc_cm:defect>
<rtc_cm:task rdf:ID="-NEgkoPOXEeGsnI1J7skWlw">
<dc:title>Prepare User Documentation</dc:title>
<dc:description>&#13;&#10;&#13;&#10;See &lt;a href=&quot;../../../clm/process.clm_solution.base-ibm/deliveryprocesses/Prepare%20User%20Documentation_61D388A3.html&quot;&gt;detailed description&lt;/a&gt;.</dc:description>
<rtc_cm:filedAgainst rdf:resource="${filedAgainst:Category}"/>
<rtc_cm:plannedFor rdf:resource="${plannedFor:Iteration}"/>
<rtc_cm:com.ibm.team.workitem.linktype.blocksworkitem.dependsOn rdf:resource="#-NEFt4POXEeGsnI1J7skWlw"/>
</rtc_cm:task>
<rtc_cm:task rdf:ID="-NEiZ0POXEeGsnI1J7skWlw">
<dc:title>Outline Solution Approach</dc:title>
<dc:description>&#13;&#10;&#13;&#10;See &lt;a href=&quot;../../../clm/process.clm_solution.base-ibm/deliveryprocesses/outline_solution_approach_slot.train_CEF280E7.html&quot;&gt;detailed description&lt;/a&gt;.</dc:description>
<rtc_cm:filedAgainst rdf:resource="${filedAgainst:Category}"/>
<rtc_cm:plannedFor rdf:resource="${plannedFor:Iteration}"/>
<rtc_cm:com.ibm.team.workitem.linktype.parentworkitem.parent rdf:resource="#-NEgkoPOXEeGsnI1J7skWlw"/>
</rtc_cm:task>
<rtc_cm:task rdf:ID="-NEjn8POXEeGsnI1J7skWlw">
<dc:title>Detail Solution Development Plans</dc:title>
<dc:description>&#13;&#10;&#13;&#10;See &lt;a href=&quot;../../../clm/process.clm_solution.base-ibm/deliveryprocesses/detail_sol_dev_plans_slot.train_821D771C.html&quot;&gt;detailed description&lt;/a&gt;.</dc:description>
<rtc_cm:filedAgainst rdf:resource="${filedAgainst:Category}"/>
<rtc_cm:plannedFor rdf:resource="${plannedFor:Iteration}"/>
<rtc_cm:com.ibm.team.workitem.linktype.parentworkitem.parent rdf:resource="#-NEgkoPOXEeGsnI1J7skWlw"/>
</rtc_cm:task>
<rtc_cm:task rdf:ID="-NEldIPOXEeGsnI1J7skWlw">
<dc:title>Design User Support and Training</dc:title>
<dc:description>&#13;&#10;&#13;&#10;See &lt;a href=&quot;../../../clm/process.clm_solution.base-ibm/deliveryprocesses/design_support_training_slot.train_4D786515.html&quot;&gt;detailed description&lt;/a&gt;.</dc:description>
<rtc_cm:filedAgainst rdf:resource="${filedAgainst:Category}"/>
<rtc_cm:plannedFor rdf:resource="${plannedFor:Iteration}"/>
<rtc_cm:com.ibm.team.workitem.linktype.parentworkitem.parent rdf:resource="#-NEgkoPOXEeGsnI1J7skWlw"/>
</rtc_cm:task>
<rtc_cm:task rdf:ID="-NEn5YPOXEeGsnI1J7skWlw">
<dc:title>Develop User Support and Training</dc:title>
<dc:description>&#13;&#10;&#13;&#10;See &lt;a href=&quot;../../../clm/process.clm_solution.base-ibm/deliveryprocesses/develop_support_training_slot.train_26656AC2.html&quot;&gt;detailed description&lt;/a&gt;.</dc:description>
<rtc_cm:filedAgainst rdf:resource="${filedAgainst:Category}"/>
<rtc_cm:plannedFor rdf:resource="${plannedFor:Iteration}"/>
<rtc_cm:com.ibm.team.workitem.linktype.parentworkitem.parent rdf:resource="#-NEgkoPOXEeGsnI1J7skWlw"/>
</rtc_cm:task>
<rtc_cm:task rdf:ID="-NEpHgPOXEeGsnI1J7skWlw">
<dc:title>Stabilize</dc:title>
<dc:description>&#13;&#10;&#13;&#10;See &lt;a href=&quot;../../../clm/process.clm_solution.base-ibm/deliveryprocesses/Stabilize_EEE2FD1F.html&quot;&gt;detailed description&lt;/a&gt;.</dc:description>
<rtc_cm:filedAgainst rdf:resource="${filedAgainst:Category}"/>
<rtc_cm:plannedFor rdf:resource="${plannedFor:Iteration}"/>
</rtc_cm:task>
<rtc_cm:defect rdf:ID="-NEq8sPOXEeGsnI1J7skWlw">
<dc:title>Fix Defect: (defect name)</dc:title>
<dc:description>&#13;&#10;&#13;&#10;See &lt;a href=&quot;../../../clm/process.clm_solution.base-ibm/deliveryprocesses/Fix%20Defect_DBA0B6CB.html&quot;&gt;detailed description&lt;/a&gt;.</dc:description>
<rtc_cm:filedAgainst rdf:resource="${filedAgainst:Category}"/>
<rtc_cm:plannedFor rdf:resource="${plannedFor:Iteration}"/>
<rtc_cm:com.ibm.team.workitem.linktype.parentworkitem.parent rdf:resource="#-NEpHgPOXEeGsnI1J7skWlw"/>
</rtc_cm:defect>
<rtc_cm:com.ibm.team.workitem.workItemType.retrospective rdf:ID="-NEsx4POXEeGsnI1J7skWlw">
<dc:title>Assess Iteration Results (Team Level)</dc:title>
<dc:description>Determine success or failure of the iteration. Apply the lessons learned to modify the project or improve the process.&#13;&#10;&#13;&#10;See &lt;a href=&quot;../../../clm/process.clm_solution.base-ibm/deliveryprocesses/assess_iteration_results_team.assign_24A0C215.html&quot;&gt;detailed description&lt;/a&gt;.</dc:description>
<rtc_cm:filedAgainst rdf:resource="${filedAgainst:Category}"/>
<rtc_cm:plannedFor rdf:resource="${plannedFor:Iteration}"/>
<rtc_cm:com.ibm.team.workitem.linktype.parentworkitem.parent rdf:resource="#-NEpHgPOXEeGsnI1J7skWlw"/>
</rtc_cm:com.ibm.team.workitem.workItemType.retrospective>
<rtc_cm:task rdf:ID="-NEunEPOXEeGsnI1J7skWlw">
<dc:title>Update Process</dc:title>
<dc:description>This task describes how to rollout a development process to the project team.&#13;&#10;&#13;&#10;See &lt;a href=&quot;../../../clm/process.clm_solution.base-ibm/deliveryprocesses/deploy_process_E87942A0.html&quot;&gt;detailed description&lt;/a&gt;.</dc:description>
<rtc_cm:filedAgainst rdf:resource="${filedAgainst:Category}"/>
<rtc_cm:plannedFor rdf:resource="${plannedFor:Iteration}"/>
<rtc_cm:com.ibm.team.workitem.linktype.parentworkitem.parent rdf:resource="#-NEpHgPOXEeGsnI1J7skWlw"/>
</rtc_cm:task>
</rtc_cm:workItems>
</rtc_cm:WorkItemTemplate>